Indicator,S.No.,Parameters,Type,State - All India - Total [(A+B) or (C+D)],State - All India - Public [A],State - All India - Private [B],State - All India - Urban [C],State - All India - Rural [D],State - A & N Islands - Total [(A+B) or (C+D)],State - A & N Islands - Public [A],State - A & N Islands - Private [B],State - A & N Islands - Urban [C],State - A & N Islands - Rural [D],State - Andhra Pradesh - Total [(A+B) or (C+D)],State - Andhra Pradesh - Public [A],State - Andhra Pradesh - Private [B],State - Andhra Pradesh - Urban [C],State - Andhra Pradesh - Rural [D],State - Arunachal Pradesh - Total [(A+B) or (C+D)],State - Arunachal Pradesh - Public [A],State - Arunachal Pradesh - Private [B],State - Arunachal Pradesh - Urban [C],State - Arunachal Pradesh - Rural [D],State - Assam - Total [(A+B) or (C+D)],State - Assam - Public [A],State - Assam - Private [B],State - Assam - Urban [C],State - Assam - Rural [D],State - Bihar - Total [(A+B) or (C+D)],State - Bihar - Public [A],State - Bihar - Private [B],State - Bihar - Urban [C],State - Bihar - Rural [D],State - Chandigarh - Total [(A+B) or (C+D)],State - Chandigarh - Public [A],State - Chandigarh - Private [B],State - Chandigarh - Urban [C],State - Chandigarh - Rural [D],State - Chhattisgarh - Total [(A+B) or (C+D)],State - Chhattisgarh - Public [A],State - Chhattisgarh - Private [B],State - Chhattisgarh - Urban [C],State - Chhattisgarh - Rural [D],State - Dadra & Nagar Haveli - Total [(A+B) or (C+D)],State - Dadra & Nagar Haveli - Public [A],State - Dadra & Nagar Haveli - Private [B],State - Dadra & Nagar Haveli - Urban [C],State - Dadra & Nagar Haveli - Rural [D],State - Daman & Diu - Total [(A+B) or (C+D)],State - Daman & Diu - Public [A],State - Daman & Diu - Private [B],State - Daman & Diu - Urban [C],State - Daman & Diu - Rural [D],State - Delhi - Total [(A+B) or (C+D)],State - Delhi - Public [A],State - Delhi - Private [B],State - Delhi - Urban [C],State - Delhi - Rural [D],State - Goa - Total [(A+B) or (C+D)],State - Goa - Public [A],State - Goa - Private [B],State - Goa - Urban [C],State - Goa - Rural [D],State - Gujarat - Total [(A+B) or (C+D)],State - Gujarat - Public [A],State - Gujarat - Private [B],State - Gujarat - Urban [C],State - Gujarat - Rural [D],State - Haryana - Total [(A+B) or (C+D)],State - Haryana - Public [A],State - Haryana - Private [B],State - Haryana - Urban [C],State - Haryana - Rural [D],State - Himachal Pradesh - Total [(A+B) or (C+D)],State - Himachal Pradesh - Public [A],State - Himachal Pradesh - Private [B],State - Himachal Pradesh - Urban [C],State - Himachal Pradesh - Rural [D],State - Jammu & Kashmir - Total [(A+B) or (C+D)],State - Jammu & Kashmir - Public [A],State - Jammu & Kashmir - Private [B],State - Jammu & Kashmir - Urban [C],State - Jammu & Kashmir - Rural [D],State - Jharkhand - Total [(A+B) or (C+D)],State - Jharkhand - Public [A],State - Jharkhand - Private [B],State - Jharkhand - Urban [C],State - Jharkhand - Rural [D],State - Karnataka - Total [(A+B) or (C+D)],State - Karnataka - Public [A],State - Karnataka - Private [B],State - Karnataka - Urban [C],State - Karnataka - Rural [D],State - Kerala - Total [(A+B) or (C+D)],State - Kerala - Public [A],State - Kerala - Private [B],State - Kerala - Urban [C],State - Kerala - Rural [D],State - Lakshadweep - Total [(A+B) or (C+D)],State - Lakshadweep - Public [A],State - Lakshadweep - Private [B],State - Lakshadweep - Urban [C],State - Lakshadweep - Rural [D],State - M/O Defence - Total [(A+B) or (C+D)],State - M/O Defence - Public [A],State - M/O Defence - Private [B],State - M/O Defence - Urban [C],State - M/O Defence - Rural [D],State - M/O Railways - Total [(A+B) or (C+D)],State - M/O Railways - Public [A],State - M/O Railways - Private [B],State - M/O Railways - Urban [C],State - M/O Railways - Rural [D],State - Madhya Pradesh - Total [(A+B) or (C+D)],State - Madhya Pradesh - Public [A],State - Madhya Pradesh - Private [B],State - Madhya Pradesh - Urban [C],State - Madhya Pradesh - Rural [D],State - Maharashtra - Total [(A+B) or (C+D)],State - Maharashtra - Public [A],State - Maharashtra - Private [B],State - Maharashtra - Urban [C],State - Maharashtra - Rural [D],State - Manipur - Total [(A+B) or (C+D)],State - Manipur - Public [A],State - Manipur - Private [B],State - Manipur - Urban [C],State - Manipur - Rural [D],State - Meghalaya - Total [(A+B) or (C+D)],State - Meghalaya - Public [A],State - Meghalaya - Private [B],State - Meghalaya - Urban [C],State - Meghalaya - Rural [D],State - Mizoram - Total [(A+B) or (C+D)],State - Mizoram - Public [A],State - Mizoram - Private [B],State - Mizoram - Urban [C],State - Mizoram - Rural [D],State - Nagaland - Total [(A+B) or (C+D)],State - Nagaland - Public [A],State - Nagaland - Private [B],State - Nagaland - Urban [C],State - Nagaland - Rural [D],State - Odisha - Total [(A+B) or (C+D)],State - Odisha - Public [A],State - Odisha - Private [B],State - Odisha - Urban [C],State - Odisha - Rural [D],State - Puducherry - Total [(A+B) or (C+D)],State - Puducherry - Public [A],State - Puducherry - Private [B],State - Puducherry - Urban [C],State - Puducherry - Rural [D],State - Punjab - Total [(A+B) or (C+D)],State - Punjab - Public [A],State - Punjab - Private [B],State - Punjab - Urban [C],State - Punjab - Rural [D],State - Rajasthan - Total [(A+B) or (C+D)],State - Rajasthan - Public [A],State - Rajasthan - Private [B],State - Rajasthan - Urban [C],State - Rajasthan - Rural [D],State - Sikkim - Total [(A+B) or (C+D)],State - Sikkim - Public [A],State - Sikkim - Private [B],State - Sikkim - Urban [C],State - Sikkim - Rural [D],State - Tamil Nadu - Total [(A+B) or (C+D)],State - Tamil Nadu - Public [A],State - Tamil Nadu - Private [B],State - Tamil Nadu - Urban [C],State - Tamil Nadu - Rural [D],State - Telangana - Total [(A+B) or (C+D)],State - Telangana - Public [A],State - Telangana - Private [B],State - Telangana - Urban [C],State - Telangana - Rural [D],State - Tripura - Total [(A+B) or (C+D)],State - Tripura - Public [A],State - Tripura - Private [B],State - Tripura - Urban [C],State - Tripura - Rural [D],State - Uttar Pradesh - Total [(A+B) or (C+D)],State - Uttar Pradesh - Public [A],State - Uttar Pradesh - Private [B],State - Uttar Pradesh - Urban [C],State - Uttar Pradesh - Rural [D],State - Uttarakhand - Total [(A+B) or (C+D)],State - Uttarakhand - Public [A],State - Uttarakhand - Private [B],State - Uttarakhand - Urban [C],State - Uttarakhand - Rural [D],State - West Bengal - Total [(A+B) or (C+D)],State - West Bengal - Public [A],State - West Bengal - Private [B],State - West Bengal - Urban [C],State - West Bengal - Rural [D]
M1 [Ante Natal Care (ANC)],'1.1',Total number of pregnant women registered for ANC,TOTAL,2377679,2275820,101859,459460,1918219,414,414,NA,99,315,73042,73042,0,15830,57212,2509,2292,217,67,2442,63312,59833,3479,4195,59117,308215,307039,1176,34890,273325,4342,4342,NA,2212,2130,50863,49365,1498,7403,43460,836,836,NA,204,632,573,573,0,157,416,68788,57627,11161,44389,24399,2443,1824,619,285,2158,120999,120221,778,38374,82625,56711,56711,0,14748,41963,10280,10280,0,46,10234,27970,24420,3550,4916,23054,78178,70668,7510,6346,71832,92770,81809,10961,24906,67864,43631,41122,2509,5478,38153,126,126,NA,NA,126,NA,NA,NA,NA,NA,NA,NA,NA,NA,NA,166064,159044,7020,27951,138113,175999,162770,13229,60965,115034,5182,4741,441,247,4935,12025,10318,1707,395,11630,1951,1951,0,640,1311,3504,2458,1046,872,2632,61248,60029,1219,4435,56813,9349,6938,2411,6865,2484,42171,42039,132,10003,32168,156605,149644,6961,33194,123411,832,714,118,97,735,90235,90235,NA,25534,64701,67325,67325,0,23680,43645,5636,5636,NA,396,5240,401164,381304,19860,37866,363298,18872,18102,770,2035,16837,153515,150028,3487,19740,133775
M1 [Ante Natal Care (ANC)],'1.1.1',"Out of the total ANC registered, number registered within 1st trimester (within 12 weeks)",TOTAL,1711984,1647564,64420,302160,1409824,317,317,NA,84,233,59872,59872,0,10406,49466,911,891,20,15,896,55736,52737,2999,3434,52302,207339,207117,222,22427,184912,2940,2940,NA,2008,932,45529,43650,1879,6637,38892,819,819,NA,204,615,509,509,0,166,343,30949,26287,4662,22310,8639,1399,1052,347,166,1233,103152,102062,1090,31361,71791,41801,41801,0,9056,32745,8842,8842,0,37,8805,18987,17256,1731,2431,16556,49086,43844,5242,3586,45500,74762,67677,7085,17261,57501,36739,35554,1185,3449,33290,119,119,NA,NA,119,NA,NA,NA,NA,NA,NA,NA,NA,NA,NA,112936,107764,5172,17743,95193,151034,139332,11702,45765,105269,3146,2865,281,175,2971,4114,3763,351,194,3920,1489,1489,0,485,1004,1047,612,435,361,686,52579,52173,406,3350,49229,2461,1799,662,1618,843,33998,33901,97,7092,26906,109650,105320,4330,19944,89706,664,586,78,46,618,83377,83377,NA,21977,61400,47553,47553,0,14381,33172,3938,3938,NA,234,3704,216663,204042,12621,21296,195367,13028,12563,465,1461,11567,134499,133141,1358,11000,123499
M1 [Ante Natal Care (ANC)],'1.2.1',Number of PW given TT1,TOTAL,1671895,1583393,88502,316930,1354965,328,328,NA,78,250,61153,61153,0,11739,49414,1748,1649,99,56,1692,42233,39343,2890,3410,38823,169356,168908,448,18380,150976,2200,2200,NA,1822,378,39795,38484,1311,5875,33920,616,616,NA,171,445,554,554,0,171,383,23582,20707,2875,17779,5803,984,709,275,171,813,98250,97324,926,31135,67115,41411,40062,1349,10280,31131,7039,7010,29,41,6998,14789,13126,1663,2498,12291,54556,49151,5405,3074,51482,77144,64559,12585,23735,53409,35708,19664,16044,5011,30697,102,102,NA,NA,102,NA,NA,NA,NA,NA,NA,NA,NA,NA,NA,122531,117934,4597,20513,102018,121675,108590,13085,38999,82676,3335,3071,264,192,3143,3456,3266,190,147,3309,909,874,35,255,654,1664,1371,293,248,1416,46503,45539,964,3393,43110,1567,1104,463,1082,485,37604,36396,1208,8821,28783,97718,92655,5063,19851,77867,596,585,11,74,522,77172,70687,6485,25721,51451,57499,57499,0,18776,38723,4464,4454,10,278,4186,278532,270739,7793,27869,250663,14923,14300,623,1431,13492,130199,128680,1519,13854,116345
M1 [Ante Natal Care (ANC)],'1.2.2',Number of PW given TT2,TOTAL,1401023,1328109,72914,263751,1137272,199,199,NA,37,162,60033,57263,2770,13730,46303,1286,1208,78,29,1257,34763,32141,2622,3186,31577,139114,138721,393,15488,123626,1520,1520,NA,1297,223,35297,34116,1181,5435,29862,468,468,NA,131,337,477,477,0,153,324,18139,15552,2587,13597,4542,821,602,219,125,696,81049,80407,642,23843,57206,34606,33477,1129,8353,26253,5906,5898,8,43,5863,14341,13457,884,1576,12765,41809,38192,3617,2073,39736,68480,59254,9226,20075,48405,31592,17632,13960,4025,27567,55,55,NA,NA,55,NA,NA,NA,NA,NA,NA,NA,NA,NA,NA,103988,99979,4009,17314,86674,103528,92583,10945,30856,72672,2219,2049,170,89,2130,2534,2390,144,103,2431,695,659,36,157,538,991,780,211,169,822,41973,41113,860,3136,38837,1417,1050,367,1003,414,36230,35122,1108,8418,27812,74715,70829,3886,13667,61048,602,597,5,78,524,73852,67307,6545,24750,49102,53755,53755,0,17981,35774,3850,3826,24,243,3607,210255,206641,3614,20413,189842,12537,12115,422,1272,11265,107927,106675,1252,10906,97021
M1 [Ante Natal Care (ANC)],'1.2.3',Number of PW given TT Booster,TOTAL,487746,466916,20830,88332,399414,57,57,NA,13,44,6662,5467,1195,3289,3373,252,232,20,3,249,3599,3383,216,137,3462,109126,108977,149,12848,96278,446,446,NA,402,44,10385,10172,213,1583,8802,241,241,NA,33,208,75,75,0,39,36,3175,2511,664,2763,412,158,119,39,34,124,29464,28966,498,10230,19234,16181,15957,224,3795,12386,2499,2499,0,7,2492,3561,3273,288,432,3129,12982,11061,1921,1608,11374,26589,23368,3221,6403,20186,1714,1084,630,321,1393,17,17,NA,NA,17,NA,NA,NA,NA,NA,NA,NA,NA,NA,NA,36535,34519,2016,6357,30178,54194,49121,5073,15623,38571,520,494,26,0,520,1599,1561,38,40,1559,386,382,4,60,326,315,211,104,26,289,4685,4662,23,337,4348,251,74,177,210,41,3033,3019,14,676,2357,51238,49579,1659,6804,44434,65,65,0,5,60,14847,14826,21,2095,12752,6036,6036,0,1883,4153,330,330,NA,5,325,71122,68992,2130,9101,62021,2847,2803,44,290,2557,12560,12337,223,880,11680
M1 [Ante Natal Care (ANC)],'1.2.4',Number of PW given 180 Iron Folic Acid (IFA) tablets,TOTAL,1968758,1906201,62557,375198,1593560,260,260,NA,65,195,70382,68818,1564,15525,54857,1390,1282,108,175,1215,58790,55071,3719,4018,54772,215734,215184,550,26726,189008,2120,2120,NA,1635,485,48505,47377,1128,7105,41400,722,722,NA,147,575,985,985,0,230,755,44011,41514,2497,16133,27878,1717,1347,370,226,1491,109893,109392,501,32435,77458,38252,37912,340,8500,29752,8078,7745,333,38,8040,10238,9661,577,840,9398,61065,59196,1869,2089,58976,99064,91309,7755,20803,78261,40805,33498,7307,4232,36573,117,117,NA,NA,117,NA,NA,NA,NA,NA,NA,NA,NA,NA,NA,149762,143490,6272,25974,123788,162722,151917,10805,48394,114328,1987,1877,110,60,1927,4413,3792,621,184,4229,648,648,0,115,533,731,649,82,93,638,50402,49612,790,3132,47270,5715,1022,4693,5199,516,23441,23277,164,7373,16068,98452,94926,3526,22288,76164,541,541,0,16,525,85761,85761,NA,23298,62463,71287,71287,0,29107,42180,3497,3481,16,192,3305,379391,373065,6326,55887,323504,11601,11511,90,1287,10314,106279,105835,444,11677,94602
M1 [Ante Natal Care (ANC)],'1.2.5',Number of PW given 360 Calcium tablets,TOTAL,1469897,1418666,51231,301003,1168894,180,180,NA,49,131,52310,51029,1281,12318,39992,1144,998,146,156,988,49731,46839,2892,3459,46272,153457,152907,550,21397,132060,3036,3036,NA,1818,1218,37504,36370,1134,5629,31875,548,548,NA,147,401,1037,1037,0,249,788,42065,39653,2412,14301,27764,1709,1339,370,226,1483,109258,108763,495,31709,77549,36616,36076,540,7868,28748,7657,7324,333,37,7620,7759,7179,580,829,6930,42830,41054,1776,1494,41336,90309,83451,6858,19731,70578,22080,15366,6714,3234,18846,117,117,NA,NA,117,NA,NA,NA,NA,NA,NA,NA,NA,NA,NA,127286,122370,4916,22423,104863,152542,140062,12480,43905,108637,946,840,106,56,890,3368,2711,657,138,3230,526,526,0,121,405,325,265,60,63,262,35298,34646,652,2116,33182,1035,1035,0,504,531,18128,17953,175,6196,11932,86543,84586,1957,20032,66511,566,566,0,33,533,50661,50661,NA,12164,38497,59601,59601,0,23954,35647,1275,1259,16,92,1183,189202,185475,3727,33645,155557,11216,11126,90,1517,9699,72032,71718,314,9393,62639
M1 [Ante Natal Care (ANC)],'1.2.6',Number of PW given one Albendazole tablet after 1st trimester,TOTAL,975816,958970,16846,162414,813402,206,206,NA,57,149,27313,27102,211,4810,22503,401,163,238,0,401,26938,26268,670,1048,25890,73627,73627,0,6998,66629,2026,2026,NA,1596,430,35559,34826,733,5035,30524,536,536,NA,146,390,519,519,0,104,415,14527,14201,326,10622,3905,658,567,91,22,636,96910,96632,278,27987,68923,34704,34254,450,6679,28025,6669,6669,0,29,6640,5257,4906,351,420,4837,21808,21628,180,527,21281,67027,64350,2677,14066,52961,2171,1531,640,388,1783,17,17,NA,NA,17,NA,NA,NA,NA,NA,NA,NA,NA,NA,NA,103639,101679,1960,14801,88838,106140,99584,6556,25717,80423,296,271,25,1,295,2118,2118,0,68,2050,421,197,224,278,143,178,178,0,11,167,32843,32808,35,1787,31056,1098,1098,0,689,409,12941,12875,66,3647,9294,63559,63455,104,6451,57108,358,358,0,0,358,48076,48076,NA,11109,36967,21539,21539,0,5851,15688,132,132,NA,0,132,70767,69780,987,7158,63609,1857,1857,0,363,1494,92981,92937,44,3949,89032
M1 [Ante Natal Care (ANC)],'1.2.7',Number of PW received 4 or more ANC check ups,TOTAL,1699494,1629508,69986,291774,1407720,503,503,NA,66,437,68344,65565,2779,13073,55271,687,683,4,15,672,38626,36517,2109,2963,35663,186851,186851,0,19122,167729,2943,2943,NA,1761,1182,45195,43360,1835,7059,38136,549,549,NA,147,402,593,593,0,150,443,34373,31058,3315,11398,22975,1665,1359,306,135,1530,100794,99962,832,29551,71243,34261,34261,0,7607,26654,6439,6383,56,29,6410,22651,22147,504,971,21680,61561,54169,7392,4781,56780,91463,82336,9127,20552,70911,41962,35759,6203,3311,38651,102,102,NA,NA,102,NA,NA,NA,NA,NA,NA,NA,NA,NA,NA,118886,113558,5328,21126,97760,156254,145265,10989,43977,112277,2518,2337,181,129,2389,4624,4135,489,249,4375,961,865,96,394,567,623,372,251,191,432,46393,45455,938,3502,42891,4183,4173,10,2600,1583,25935,25901,34,6931,19004,78849,78380,469,15662,63187,462,462,0,49,413,78844,78844,NA,21586,57258,56819,56819,0,23307,33512,3142,3141,1,177,2965,273228,258463,14765,19428,253800,10979,10688,291,1325,9654,97232,95550,1682,8450,88782
M1 [Ante Natal Care (ANC)],'1.2.8',Number of PW given ANC Corticosteroids in Pre Term Labour,TOTAL,32230,28806,3424,7200,25030,4,4,NA,0,4,817,797,20,233,584,14,14,0,0,14,620,602,18,15,605,1203,1203,0,39,1164,166,166,NA,29,137,858,692,166,165,693,135,135,NA,0,135,0,0,0,0,0,1589,1045,544,631,958,110,110,0,0,110,2198,2150,48,253,1945,651,651,0,6,645,185,185,0,0,185,524,499,25,25,499,502,445,57,32,470,2617,1890,727,696,1921,500,195,305,125,375,1,1,NA,NA,1,NA,NA,NA,NA,NA,NA,NA,NA,NA,NA,2707,2345,362,565,2142,3914,3066,848,792,3122,8,4,4,0,8,77,38,39,0,77,5,5,0,0,5,3,1,2,2,1,451,383,68,3,448,18,17,1,1,17,419,419,0,102,317,2171,2164,7,1061,1110,0,0,NA,0,0,1634,1634,NA,533,1101,880,880,0,142,738,9,9,NA,0,9,2803,2671,132,211,2592,66,62,4,10,56,4371,4324,47,1529,2842
M1 [Ante Natal Care (ANC)],'1.3.1',New cases of PW with hypertension detected,TOTAL,44580,39602,4978,10430,34150,38,38,NA,1,37,1226,1226,0,415,811,73,68,5,1,72,1539,1307,232,224,1315,2153,2153,0,207,1946,134,134,NA,26,108,1063,943,120,165,898,46,46,NA,0,46,3,3,0,1,2,1626,1404,222,307,1319,95,83,12,6,89,1896,1799,97,372,1524,851,839,12,93,758,146,141,5,0,146,753,683,70,84,669,881,833,48,43,838,3935,2644,1291,1337,2598,1405,566,839,243,1162,4,4,NA,NA,4,NA,NA,NA,NA,NA,NA,NA,NA,NA,NA,3627,3048,579,1008,2619,3453,2670,783,965,2488,34,23,11,8,26,324,301,23,3,321,99,99,0,2,97,35,28,7,7,28,1051,953,98,78,973,215,215,0,124,91,804,804,0,148,656,2252,1933,319,1421,831,23,23,NA,7,16,3299,3299,NA,825,2474,1494,1477,17,771,723,59,59,NA,2,57,5720,5596,124,371,5349,220,219,1,18,202,4004,3941,63,1147,2857
M1 [Ante Natal Care (ANC)],'1.3.1.a',"Out of the new cases of PW with hypertension detected, cases managed at institution",TOTAL,31717,28426,3291,7968,23749,35,35,NA,1,34,855,855,0,263,592,43,38,5,1,42,1050,832,218,211,839,1232,1201,31,156,1076,130,130,NA,23,107,983,879,104,140,843,46,46,NA,0,46,0,0,0,0,0,1260,1135,125,262,998,87,76,11,5,82,1661,1584,77,470,1191,546,536,10,58,488,118,116,2,0,118,664,625,39,48,616,732,695,37,26,706,2843,2090,753,839,2004,808,322,486,221,587,3,3,NA,NA,3,NA,NA,NA,NA,NA,NA,NA,NA,NA,NA,2671,2261,410,836,1835,2712,2077,635,723,1989,28,18,10,7,21,269,248,21,2,267,7,7,0,0,7,29,22,7,7,22,718,639,79,68,650,200,200,0,110,90,396,396,0,97,299,1687,1557,130,964,723,7,7,NA,0,7,2505,2505,NA,707,1798,980,978,2,534,446,37,37,NA,0,37,3501,3461,40,169,3332,196,196,0,11,185,2678,2619,59,1009,1669
M1 [Ante Natal Care (ANC)],'1.3.2',Number of Eclampsia cases managed during delivery,TOTAL,4693,4308,385,684,4009,0,0,NA,0,0,194,194,0,35,159,4,4,0,0,4,103,100,3,5,98,583,577,6,2,581,7,7,NA,0,7,179,156,23,6,173,3,3,NA,0,3,0,0,0,0,0,94,87,7,9,85,9,9,0,0,9,173,173,0,19,154,51,51,0,0,51,19,17,2,0,19,60,59,1,1,59,106,101,5,2,104,476,310,166,98,378,31,14,17,7,24,0,0,NA,NA,0,NA,NA,NA,NA,NA,NA,NA,NA,NA,NA,361,343,18,55,306,445,353,92,83,362,0,0,0,0,0,22,17,5,0,22,0,0,0,0,0,4,3,1,1,3,227,216,11,1,226,13,13,0,8,5,43,43,0,3,40,241,221,20,132,109,1,1,NA,0,1,277,277,NA,33,244,100,99,1,22,78,42,42,NA,0,42,205,198,7,3,202,12,12,0,0,12,608,608,0,159,449
M1 [Ante Natal Care (ANC)],'1.4.1',Number of PW tested for Haemoglobin (Hb ) 4 or more than 4 times for respective ANCs,TOTAL,1804272,1745562,58710,300000,1504272,790,790,NA,147,643,65660,65069,591,6695,58965,751,654,97,21,730,42463,41057,1406,1971,40492,142854,142854,0,14223,128631,2827,2827,NA,1684,1143,51965,50787,1178,6863,45102,558,558,NA,168,390,501,501,0,213,288,20471,18672,1799,9701,10770,1952,1659,293,277,1675,113158,112346,812,31675,81483,31988,31988,0,6132,25856,7242,7236,6,20,7222,18986,17521,1465,2094,16892,62595,56235,6360,4308,58287,91513,84156,7357,18836,72677,14023,8845,5178,858,13165,141,141,NA,NA,141,NA,NA,NA,NA,NA,NA,NA,NA,NA,NA,138971,133938,5033,24474,114497,157496,146707,10789,38496,119000,754,605,149,60,694,2918,2844,74,76,2842,528,528,0,208,320,171,108,63,63,108,44818,44374,444,3378,41440,806,796,10,450,356,27998,27998,0,7274,20724,56604,56306,298,9119,47485,290,290,NA,0,290,219149,219149,NA,61286,157863,69247,69112,135,24067,45180,2471,2471,NA,111,2360,296457,281611,14846,18835,277622,9896,9688,208,1857,8039,105260,105141,119,4360,100900
M1 [Ante Natal Care (ANC)],'1.4.2',Number of PW having Hb level<11 (tested cases)(7.1 to 10.9),TOTAL,1643464,1607549,35915,294949,1348515,570,570,NA,97,473,41360,41293,67,2889,38471,729,698,31,21,708,42847,40930,1917,1695,41152,97494,97348,146,11217,86277,1474,1474,NA,782,692,41568,41247,321,3714,37854,425,425,NA,86,339,283,283,0,74,209,29358,27289,2069,17900,11458,620,575,45,35,585,77953,77210,743,14715,63238,47293,47287,6,9710,37583,9550,9486,64,19,9531,19977,19114,863,1319,18658,42637,40136,2501,1572,41065,86853,79672,7181,18845,68008,9021,5656,3365,728,8293,96,96,NA,NA,96,NA,NA,NA,NA,NA,NA,NA,NA,NA,NA,118804,114102,4702,21354,97450,144919,138123,6796,37408,107511,738,570,168,86,652,7028,6685,343,195,6833,1112,1112,0,193,919,671,628,43,33,638,36842,36566,276,2191,34651,2611,2608,3,1723,888,36859,36859,0,8514,28345,119653,118139,1514,21693,97960,182,182,NA,8,174,253996,253996,NA,71265,182731,59955,59850,105,18100,41855,2602,2602,NA,201,2401,213432,211571,1861,12714,200718,13233,13223,10,2885,10348,80719,79944,775,10968,69751
M1 [Ante Natal Care (ANC)],'1.4.3',Number of PW having Hb level<7 (tested cases),TOTAL,80034,75818,4216,13560,66474,15,15,NA,2,13,1026,1021,5,205,821,27,27,0,0,27,1840,1711,129,67,1773,4719,4597,122,471,4248,64,64,NA,50,14,1297,1215,82,131,1166,27,27,NA,0,27,1,1,0,1,0,1789,1505,284,710,1079,15,14,1,0,15,6869,6776,93,654,6215,2975,2969,6,271,2704,85,79,6,0,85,4067,4025,42,60,4007,1302,1124,178,42,1260,4520,4022,498,766,3754,388,184,204,12,376,3,3,NA,NA,3,NA,NA,NA,NA,NA,NA,NA,NA,NA,NA,8412,7829,583,1673,6739,7418,6591,827,1826,5592,8,5,3,1,7,398,302,96,2,396,26,26,0,1,25,14,5,9,9,5,1181,1016,165,51,1130,194,160,34,184,10,1238,1233,5,257,981,4358,3981,377,1640,2718,3,3,NA,0,3,5741,5741,NA,1200,4541,4802,4780,22,1986,2816,88,88,NA,5,83,13941,13525,416,740,13201,264,263,1,104,160,919,891,28,439,480
M1 [Ante Natal Care (ANC)],'1.4.4',Number of PW having severe anaemia (Hb<7) treated,TOTAL,50364,46592,3772,9569,40795,15,15,NA,2,13,1098,1093,5,495,603,22,22,0,0,22,687,615,72,20,667,1463,1341,122,233,1230,53,53,NA,39,14,1186,1114,72,109,1077,27,27,NA,0,27,0,0,0,0,0,1007,902,105,206,801,13,12,1,0,13,6943,6456,487,795,6148,2133,2062,71,222,1911,52,48,4,0,52,3016,2979,37,48,2968,892,730,162,27,865,2462,2158,304,502,1960,282,130,152,11,271,2,2,NA,NA,2,NA,NA,NA,NA,NA,NA,NA,NA,NA,NA,5054,4504,550,1376,3678,6880,6088,792,1598,5282,6,5,1,0,6,251,229,22,2,249,13,13,0,1,12,13,4,9,9,4,1025,913,112,49,976,179,148,31,177,2,826,821,5,136,690,3412,3215,197,1447,1965,0,0,NA,0,0,2006,2006,NA,609,1397,1570,1555,15,528,1042,75,75,NA,1,74,6790,6378,412,440,6350,182,182,0,104,78,729,697,32,383,346
M1 [Ante Natal Care (ANC)],'1.5.1',Number of PW tested for blood sugar using OGTT (Oral Glucose Tolerance Test),TOTAL,366065,341528,24537,83558,282507,363,363,NA,37,326,2846,2846,0,304,2542,864,767,97,7,857,2008,1924,84,156,1852,5183,5183,0,450,4733,1302,1302,NA,927,375,10361,9248,1113,1824,8537,96,96,NA,0,96,298,298,0,111,187,18611,17483,1128,7888,10723,1768,1430,338,285,1483,10415,9514,901,3387,7028,10727,10671,56,2795,7932,6002,5990,12,0,6002,4598,4391,207,339,4259,6150,6094,56,455,5695,27425,20977,6448,8492,18933,11790,7155,4635,1842,9948,108,108,NA,NA,108,NA,NA,NA,NA,NA,NA,NA,NA,NA,NA,1575,1189,386,768,807,19454,12242,7212,7540,11914,455,421,34,6,449,755,395,360,0,755,274,249,25,47,227,0,0,0,0,0,7395,7191,204,330,7065,609,592,17,441,168,1466,1438,28,496,970,18407,18069,338,5364,13043,16,16,NA,NA,16,120946,120946,NA,27488,93458,4916,4896,20,2036,2880,23,23,NA,0,23,39746,39410,336,2844,36902,430,426,4,0,430,28683,28185,498,6899,21784
M1 [Ante Natal Care (ANC)],'1.5.2',Number of PW tested positive for GDM,TOTAL,11149,9721,1428,2408,8741,14,14,NA,0,14,166,166,0,2,164,5,5,0,0,5,475,466,9,1,474,789,789,0,0,789,57,57,NA,39,18,300,254,46,131,169,4,4,NA,0,4,0,0,0,0,0,1089,942,147,394,695,101,88,13,4,97,212,209,3,21,191,268,268,0,17,251,107,103,4,0,107,130,121,9,10,120,231,227,4,3,228,887,537,350,293,594,1042,576,466,190,852,7,7,NA,NA,7,NA,NA,NA,NA,NA,NA,NA,NA,NA,NA,730,728,2,14,716,442,245,197,144,298,2,2,0,0,2,47,26,21,0,47,9,9,0,1,8,0,0,0,0,0,86,40,46,15,71,129,129,0,94,35,24,24,0,5,19,122,122,0,121,1,0,0,NA,NA,0,2118,2118,NA,584,1534,27,27,0,9,18,1,1,NA,0,1,1202,1192,10,57,1145,1,1,0,0,1,325,224,101,259,66
M1 [Ante Natal Care (ANC)],'1.5.3',Number of PW given insulin out of total tested positive for GDM,TOTAL,2369,1775,594,733,1636,4,4,NA,0,4,40,40,0,2,38,0,0,0,0,0,2,2,0,1,1,189,189,0,0,189,15,15,NA,0,15,35,28,7,19,16,2,2,NA,0,2,0,0,0,0,0,188,136,52,28,160,33,29,4,4,29,57,56,1,7,50,21,21,0,0,21,17,13,4,0,17,6,1,5,5,1,1,0,1,1,0,304,129,175,104,200,356,198,158,69,287,2,2,NA,NA,2,NA,NA,NA,NA,NA,NA,NA,NA,NA,NA,2,0,2,2,0,158,90,68,66,92,0,0,0,0,0,3,2,1,0,3,0,0,0,0,0,0,0,0,0,0,34,0,34,15,19,50,50,0,36,14,2,2,0,0,2,119,119,0,119,0,0,0,NA,NA,0,577,577,NA,162,415,16,16,0,12,4,0,0,NA,0,0,24,22,2,1,23,0,0,0,0,0,112,32,80,80,32
M1 [Ante Natal Care (ANC)],'1.6.1.a',Number of PW tested using POC test for Syphilis,TOTAL,27928,27919,9,395,27533,20,20,NA,NA,20,292,292,NA,0,292,4,4,NA,0,4,328,319,9,118,210,263,263,NA,50,213,NA,NA,NA,NA,NA,266,266,NA,31,235,0,0,NA,NA,0,0,0,NA,0,0,8,8,NA,8,0,4,4,NA,NA,4,471,471,NA,0,471,542,542,NA,22,520,51,51,NA,3,48,5,5,NA,5,0,8408,8408,NA,117,8291,435,435,NA,0,435,3,3,NA,2,1,0,0,NA,NA,0,NA,NA,NA,NA,NA,NA,NA,NA,NA,NA,1275,1275,NA,27,1248,561,561,NA,0,561,0,0,NA,NA,0,15,15,0,NA,15,0,0,NA,0,0,3,3,NA,0,3,3629,3629,NA,NA,3629,12,12,NA,12,0,17,17,NA,0,17,4424,4424,NA,0,4424,0,0,NA,NA,0,0,0,NA,NA,0,206,206,NA,0,206,0,0,NA,0,0,6079,6079,NA,NA,6079,410,410,NA,NA,410,197,197,NA,0,197
M1 [Ante Natal Care (ANC)],'1.6.1.b',"Out of above, number of PW found sero positive for syphilis",TOTAL,244,244,0,0,244,1,1,NA,NA,1,21,21,NA,0,21,0,0,NA,0,0,16,16,0,0,16,2,2,NA,0,2,NA,NA,NA,NA,NA,0,0,NA,0,0,0,0,NA,NA,0,0,0,NA,0,0,0,0,NA,0,0,0,0,NA,NA,0,0,0,NA,0,0,0,0,NA,0,0,0,0,NA,0,0,0,0,NA,0,0,2,2,NA,0,2,9,9,NA,0,9,1,1,NA,0,1,0,0,NA,NA,0,NA,NA,NA,NA,NA,NA,NA,NA,NA,NA,22,22,NA,0,22,12,12,NA,0,12,0,0,NA,NA,0,0,0,0,NA,0,0,0,NA,0,0,0,0,NA,0,0,18,18,NA,NA,18,0,0,NA,0,0,0,0,NA,0,0,34,34,NA,0,34,0,0,NA,NA,0,0,0,NA,NA,0,35,35,NA,0,35,0,0,NA,0,0,71,71,NA,NA,71,0,0,NA,NA,0,0,0,NA,0,0
M1 [Ante Natal Care (ANC)],'1.6.2.a',Number of pregnant women tested for Syphilis,TOTAL,781189,744092,37097,175440,605749,423,423,NA,18,405,38428,36536,1892,10323,28105,1079,1051,28,7,1072,22002,20988,1014,1120,20882,17418,17418,0,886,16532,2985,2985,NA,1411,1574,20776,19820,956,2920,17856,1104,1104,NA,0,1104,350,350,0,111,239,19706,18798,908,8591,11115,1747,1436,311,285,1462,35176,34666,510,9884,25292,29604,29569,35,4761,24843,6337,6057,280,0,6337,6051,6001,50,156,5895,19769,18055,1714,2143,17626,72945,66575,6370,17024,55921,14775,8460,6315,2478,12297,125,125,NA,NA,125,NA,NA,NA,NA,NA,NA,NA,NA,NA,NA,66361,63632,2729,14339,52022,64556,57719,6837,30948,33608,1136,1078,58,0,1136,5031,4521,510,89,4942,939,939,0,36,903,1319,1046,273,244,1075,31803,30547,1256,1900,29903,2183,2141,42,667,1516,28048,28009,39,4468,23580,73207,72651,556,20211,52996,479,479,NA,214,265,26688,26688,NA,9320,17368,17149,17008,141,8177,8972,3490,3490,NA,428,3062,107520,103737,3783,7315,100205,5976,5976,0,2422,3554,34504,34014,490,12544,21960
M1 [Ante Natal Care (ANC)],'1.6.2.b',Number of pregnant women tested found sero positive for Syphilis,TOTAL,2634,2551,83,483,2151,0,0,NA,0,0,5,5,0,0,5,11,11,0,0,11,17,15,2,2,15,129,129,0,11,118,1,1,NA,0,1,32,32,0,1,31,0,0,NA,0,0,0,0,0,0,0,45,27,18,37,8,1,1,0,0,1,963,963,0,189,774,61,61,0,1,60,4,4,0,0,4,3,3,0,0,3,56,54,2,1,55,72,55,17,22,50,17,2,15,0,17,1,1,NA,NA,1,NA,NA,NA,NA,NA,NA,NA,NA,NA,NA,73,65,8,27,46,30,19,11,2,28,1,1,0,0,1,96,90,6,1,95,0,0,0,0,0,10,7,3,5,5,18,18,0,2,16,3,3,0,0,3,12,12,0,0,12,157,157,0,66,91,4,4,NA,3,1,45,45,NA,24,21,92,92,0,11,81,5,5,NA,0,5,649,648,1,68,581,0,0,0,0,0,21,21,0,10,11
M1 [Ante Natal Care (ANC)],'1.6.2.c',Number of syphilis positive pregnant women treated for Syphilis,TOTAL,790,745,45,387,403,0,0,NA,0,0,3,3,0,0,3,9,9,0,0,9,11,9,2,1,10,4,4,0,4,0,1,1,NA,0,1,22,22,0,1,21,0,0,NA,0,0,0,0,0,0,0,13,13,0,7,6,1,1,0,0,1,35,35,0,3,32,9,9,0,0,9,4,4,0,0,4,2,2,0,0,2,4,3,1,1,3,31,15,16,17,14,2,2,0,0,2,0,0,NA,NA,0,NA,NA,NA,NA,NA,NA,NA,NA,NA,NA,302,294,8,269,33,26,15,11,2,24,0,0,0,0,0,28,22,6,0,28,0,0,0,0,0,7,7,0,3,4,13,13,0,2,11,1,1,0,0,1,7,7,0,0,7,193,193,0,59,134,4,4,NA,3,1,2,2,NA,1,1,8,8,0,7,1,2,2,NA,0,2,36,35,1,1,35,0,0,0,0,0,10,10,0,6,4
M1 [Ante Natal Care (ANC)],'1.6.2.d',Number of babies diagnosed with Congenital Syphilis,TOTAL,446,442,4,53,393,0,0,NA,0,0,0,0,0,0,0,1,1,0,0,1,0,0,0,0,0,99,99,0,0,99,0,0,NA,0,0,0,0,0,0,0,0,0,NA,0,0,0,0,0,0,0,0,0,0,0,0,0,0,0,0,0,3,3,0,1,2,0,0,0,0,0,0,0,0,0,0,0,0,0,0,0,10,10,0,0,10,2,2,0,2,0,0,0,0,0,0,0,0,NA,NA,0,NA,NA,NA,NA,NA,NA,NA,NA,NA,NA,7,7,0,0,7,3,0,3,1,2,0,0,0,0,0,2,1,1,0,2,0,0,0,0,0,0,0,0,0,0,0,0,0,0,0,0,0,0,0,0,1,1,0,0,1,238,238,0,47,191,0,0,NA,NA,0,0,0,NA,0,0,0,0,0,0,0,0,0,NA,0,0,77,77,0,0,77,0,0,0,0,0,3,3,0,2,1
M1 [Ante Natal Care (ANC)],'1.6.2.e',Number of babies treated for congenital Syphilis,TOTAL,161,157,4,77,84,0,0,NA,0,0,0,0,0,0,0,1,1,0,0,1,0,0,0,0,0,1,1,0,0,1,0,0,NA,0,0,0,0,0,0,0,0,0,NA,0,0,0,0,0,0,0,0,0,0,0,0,0,0,0,0,0,4,4,0,2,2,0,0,0,0,0,0,0,0,0,0,0,0,0,0,0,0,0,0,0,0,48,48,0,48,0,0,0,0,0,0,0,0,NA,NA,0,NA,NA,NA,NA,NA,NA,NA,NA,NA,NA,4,4,0,0,4,3,0,3,1,2,0,0,0,0,0,1,0,1,0,1,0,0,0,0,0,0,0,0,0,0,0,0,0,0,0,0,0,0,0,0,1,1,0,0,1,90,90,0,24,66,0,0,NA,NA,0,0,0,NA,0,0,0,0,0,0,0,0,0,NA,0,0,5,5,0,0,5,0,0,0,0,0,3,3,0,2,1
M2 [Deliveries],'2.1.1.a',Number of Home Deliveries attended by Skill Birth Attendant(SBA) (Doctor/Nurse/ANM),TOTAL,16395,16386,9,964,15431,1,1,NA,0,1,239,239,NA,1,238,60,60,NA,0,60,1207,1198,9,4,1203,5166,5166,NA,618,4548,0,0,NA,0,NA,219,219,NA,1,218,0,0,NA,0,0,0,0,NA,0,0,6,6,0,6,0,0,0,0,0,0,331,331,0,70,261,90,90,NA,4,86,85,85,NA,0,85,62,62,NA,0,62,1119,1119,0,2,1117,26,26,NA,3,23,4,4,0,0,4,0,0,NA,NA,0,NA,NA,NA,NA,NA,NA,NA,NA,NA,NA,400,400,0,5,395,330,330,NA,20,310,259,259,NA,0,259,130,130,0,0,130,31,31,NA,0,31,154,154,0,5,149,779,779,NA,2,777,0,0,NA,0,0,164,164,NA,99,65,529,529,NA,19,510,1,1,NA,NA,1,0,0,NA,0,0,18,18,NA,0,18,2,2,NA,0,2,4628,4628,NA,102,4526,350,350,NA,1,349,5,5,NA,2,3
M2 [Deliveries],'2.1.1.b',Number of Home Deliveries attended by Non SBA (Trained Birth Attendant(TBA) /Relatives/etc.),TOTAL,70630,70562,68,2952,67678,4,4,NA,0,4,88,88,NA,0,88,92,92,NA,1,91,2667,2599,68,11,2656,22879,22879,NA,1487,21392,3,3,NA,3,NA,346,346,NA,9,337,4,4,NA,0,4,0,0,NA,0,0,636,636,0,591,45,0,0,0,0,0,153,153,0,23,130,1183,1183,NA,115,1068,498,498,NA,0,498,666,666,NA,0,666,1601,1601,0,39,1562,47,47,NA,2,45,25,25,0,0,25,0,0,NA,NA,0,NA,NA,NA,NA,NA,NA,NA,NA,NA,NA,3571,3571,0,17,3554,548,548,NA,192,356,290,290,NA,0,290,3058,3058,0,5,3053,135,135,NA,0,135,106,106,0,0,106,1113,1113,NA,20,1093,1,1,NA,1,0,266,266,NA,123,143,1043,1043,NA,40,1003,2,2,NA,0,2,11,11,NA,1,10,16,16,NA,0,16,264,264,NA,5,259,27181,27181,NA,175,27006,879,879,NA,24,855,1254,1254,NA,68,1186
M2 [Deliveries],'2.1.2',Number of PW given Tablet Misoprostol during home delivery,TOTAL,5253,5239,14,57,5196,0,0,NA,0,0,1,1,NA,0,1,15,15,NA,0,15,1084,1070,14,2,1082,455,455,NA,2,453,0,0,NA,0,NA,52,52,NA,0,52,0,0,NA,0,0,0,0,NA,0,0,6,6,0,6,0,0,0,0,0,0,297,297,0,32,265,6,6,NA,0,6,183,183,NA,0,183,95,95,NA,0,95,412,412,0,0,412,6,6,NA,0,6,1,1,0,0,1,0,0,NA,NA,0,NA,NA,NA,NA,NA,NA,NA,NA,NA,NA,575,575,0,4,571,290,290,NA,0,290,4,4,NA,0,4,35,35,0,0,35,0,0,NA,0,0,2,2,0,2,0,511,511,NA,1,510,0,0,NA,0,0,2,2,NA,2,0,108,108,NA,3,105,0,0,NA,NA,0,3,3,NA,0,3,1,1,NA,0,1,0,0,NA,0,0,946,946,NA,3,943,163,163,NA,0,163,0,0,NA,0,0
M2 [Deliveries],'2.1.3',Number of newborns received 7 Home Based Newborn Care (HBNC) visits in case of Home delivery,TOTAL,63616,63472,144,2804,60812,1,1,NA,0,1,202,202,NA,0,202,61,61,NA,0,61,5227,5083,144,24,5203,16603,16603,NA,1580,15023,2,2,NA,2,NA,395,395,NA,8,387,1,1,NA,0,1,0,0,NA,0,0,591,591,0,575,16,0,0,0,0,0,474,474,0,118,356,799,799,NA,68,731,528,528,NA,0,528,475,475,NA,0,475,1651,1651,0,9,1642,42,42,NA,1,41,16,16,0,0,16,0,0,NA,NA,0,NA,NA,NA,NA,NA,NA,NA,NA,NA,NA,3128,3128,0,19,3109,689,689,NA,109,580,365,365,NA,0,365,1923,1923,0,2,1921,63,63,NA,0,63,126,126,0,2,124,1203,1203,NA,11,1192,1,1,NA,1,0,266,266,NA,149,117,1003,1003,NA,39,964,1,1,NA,0,1,0,0,NA,0,0,29,29,NA,0,29,184,184,NA,1,183,25480,25480,NA,14,25466,1172,1172,NA,21,1151,915,915,NA,51,864
M2 [Deliveries],'2.2',Number of Institutional Deliveries conducted (Including C-Sections),TOTAL,1409794,927058,482736,384277,1025517,307,307,NA,0,307,61046,26779,34267,38476,22570,1226,1076,150,0,1226,37302,30757,6545,4079,33223,119303,105053,14250,6798,112505,1890,1890,NA,447,1443,37962,29267,8695,5293,32669,751,678,73,73,678,287,263,24,24,263,18056,14263,3793,3519,14537,1609,966,643,396,1213,82761,30808,51953,39502,43259,32210,17827,14383,15081,17129,5771,4903,868,0,5771,12422,11219,1203,1238,11184,55161,39631,15530,2911,52250,73868,43320,30548,32696,41172,41689,12934,28755,6863,34826,72,72,NA,NA,72,NA,NA,NA,NA,NA,NA,NA,NA,NA,NA,97390,86245,11145,22582,74808,149537,72069,77468,22370,127167,2587,2034,553,370,2217,4059,3179,880,0,4059,1493,1147,346,220,1273,1274,1011,263,199,1075,52092,43273,8819,868,51224,3269,2489,780,2275,994,22723,11318,11405,7001,15722,87050,66943,20107,34100,52950,518,379,139,193,325,77120,42645,34475,43631,33489,54009,26738,27271,23104,30905,3630,3347,283,457,3173,168934,113340,55594,29006,139928,9079,5820,3259,3577,5502,91337,73068,18269,36928,54409
M2 [Deliveries],'2.2.1',Out of total institutional deliveries number of women discharged within 48 hours of delivery,TOTAL,443409,345624,97785,64154,379255,191,191,NA,0,191,7373,4718,2655,2530,4843,894,818,76,0,894,11326,10737,589,101,11225,94000,86107,7893,5632,88368,782,782,NA,15,767,4390,4188,202,66,4324,198,198,NA,0,198,176,176,0,0,176,6948,5705,1243,1650,5298,2,0,2,2,0,33332,14238,19094,14488,18844,17397,11002,6395,6902,10495,3320,3081,239,0,3320,4925,4769,156,205,4720,42035,33052,8983,1600,40435,4332,2611,1721,1753,2579,1901,222,1679,125,1776,38,38,NA,NA,38,NA,NA,NA,NA,NA,NA,NA,NA,NA,NA,8698,8398,300,585,8113,35744,17007,18737,3393,32351,1666,1495,171,54,1612,1546,1317,229,0,1546,689,641,48,13,676,921,799,122,101,820,20415,18948,1467,203,20212,20,0,20,20,0,6199,4401,1798,1801,4398,10410,8088,2322,6405,4005,158,127,31,100,58,808,357,451,540,268,13387,10788,2599,5458,7929,447,447,0,2,445,91353,73908,17445,6186,85167,4443,3482,961,1946,2497,12945,12788,157,2278,10667
M2 [Deliveries],'2.2.2',Number of newborns received 6 HBNC  visits after Institutional Delivery,TOTAL,542151,516922,25229,69725,472426,117,117,NA,11,106,29694,29627,67,2073,27621,213,213,NA,0,213,33406,32418,988,1350,32056,46338,46338,NA,4468,41870,1073,1073,NA,1073,NA,20240,17622,2618,2730,17510,462,462,NA,148,314,0,0,0,0,0,9450,9391,59,9218,232,0,0,0,0,0,51630,40138,11492,21112,30518,10459,10459,0,1650,8809,4603,4603,0,10,4593,5270,5223,47,189,5081,24877,22961,1916,237,24640,26739,25788,951,3911,22828,3211,1005,2206,570,2641,59,59,NA,NA,59,NA,NA,NA,NA,NA,NA,NA,NA,NA,NA,39212,38968,244,4544,34668,27266,26627,639,4260,23006,871,871,0,0,871,1596,1596,0,160,1436,162,162,0,0,162,152,152,0,11,141,37430,37414,16,1841,35589,350,347,3,277,73,12404,11842,562,2629,9775,14067,13127,940,2042,12025,213,213,NA,20,193,470,470,NA,147,323,9598,8389,1209,4231,5367,2086,2086,NA,182,1904,79369,78097,1272,115,79254,4702,4702,0,475,4227,44362,44362,0,41,44321
M3 [Number of Caesarean (C-Section) deliveries],'3.1',Total C -Section deliveries performed,TOTAL,307881,146840,161041,136135,171746,106,106,NA,0,106,21215,7920,13295,14517,6698,208,148,60,0,208,9037,4891,4146,3011,6026,3125,2229,896,109,3016,695,695,NA,85,610,5726,1629,4097,2358,3368,267,229,38,38,229,87,81,6,6,81,6224,3926,2298,1510,4714,648,281,367,214,434,15567,4557,11010,9780,5787,6481,2627,3854,3990,2491,1357,946,411,0,1357,5464,4440,1024,1015,4449,4693,1746,2947,717,3976,23130,10912,12218,12681,10449,16354,4880,11474,3088,13266,24,24,NA,NA,24,NA,NA,NA,NA,NA,NA,NA,NA,NA,NA,10924,6382,4542,5199,5725,33394,14117,19277,5440,27954,697,388,309,250,447,605,226,379,0,605,247,152,95,70,177,214,114,100,95,119,11569,6530,5039,234,11335,1073,676,397,668,405,8698,3269,5429,3085,5613,10790,7204,3586,7803,2987,211,120,91,93,118,33950,15828,18122,22243,11707,25580,12465,13115,10811,14769,974,693,281,283,691,11982,5532,6450,4358,7624,1581,878,703,578,1003,34984,19999,14985,21806,13178
M3 [Number of Caesarean (C-Section) deliveries],'3.1.1',"C-sections, performed at night (8 PM- 8 AM)",TOTAL,53960,36387,17573,17151,36809,10,10,NA,0,10,3403,1377,2026,2296,1107,9,5,4,0,9,2479,1243,1236,906,1573,634,547,87,7,627,236,236,NA,8,228,2146,428,1718,1286,860,78,78,NA,0,78,8,8,0,0,8,1740,1336,404,360,1380,66,53,13,10,56,2731,1268,1463,1383,1348,585,463,122,146,439,218,199,19,0,218,1629,1451,178,178,1451,461,310,151,46,415,4861,2724,2137,2122,2739,1602,699,903,165,1437,2,2,NA,NA,2,NA,NA,NA,NA,NA,NA,NA,NA,NA,NA,2041,1489,552,629,1412,7221,3930,3291,827,6394,81,61,20,14,67,113,38,75,0,113,26,14,12,3,23,25,11,14,13,12,2442,1537,905,24,2418,267,232,35,140,127,654,602,52,120,534,2221,1693,528,1887,334,0,0,NA,0,0,4243,4231,12,757,3486,3124,2116,1008,1529,1595,91,84,7,3,88,1441,974,467,330,1111,85,79,6,22,63,6987,6859,128,1940,5047
M4 [Pregnancy outcome & details of new-born],'4.1.1.a',Live Birth - Male,TOTAL,770221,523174,247047,200679,569542,160,160,NA,0,160,31541,14054,17487,19741,11800,725,625,100,1,724,21339,17948,3391,2107,19232,74730,69439,5291,4863,69867,955,955,NA,232,723,19297,14918,4379,2689,16608,394,353,41,41,353,164,154,10,10,154,9726,7694,2032,2101,7625,819,489,330,199,620,43807,16732,27075,20751,23056,17489,9804,7685,8127,9362,3276,2837,439,0,3276,6773,6155,618,634,6139,30144,21947,8197,1532,28612,37681,22084,15597,16672,21009,21368,6701,14667,3593,17775,35,35,NA,NA,35,NA,NA,NA,NA,NA,NA,NA,NA,NA,NA,51843,46107,5736,11590,40253,77844,37579,40265,11732,66112,1631,1347,284,191,1440,3718,3275,443,4,3714,820,655,165,107,713,776,639,137,108,668,27345,22726,4619,455,26890,1699,1290,409,1188,511,11938,5972,5966,3755,8183,45011,34570,10441,17670,27341,274,197,77,95,179,39557,21730,17827,22548,17009,28662,14543,14119,11984,16678,1987,1829,158,248,1739,103880,76009,27871,14789,89091,5218,3515,1703,1845,3373,47595,38107,9488,19077,28518
M4 [Pregnancy outcome & details of new-born],'4.1.1.b',Live Birth - Female,TOTAL,714884,484817,230067,186942,527942,150,150,NA,0,150,29791,13047,16744,18672,11119,649,600,49,0,649,19546,16402,3144,1970,17576,67348,62646,4702,4382,62966,922,922,NA,214,708,18623,14399,4224,2575,16048,349,317,32,32,317,121,108,13,13,108,8886,7045,1841,2063,6823,792,473,319,195,597,40035,15397,24638,18797,21238,15947,8982,6965,7344,8603,3030,2600,430,0,3030,6219,5630,589,607,5612,27754,20335,7419,1407,26347,35940,21017,14923,15980,19960,20227,6320,13907,3316,16911,36,36,NA,NA,36,NA,NA,NA,NA,NA,NA,NA,NA,NA,NA,48116,42832,5284,10822,37294,72441,35128,37313,11236,61205,1501,1231,270,180,1321,3480,3054,426,1,3479,826,652,174,110,716,745,622,123,93,652,25787,21631,4156,426,25361,1564,1189,375,1077,487,10934,5548,5386,3344,7590,42190,32746,9444,16037,26153,237,178,59,94,143,37549,20830,16719,21239,16310,26978,13468,13510,11318,15660,1746,1621,125,213,1533,95218,68886,26332,13772,81446,4949,3394,1555,1733,3216,44258,35381,8877,17680,26578
M4 [Pregnancy outcome & details of new-born],'4.1.2',Number of Pre term newborns ( < 37 weeks of pregnancy),TOTAL,52574,47047,5527,9508,43066,37,37,NA,0,37,1013,974,39,196,817,60,58,2,0,60,1884,1646,238,151,1733,1803,1795,8,103,1700,171,171,NA,25,146,1864,1786,78,97,1767,35,34,1,1,34,18,18,0,0,18,1272,836,436,273,999,119,111,8,7,112,3048,2374,674,729,2319,2074,1949,125,204,1870,314,314,0,0,314,416,405,11,11,405,1116,939,177,152,964,2527,1837,690,722,1805,1065,683,382,70,995,1,1,NA,NA,1,NA,NA,NA,NA,NA,NA,NA,NA,NA,NA,4198,3880,318,731,3467,4713,3434,1279,834,3879,30,13,17,16,14,221,159,62,0,221,31,26,5,5,26,41,39,2,2,39,3131,2806,325,30,3101,344,332,12,292,52,1018,1003,15,128,890,3217,3138,79,1202,2015,1,1,NA,NA,1,1687,1518,169,447,1240,1094,1062,32,511,583,145,136,9,3,142,5675,5396,279,87,5588,323,323,0,128,195,7868,7813,55,2351,5517
M4 [Pregnancy outcome & details of new-born],'4.1.3',Still Birth,TOTAL,18801,15966,2835,3411,15390,5,5,NA,0,5,693,421,272,319,374,15,12,3,0,15,818,744,74,34,784,1581,1501,80,72,1509,39,39,NA,4,35,757,643,114,53,704,17,17,0,0,17,4,3,1,1,3,337,318,19,28,309,18,16,2,2,16,951,628,323,207,744,511,427,84,91,420,79,74,5,0,79,268,268,0,1,267,722,678,44,15,707,662,524,138,149,513,165,93,72,20,145,0,0,NA,NA,0,NA,NA,NA,NA,NA,NA,NA,NA,NA,NA,1766,1574,192,337,1429,1060,823,237,133,927,16,15,1,1,15,126,110,16,0,126,20,13,7,3,17,20,17,3,3,17,1235,1156,79,12,1223,28,28,0,23,5,353,224,129,93,260,1693,1362,331,832,861,16,11,5,5,11,549,374,175,226,323,314,258,56,72,242,63,62,1,2,61,2404,2157,247,190,2214,129,125,4,30,99,1367,1246,121,453,914
M4 [Pregnancy outcome & details of new-born],'4.2',Abortion (spontaneous),TOTAL,48727,42311,6416,7636,41091,10,10,NA,0,10,672,649,23,79,593,24,24,0,0,24,2267,2092,175,317,1950,391,346,45,20,371,120,120,NA,61,59,1761,1691,70,114,1647,77,49,28,28,49,37,37,0,0,37,1994,1415,579,628,1366,60,49,11,4,56,2350,2065,285,368,1982,1452,1424,28,119,1333,567,567,0,0,567,573,537,36,49,524,1404,1368,36,24,1380,2044,1650,394,514,1530,1063,434,629,116,947,6,6,NA,NA,6,NA,NA,NA,NA,NA,NA,NA,NA,NA,NA,3128,2670,458,623,2505,4742,2733,2009,656,4086,171,123,48,42,129,365,254,111,1,364,99,87,12,4,95,28,11,17,17,11,3921,3864,57,56,3865,133,129,4,35,98,2168,1440,728,362,1806,5016,4737,279,1654,3362,19,19,NA,0,19,2371,2371,0,143,2228,355,297,58,92,263,117,117,NA,0,117,2225,2083,142,20,2205,314,314,0,113,201,6683,6529,154,1377,5306
M4 [Pregnancy outcome & details of new-born],'4.3.1.a',MTP up to 12 weeks of pregnancy,TOTAL,59477,33059,26418,21203,38274,20,20,NA,0,20,207,168,39,109,98,196,133,63,0,196,9789,9216,573,611,9178,1161,294,867,8,1153,128,128,NA,79,49,1104,973,131,188,916,48,24,24,24,24,47,34,13,13,34,1703,473,1230,1167,536,62,24,38,23,39,1031,784,247,401,630,3573,1167,2406,2520,1053,306,224,82,0,306,290,202,88,77,213,513,393,120,10,503,1963,1046,917,1071,892,772,133,639,255,517,0,0,NA,NA,0,NA,NA,NA,NA,NA,NA,NA,NA,NA,NA,3063,2141,922,1317,1746,11813,3136,8677,2883,8930,297,222,75,72,225,25,25,0,0,25,18,15,3,0,18,135,51,84,80,55,1370,1163,207,27,1343,117,52,65,95,22,2710,499,2211,1190,1520,1910,1573,337,734,1176,5,5,NA,0,5,7044,2973,4071,4892,2152,272,235,37,211,61,216,216,NA,27,189,2257,1805,452,276,1981,305,302,3,148,157,5007,3210,1797,2695,2312
M4 [Pregnancy outcome & details of new-born],'4.3.1.b',MTP more than 12 weeks of pregnancy,TOTAL,3978,2474,1504,1279,2699,0,0,NA,0,0,95,89,6,16,79,24,9,15,0,24,233,175,58,16,217,106,37,69,0,106,43,43,NA,7,36,90,71,19,19,71,1,0,1,1,0,0,0,0,0,0,164,76,88,55,109,2,2,0,0,2,136,114,22,48,88,99,75,24,27,72,24,24,0,0,24,3,0,3,3,0,37,37,0,0,37,550,351,199,213,337,78,55,23,7,71,0,0,NA,NA,0,NA,NA,NA,NA,NA,NA,NA,NA,NA,NA,157,106,51,67,90,704,248,456,157,547,24,5,19,19,5,3,3,0,0,3,3,3,0,0,3,10,3,7,2,8,49,45,4,0,49,22,16,6,20,2,69,37,32,17,52,66,56,10,31,35,0,0,NA,0,0,543,267,276,304,239,72,72,0,17,55,0,0,NA,0,0,185,163,22,43,142,15,15,0,13,2,371,277,94,177,194
M4 [Pregnancy outcome & details of new-born],'4.3.2.a',Post Abortion/ MTP Complications Identified,TOTAL,1288,666,622,651,637,0,0,NA,0,0,6,6,0,2,4,0,0,0,0,0,117,101,16,12,105,1,1,0,0,1,0,0,NA,0,0,6,6,0,0,6,0,0,NA,0,0,0,0,0,0,0,9,4,5,7,2,19,19,0,0,19,81,69,12,41,40,1,1,0,0,1,0,0,0,0,0,2,2,0,0,2,11,11,0,0,11,505,35,470,472,33,5,0,5,0,5,0,0,NA,NA,0,NA,NA,NA,NA,NA,NA,NA,NA,NA,NA,46,39,7,12,34,32,5,27,2,30,0,0,0,0,0,1,1,0,0,1,2,2,0,0,2,0,0,0,0,0,45,45,0,1,44,2,2,0,2,0,6,6,0,4,2,17,17,0,0,17,0,0,NA,0,0,79,0,79,79,0,2,2,0,0,2,6,6,NA,0,6,153,153,0,9,144,2,2,0,0,2,132,131,1,8,124
M4 [Pregnancy outcome & details of new-born],'4.3.2.b',Post Abortion/ MTP Complications Treated,TOTAL,622,573,49,48,574,0,0,NA,0,0,4,4,0,2,2,0,0,0,0,0,142,136,6,0,142,12,12,0,0,12,0,0,NA,0,0,6,6,0,0,6,0,0,NA,0,0,0,0,0,0,0,8,4,4,6,2,19,19,0,0,19,32,32,0,12,20,1,1,0,0,1,0,0,0,0,0,2,2,0,0,2,11,11,0,0,11,18,11,7,9,9,4,0,4,0,4,0,0,NA,NA,0,NA,NA,NA,NA,NA,NA,NA,NA,NA,NA,34,32,2,5,29,24,1,23,0,24,0,0,0,0,0,1,1,0,0,1,2,2,0,0,2,0,0,0,0,0,43,43,0,1,42,2,2,0,2,0,2,2,0,0,2,15,15,0,1,14,0,0,NA,0,0,2,0,2,2,0,2,2,0,0,2,6,6,NA,0,6,119,119,0,1,118,2,2,0,0,2,109,108,1,7,102
M4 [Pregnancy outcome & details of new-born],'4.3.3',Number of women provided with post abortion/ MTP contraception,TOTAL,14644,11944,2700,4896,9748,4,4,NA,0,4,52,52,0,3,49,2,2,0,0,2,888,888,0,162,726,15,15,0,4,11,69,69,NA,40,29,281,274,7,20,261,4,4,NA,0,4,0,0,0,0,0,817,572,245,333,484,19,19,0,0,19,252,244,8,17,235,139,129,10,17,122,51,51,0,0,51,26,26,0,0,26,155,155,0,0,155,1069,549,520,666,403,59,49,10,2,57,0,0,NA,NA,0,NA,NA,NA,NA,NA,NA,NA,NA,NA,NA,1083,873,210,380,703,1834,1306,528,721,1113,0,0,0,0,0,3,3,0,0,3,0,0,0,0,0,62,12,50,50,12,822,812,10,4,818,84,59,25,59,25,206,109,97,19,187,1333,1243,90,441,892,0,0,NA,0,0,2201,1622,579,962,1239,2,2,0,2,0,0,0,NA,0,0,913,909,4,3,910,50,50,0,12,38,2149,1842,307,979,1170
M4 [Pregnancy outcome & details of new-born],'4.4.1',Number of newborns weighed at birth,TOTAL,1423260,990958,432302,357459,1065801,308,308,NA,0,308,58896,26670,32226,36340,22556,1355,1206,149,1,1354,40195,33728,6467,4070,36125,132893,128661,4232,8982,123911,1878,1878,NA,446,1432,37794,29182,8612,5267,32527,729,669,60,60,669,285,262,23,23,262,17279,13656,3623,3934,13345,1611,962,649,394,1217,81879,32530,49349,38598,43281,33164,18625,14539,15491,17673,6289,5420,869,0,6289,12933,11726,1207,1241,11692,56381,41431,14950,2936,53445,70724,42649,28075,30565,40159,40395,12909,27486,6641,33754,71,71,NA,NA,71,NA,NA,NA,NA,NA,NA,NA,NA,NA,NA,96976,87424,9552,21117,75859,148148,72346,75802,22814,125334,3116,2562,554,371,2745,6928,6072,856,5,6923,1617,1278,339,217,1400,1487,1227,260,201,1286,52933,44244,8689,881,52052,2604,2471,133,1606,998,22632,11367,11265,7043,15589,84468,65959,18509,31798,52670,513,377,136,193,320,77106,42560,34546,43593,33513,48319,27266,21053,18412,29907,3716,3433,283,461,3255,181706,140280,41426,18799,162907,9928,6813,3115,3577,6351,86004,72736,13268,31382,54622
M4 [Pregnancy outcome & details of new-born],'4.4.2',Number of newborns having weight less than 2.5 kg,TOTAL,167260,135520,31740,36866,130394,47,47,NA,0,47,2605,2254,351,791,1814,75,62,13,0,75,5357,4585,772,435,4922,12889,12650,239,662,12227,420,420,NA,56,364,3856,3318,538,341,3515,231,222,9,9,222,59,59,0,0,59,2912,2242,670,582,2330,262,227,35,12,250,10025,6210,3815,3338,6687,3559,2765,794,929,2630,870,737,133,0,870,663,559,104,92,571,3740,3316,424,199,3541,6729,5201,1528,1697,5032,4139,1734,2405,663,3476,4,4,NA,NA,4,NA,NA,NA,NA,NA,NA,NA,NA,NA,NA,13899,12735,1164,2909,10990,16102,11535,4567,3081,13021,117,96,21,16,101,449,320,129,0,449,66,51,15,13,53,65,46,19,17,48,9579,8455,1124,165,9414,508,390,118,367,141,1491,1232,259,291,1200,13161,10831,2330,5908,7253,32,13,19,9,23,9867,6265,3602,4914,4953,3694,3063,631,1357,2337,392,376,16,36,356,20063,16548,3515,1251,18812,828,595,233,268,560,18505,16357,2148,6458,12047
M4 [Pregnancy outcome & details of new-born],'4.4.3',Number of Newborns breast fed within 1 hour of birth ,TOTAL,1333099,945115,387984,315023,1018076,267,267,NA,0,267,57575,26553,31022,35247,22328,1252,1145,107,1,1251,39264,33563,5701,3283,35981,130991,127167,3824,8815,122176,1637,1637,NA,436,1201,37214,28737,8477,5205,32009,685,629,56,56,629,241,223,18,18,223,11850,10048,1802,2788,9062,1293,832,461,255,1038,76685,30774,45911,35297,41388,31222,17414,13808,14636,16586,5765,5060,705,0,5765,12289,11091,1198,1232,11057,55862,41064,14798,2815,53047,68617,41260,27357,29792,38825,38172,12332,25840,6316,31856,70,70,NA,NA,70,NA,NA,NA,NA,NA,NA,NA,NA,NA,NA,93119,84745,8374,19645,73474,140199,67819,72380,20203,119996,2699,2177,522,363,2336,6474,5935,539,5,6469,1602,1280,322,216,1386,1343,1154,189,131,1212,50086,42096,7990,874,49212,2260,2138,122,1368,892,18090,9514,8576,5450,12640,77696,61536,16160,27607,50089,363,286,77,100,263,58568,35851,22717,30945,27623,43538,24891,18647,15038,28500,3606,3341,265,461,3145,178046,138851,39195,18793,159253,9100,6289,2811,3080,6020,75359,67346,8013,24552,50807
M5 [Complicated Pregnancies],'5.1',"Number of cases of pregnant women with Obstetric Complications attended (Antepartum haemorrhage (APH), Post-Partum Hemorrhage (PPH), Sepsis, Eclampsia and others)",TOTAL,152551,145474,7077,29599,122952,9,9,NA,0,9,3171,3031,140,723,2448,7,4,3,0,7,4396,3608,788,597,3799,4734,4565,169,323,4411,607,607,NA,71,536,4032,2260,1772,1460,2572,44,44,NA,0,44,3,3,0,0,3,5422,5333,89,292,5130,55,55,0,0,55,2931,2662,269,220,2711,2896,2650,246,358,2538,341,303,38,0,341,667,665,2,2,665,1299,1250,49,21,1278,5047,4790,257,315,4732,1141,900,241,69,1072,3,3,NA,NA,3,NA,NA,NA,NA,NA,NA,NA,NA,NA,NA,10575,9794,781,1960,8615,9616,9373,243,1528,8088,46,45,1,0,46,695,606,89,0,695,74,74,0,0,74,18,9,9,9,9,5421,5140,281,7,5414,1032,1032,0,668,364,2731,2410,321,732,1999,8400,7195,1205,4607,3793,52,52,NA,28,24,48033,48033,0,9736,38297,804,784,20,440,364,243,243,NA,21,222,12020,12001,19,25,11995,367,364,3,73,294,15619,15577,42,5314,10305
M5 [Complicated Pregnancies],'5.2',Number of Complicated pregnancies treated with Blood Transfusion,TOTAL,43636,42676,960,8445,35191,8,8,NA,NA,8,1930,1843,87,786,1144,6,6,0,NA,6,1985,1985,0,1,1984,868,847,21,10,858,89,89,NA,35,54,598,576,22,5,593,18,18,NA,NA,18,16,16,0,0,16,1378,1359,19,80,1298,8,8,0,NA,8,2032,2009,23,397,1635,1336,1275,61,61,1275,202,197,5,0,202,1153,1152,1,1,1152,636,629,7,6,630,2483,2360,123,241,2242,327,244,83,16,311,0,0,NA,NA,0,NA,NA,NA,NA,NA,NA,NA,NA,NA,NA,5104,4891,213,768,4336,2933,2887,46,536,2397,46,39,7,6,40,63,42,21,NA,63,14,14,0,0,14,4,4,0,0,4,2092,2041,51,5,2087,837,837,0,668,169,1648,1615,33,300,1348,3028,2927,101,1114,1914,5,5,NA,NA,5,6808,6808,0,1608,5200,805,789,16,580,225,140,140,NA,6,134,1958,1945,13,13,1945,269,267,2,96,173,2809,2804,5,1106,1703
M6 [Post Natal Care (PNC)],'6.1',Women receiving 1st post partum checkup within 48 hours of home delivery,TOTAL,147612,131594,16018,11950,135662,148,148,NA,0,148,286,286,0,3,283,234,141,93,1,233,4192,4115,77,15,4177,25169,25169,0,2218,22951,3,3,NA,3,0,2963,2815,148,118,2845,5,5,NA,0,5,0,0,0,0,0,645,556,89,515,130,0,0,0,0,0,472,450,22,81,391,1444,1444,0,116,1328,844,723,121,0,844,935,935,0,0,935,4674,4524,150,196,4478,3320,2588,732,837,2483,477,33,444,2,475,21,21,NA,NA,21,NA,NA,NA,NA,NA,NA,NA,NA,NA,NA,4051,3828,223,656,3395,721,721,0,148,573,277,277,0,0,277,1965,1964,1,13,1952,90,86,4,0,90,240,240,0,4,236,1707,1707,0,19,1688,1,1,0,1,0,341,341,0,188,153,1746,1635,111,313,1433,6,6,NA,NA,6,503,503,0,93,410,3908,1071,2837,136,3772,259,259,NA,4,255,76961,68422,8539,2804,74157,1927,1867,60,140,1787,7077,4710,2367,3326,3751
M6 [Post Natal Care (PNC)],'6.2',Women receiving 1st post partum checkup between 48 hours and 14 days,TOTAL,775025,666843,108182,125686,649339,298,298,NA,46,252,49874,40367,9507,13330,36544,332,306,26,1,331,32701,30074,2627,1840,30861,51696,51546,150,3125,48571,296,296,NA,296,0,23922,21075,2847,4107,19815,469,469,NA,132,337,208,208,0,9,199,10558,9388,1170,3746,6812,1037,701,336,259,778,62403,48931,13472,25878,36525,21059,19574,1485,4565,16494,6151,5999,152,18,6133,8725,7880,845,1264,7461,27820,25603,2217,853,26967,65932,57643,8289,14751,51181,39658,29660,9998,4116,35542,69,69,NA,NA,69,NA,NA,NA,NA,NA,NA,NA,NA,NA,NA,11225,10762,463,1330,9895,87810,56156,31654,13157,74653,1449,1228,221,114,1335,2902,2817,85,30,2872,325,194,131,55,270,664,538,126,126,538,50213,48875,1338,2224,47989,945,864,81,658,287,21227,16982,4245,5492,15735,8811,8512,299,1572,7239,454,454,NA,109,345,1095,1095,0,142,953,14225,13765,460,4838,9387,2724,2721,3,133,2591,85849,76119,9730,4121,81728,3952,3942,10,741,3211,77947,71732,6215,12508,65439
M6 [Post Natal Care (PNC)],'6.3',Number of mothers provided full course of 180 IFA tablets after delivery,TOTAL,831238,758826,72412,129176,702062,411,411,NA,65,346,27052,26989,63,3793,23259,405,401,4,0,405,38456,36640,1816,1327,37129,56843,56693,150,3818,53025,1697,1697,NA,1235,462,29906,27354,2552,3843,26063,562,562,NA,173,389,300,300,0,10,290,10105,9370,735,2384,7721,1504,1009,495,394,1110,66498,57823,8675,24225,42273,15201,14886,315,2767,12434,6241,6168,73,22,6219,4594,4547,47,87,4507,30240,28846,1394,389,29851,55854,49395,6459,12246,43608,12232,9216,3016,1691,10541,46,46,NA,NA,46,NA,NA,NA,NA,NA,NA,NA,NA,NA,NA,75371,72235,3136,13198,62173,99718,66286,33432,17460,82258,1086,944,142,88,998,3571,3308,263,89,3482,156,131,25,40,116,251,185,66,66,185,32404,32165,239,1671,30733,1073,1073,0,722,351,12520,11622,898,3502,9018,33677,32833,844,7667,26010,405,405,NA,2,403,30102,28902,1200,7402,22700,19764,19186,578,8447,11317,814,814,NA,50,764,85796,80270,5526,2468,83328,6857,6829,28,879,5978,69526,69285,241,6956,62570
M6 [Post Natal Care (PNC)],'6.4',Number of mothers provided 360 Calcium tablets after delivery,TOTAL,727580,657267,70313,122568,605012,391,391,NA,65,326,21722,21659,63,3311,18411,352,348,4,0,352,35400,33719,1681,1269,34131,43977,43827,150,2908,41069,1837,1837,NA,1375,462,26453,24097,2356,3516,22937,562,562,NA,173,389,294,294,0,10,284,10008,9268,740,2299,7709,1505,1010,495,394,1111,64706,56002,8704,23674,41032,14291,13976,315,2744,11547,6140,6067,73,20,6120,4264,4200,64,160,4104,25399,24022,1377,205,25194,51692,46668,5024,10423,41269,9259,6273,2986,2327,6932,55,55,NA,NA,55,NA,NA,NA,NA,NA,NA,NA,NA,NA,NA,73166,69992,3174,13067,60099,96050,62262,33788,16022,80028,762,620,142,88,674,3193,2930,263,69,3124,211,182,29,52,159,150,84,66,66,84,23788,23599,189,1113,22675,983,983,0,604,379,9563,8633,930,2871,6692,38116,37459,657,7071,31045,513,513,NA,81,432,28873,27673,1200,7486,21387,21715,21429,286,9441,12274,553,553,NA,23,530,61639,56361,5278,2017,59622,3362,3334,28,821,2541,46636,46385,251,6803,39833
M7 [Reproductive Tract Infections/Sexually Transmitted Infections (RTI/STI) Cases],'7.1.1',New RTI/STI cases identified - Male,TOTAL,111002,109323,1679,21140,89862,0,0,NA,0,0,7778,7778,0,2536,5242,59,52,7,0,59,812,810,2,2,810,3418,3418,0,153,3265,129,129,NA,90,39,1717,1714,3,51,1666,32,32,NA,0,32,31,31,0,2,29,2481,2418,63,1409,1072,28,28,0,0,28,5661,5577,84,1707,3954,3862,3862,0,647,3215,1939,1809,130,2,1937,810,810,0,53,757,1273,1235,38,0,1273,11988,11409,579,2021,9967,2850,2375,475,226,2624,0,0,NA,NA,0,NA,NA,NA,NA,NA,NA,NA,NA,NA,NA,8229,8096,133,814,7415,7539,7524,15,1244,6295,103,103,0,0,103,311,307,4,0,311,51,51,0,0,51,89,85,4,4,85,4267,4150,117,393,3874,499,499,0,200,299,5967,5967,0,1518,4449,3154,3154,0,1077,2077,69,69,NA,11,58,18098,18098,0,3507,14591,4330,4330,0,2110,2220,238,238,NA,48,190,8577,8577,0,361,8216,535,535,0,33,502,4078,4053,25,921,3157
M7 [Reproductive Tract Infections/Sexually Transmitted Infections (RTI/STI) Cases],'7.1.2',New RTI/STI cases identified - Female,TOTAL,253391,249700,3691,57640,195751,13,13,NA,0,13,13983,13983,0,5128,8855,126,112,14,0,126,2729,2725,4,5,2724,10018,10018,0,128,9890,886,886,NA,483,403,3416,3407,9,140,3276,188,188,NA,0,188,55,55,0,9,46,13689,13409,280,7768,5921,101,101,0,1,100,12484,12197,287,4182,8302,14825,14825,0,1936,12889,4163,4120,43,2,4161,3054,3054,0,159,2895,2234,2182,52,29,2205,25024,23854,1170,4668,20356,4012,3551,461,280,3732,0,0,NA,NA,0,NA,NA,NA,NA,NA,NA,NA,NA,NA,NA,21253,20773,480,2770,18483,13170,13157,13,3097,10073,203,194,9,6,197,944,937,7,54,890,114,114,0,0,114,208,193,15,15,193,5666,5454,212,468,5198,902,902,0,314,588,13407,13407,0,2620,10787,12142,12132,10,6181,5961,190,190,NA,11,179,31181,31181,0,7026,24155,8945,8945,0,4854,4091,484,484,NA,97,387,19249,19237,12,1428,17821,3615,3615,0,724,2891,10718,10105,613,3057,7661
M7 [Reproductive Tract Infections/Sexually Transmitted Infections (RTI/STI) Cases],'7.2.1',RTI/STI for which treatment initiated - Male,TOTAL,97147,95690,1457,18066,79081,1,1,NA,0,1,7086,7086,0,2327,4759,48,41,7,0,48,787,782,5,1,786,2648,2648,0,52,2596,129,129,NA,90,39,1290,1287,3,51,1239,32,32,NA,0,32,31,31,0,2,29,2213,2154,59,1291,922,23,23,0,0,23,3991,3970,21,1269,2722,2954,2954,0,429,2525,1796,1766,30,2,1794,757,757,0,53,704,1182,1182,0,0,1182,11049,10486,563,1861,9188,2428,2001,427,216,2212,0,0,NA,NA,0,NA,NA,NA,NA,NA,NA,NA,NA,NA,NA,7021,6839,182,792,6229,6669,6654,15,1069,5600,103,103,0,0,103,97,93,4,0,97,55,55,0,0,55,83,79,4,4,79,3851,3739,112,393,3458,326,326,0,50,276,5465,5465,0,1428,4037,2772,2772,0,974,1798,58,58,NA,0,58,17649,17649,0,3155,14494,3508,3508,0,1647,1861,221,221,NA,10,211,7182,7182,0,242,6940,514,514,0,33,481,3128,3103,25,625,2503
M7 [Reproductive Tract Infections/Sexually Transmitted Infections (RTI/STI) Cases],'7.2.2',RTI/STI for which treatment initiated -Female,TOTAL,234201,230911,3290,53501,180700,13,13,NA,0,13,13137,13137,0,4896,8241,86,72,14,0,86,2658,2647,11,3,2655,7834,7834,0,94,7740,886,886,NA,483,403,2995,2988,7,138,2857,182,182,NA,0,182,55,55,0,9,46,12914,12663,251,7202,5712,89,89,0,1,88,10270,10140,130,3394,6876,13934,13934,0,1736,12198,4239,4196,43,2,4237,2859,2859,0,159,2700,1799,1769,30,29,1770,22779,21684,1095,4082,18697,3531,3142,389,268,3263,0,0,NA,NA,0,NA,NA,NA,NA,NA,NA,NA,NA,NA,NA,19629,19144,485,2858,16771,12026,12009,17,2909,9117,199,190,9,6,193,741,734,7,45,696,127,127,0,0,127,196,181,15,15,181,5088,4879,209,468,4620,753,753,0,218,535,12145,12145,0,2339,9806,11417,11417,0,5871,5546,179,179,NA,0,179,33716,33716,0,7532,26184,7645,7645,0,3979,3666,404,404,NA,17,387,16830,16818,12,1277,15553,3494,3494,0,750,2744,9352,8786,566,2721,6631
M8 [Family Planning],'8.1.1',Number of Non Scalpel Vasectomy (NSV) / Conventional Vasectomy conducted,TOTAL,1775,1502,273,402,1373,0,0,NA,0,0,106,82,24,47,59,0,0,0,0,0,9,9,0,1,8,101,75,26,5,96,2,2,NA,0,2,182,165,17,8,174,0,0,NA,0,0,0,0,0,0,0,35,31,4,5,30,1,1,0,0,1,40,31,9,8,32,100,100,0,4,96,4,4,0,0,4,9,8,1,1,8,84,42,42,38,46,37,37,0,15,22,45,45,0,2,43,0,0,NA,NA,0,NA,NA,NA,NA,NA,NA,NA,NA,NA,NA,99,94,5,37,62,171,153,18,20,151,0,0,0,0,0,1,1,0,0,1,0,0,0,0,0,0,0,0,0,0,7,6,1,0,7,0,0,0,0,0,77,66,11,16,61,162,146,16,52,110,0,0,NA,0,0,18,17,1,5,13,180,177,3,7,173,0,0,NA,0,0,147,117,30,14,133,18,18,0,1,17,140,75,65,116,24
M8 [Family Planning],'8.2.1',Number of Laparoscopic sterilizations (excluding post abortion) conducted,TOTAL,71604,54794,16810,23616,47988,9,9,NA,0,9,883,254,629,679,204,28,24,4,0,28,393,390,3,5,388,58,50,8,0,58,26,26,NA,9,17,403,238,165,122,281,62,57,5,5,57,2,2,0,0,2,450,191,259,277,173,19,18,1,1,18,8927,4607,4320,5467,3460,672,666,6,26,646,383,383,0,0,383,73,58,15,13,60,200,113,87,87,113,12227,9590,2637,3984,8243,1551,962,589,225,1326,0,0,NA,NA,0,NA,NA,NA,NA,NA,NA,NA,NA,NA,NA,4422,3617,805,1921,2501,12806,10498,2308,1749,11057,1,1,0,0,1,4,4,0,0,4,6,5,1,1,5,71,66,5,5,66,159,127,32,21,138,53,35,18,39,14,1294,899,395,239,1055,14856,12532,2324,4757,10099,0,0,NA,NA,0,3403,2510,893,1516,1887,2178,1815,363,1639,539,112,85,27,37,75,5495,4780,715,543,4952,93,93,0,8,85,285,89,196,241,44
M8 [Family Planning],'8.2.2',Number of Interval Mini-lap (other than post-partum and post abortion) sterilizations conducted,TOTAL,73130,50294,22836,20997,52133,13,13,NA,0,13,7618,4835,2783,3920,3698,101,99,2,0,101,94,54,40,40,54,15570,11497,4073,995,14575,7,7,NA,0,7,2300,1792,508,510,1790,5,1,4,4,1,11,7,4,4,7,78,49,29,25,53,22,12,10,7,15,7080,3180,3900,4049,3031,2919,2142,777,790,2129,32,22,10,0,32,144,117,27,15,129,1549,849,700,68,1481,5636,3261,2375,2927,2709,582,219,363,119,463,0,0,NA,NA,0,NA,NA,NA,NA,NA,NA,NA,NA,NA,NA,1807,1138,669,1192,615,14844,11586,3258,1785,13059,4,0,4,0,4,78,78,0,0,78,49,34,15,1,48,7,4,3,3,4,562,487,75,39,523,54,49,5,19,35,1174,953,221,300,874,1090,586,504,478,612,0,0,NA,0,0,2562,2073,489,909,1653,1894,1390,504,1126,768,12,9,3,3,9,1493,618,875,607,886,137,137,0,52,85,3602,2996,606,1010,2592
M8 [Family Planning],'8.2.3',Number of Postpartum sterilizations (within 7 days of delivery by minilap or concurrent with caesarean section) conducted,TOTAL,57530,40738,16792,22648,34882,18,18,NA,0,18,5497,3789,1708,3065,2432,12,9,3,0,12,902,773,129,66,836,1837,1622,215,114,1723,139,139,NA,8,131,603,405,198,102,501,10,10,NA,0,10,7,6,1,1,6,533,497,36,19,514,133,112,21,11,122,972,650,322,510,462,698,658,40,76,622,81,80,1,0,81,168,152,16,45,123,502,294,208,27,475,4928,3431,1497,1741,3187,4765,2504,2261,933,3832,10,10,NA,NA,10,NA,NA,NA,NA,NA,NA,NA,NA,NA,NA,1760,1476,284,642,1118,4012,2788,1224,919,3093,48,43,5,5,43,137,91,46,0,137,68,66,2,2,66,22,19,3,3,19,1352,1224,128,1,1351,520,411,109,312,208,581,457,124,157,424,1689,1270,419,1056,633,2,2,NA,0,2,15724,9670,6054,8706,7018,3051,2241,810,1289,1762,103,85,18,18,85,866,494,372,297,569,110,110,0,48,62,5670,5132,538,2475,3195
M8 [Family Planning],'8.2.4',Number of Post Abortion sterilizations (within 7 days of spontaneous or surgical abortion) conducted,TOTAL,5119,4054,1065,1791,3328,2,2,NA,0,2,14,14,0,5,9,0,0,0,0,0,50,43,7,7,43,174,168,6,17,157,18,18,NA,8,10,161,152,9,9,152,19,19,NA,0,19,3,3,0,0,3,239,208,31,49,190,16,14,2,2,14,360,332,28,79,281,64,64,0,8,56,26,26,0,0,26,11,11,0,0,11,53,53,0,20,33,181,70,111,112,69,113,16,97,41,72,0,0,NA,NA,0,NA,NA,NA,NA,NA,NA,NA,NA,NA,NA,102,77,25,53,49,1190,960,230,433,757,0,0,0,0,0,0,0,0,0,0,1,1,0,0,1,19,19,0,0,19,38,37,1,0,38,55,32,23,34,21,32,31,1,0,32,106,103,3,48,58,1,1,NA,0,1,1427,1041,386,723,704,9,9,0,2,7,23,23,NA,0,23,374,321,53,27,347,1,1,0,0,1,237,185,52,114,123
M8 [Family Planning],'8.3',Number of Interval IUCD Insertions (excluding PPIUCD and PAIUCD),TOTAL,222351,196992,25359,45575,176776,28,28,NA,1,27,8005,4276,3729,3524,4481,154,127,27,0,154,2798,2776,22,41,2757,15771,15410,361,1665,14106,173,173,NA,142,31,6046,5997,49,416,5630,12,12,NA,0,12,18,14,4,4,14,2942,2722,220,1876,1066,59,35,24,14,45,41728,32026,9702,14031,27697,9055,8550,505,1445,7610,671,671,0,1,670,856,831,25,40,816,5574,5030,544,65,5509,9203,7525,1678,2635,6568,2946,2429,517,271,2675,0,0,NA,NA,0,NA,NA,NA,NA,NA,NA,NA,NA,NA,NA,12753,12154,599,1825,10928,21087,17524,3563,4041,17046,244,239,5,10,234,198,196,2,12,186,171,156,15,17,154,211,156,55,56,155,2705,2685,20,142,2563,60,49,11,34,26,7596,7220,376,1892,5704,18850,18579,271,853,17997,19,19,NA,3,16,6903,6184,719,2847,4056,4319,2663,1656,1563,2756,32,32,NA,3,29,27342,26836,506,5472,21870,2246,2246,0,364,1882,11576,11422,154,270,11306
M8 [Family Planning],'8.4',Number of Postpartum (within 48 hours of delivery) IUCD insertions,TOTAL,170829,168150,2679,26109,144720,67,67,NA,0,67,1227,384,843,890,337,35,35,0,0,35,5666,5658,8,58,5608,12187,12187,0,924,11263,211,211,NA,58,153,5329,5323,6,239,5090,4,2,2,2,2,6,6,0,0,6,3580,3566,14,232,3348,11,11,0,0,11,5143,4848,295,954,4189,6163,6063,100,321,5842,275,275,0,0,275,222,221,1,1,221,6489,6470,19,36,6453,6713,6213,500,833,5880,374,343,31,18,356,0,0,NA,NA,0,NA,NA,NA,NA,NA,NA,NA,NA,NA,NA,19736,19606,130,3295,16441,10099,9619,480,2541,7558,49,49,0,0,49,45,43,2,0,45,9,9,0,0,9,21,18,3,3,18,8505,8504,1,171,8334,178,170,8,47,131,2801,2799,2,445,2356,17179,17166,13,4197,12982,23,23,NA,0,23,17802,17726,76,3983,13819,426,416,10,238,188,21,21,NA,0,21,14500,14380,120,273,14227,673,673,0,180,493,25060,25045,15,6170,18890
M8 [Family Planning],'8.5',Number of Post Abortion (within 12 days of spontaneous or surgical abortion) IUCD insertions,TOTAL,7770,7024,746,1799,5971,2,2,NA,0,2,115,20,95,102,13,12,12,0,0,12,1259,1258,1,45,1214,65,65,0,3,62,15,15,NA,5,10,427,426,1,26,401,8,8,NA,0,8,5,5,0,0,5,410,361,49,93,317,6,5,1,1,5,290,277,13,111,179,121,121,0,8,113,11,11,0,0,11,30,30,0,3,27,261,261,0,2,259,549,332,217,284,265,18,9,9,3,15,0,0,NA,NA,0,NA,NA,NA,NA,NA,NA,NA,NA,NA,NA,560,547,13,101,459,787,607,180,267,520,5,5,0,0,5,2,0,2,0,2,0,0,0,0,0,47,15,32,30,17,736,736,0,13,723,5,5,0,2,3,73,51,22,36,37,327,326,1,74,253,1,1,NA,0,1,170,124,46,96,74,66,66,0,33,33,21,21,NA,2,19,246,205,41,79,167,51,51,0,18,33,1069,1046,23,362,707
M8 [Family Planning],'8.6',Number of IUCD Removals,TOTAL,66825,63715,3110,8822,58003,29,29,NA,1,28,742,742,0,115,627,104,88,16,0,104,1131,1117,14,24,1107,4428,4425,3,518,3910,78,78,NA,49,29,4702,4681,21,191,4511,4,4,NA,0,4,8,8,0,0,8,1220,983,237,790,430,31,18,13,12,19,6680,6418,262,826,5854,2655,2636,19,288,2367,365,365,0,0,365,381,379,2,18,363,1791,1751,40,25,1766,3101,2537,564,919,2182,1037,815,222,100,937,1,1,NA,NA,1,NA,NA,NA,NA,NA,NA,NA,NA,NA,NA,6733,6622,111,403,6330,5442,4691,751,702,4740,163,148,15,15,148,211,205,6,10,201,106,89,17,15,91,122,91,31,26,96,2021,2011,10,47,1974,83,78,5,29,54,2341,2322,19,398,1943,7247,7235,12,460,6787,32,32,NA,1,31,3238,2860,378,1529,1709,692,550,142,346,346,31,31,NA,2,29,4573,4513,60,468,4105,702,702,0,56,646,4600,4460,140,439,4161
M8 [Family Planning],'8.7',Number of complications following IUCD Insertion,TOTAL,7147,6963,184,1035,6112,3,3,NA,0,3,141,141,0,24,117,7,7,0,0,7,184,184,0,1,183,666,666,0,34,632,0,0,NA,0,0,265,265,0,24,241,0,0,NA,0,0,0,0,0,0,0,146,140,6,71,75,0,0,0,0,0,546,519,27,210,336,364,360,4,32,332,13,13,0,0,13,36,36,0,0,36,303,302,1,5,298,146,133,13,30,116,52,50,2,2,50,0,0,NA,NA,0,NA,NA,NA,NA,NA,NA,NA,NA,NA,NA,996,977,19,153,843,325,241,84,27,298,6,6,0,0,6,13,13,0,0,13,9,9,0,2,7,0,0,0,0,0,130,130,0,5,125,0,0,0,0,0,38,38,0,20,18,927,927,0,77,850,0,0,NA,0,0,25,25,0,2,23,49,47,2,7,42,0,0,NA,0,0,1053,1027,26,215,838,39,39,0,1,38,665,665,0,93,572
M8 [Family Planning],'8.8',Injectable Contraceptive-Antara Program- First Dose,TOTAL,68000,67575,425,9905,58095,12,12,NA,0,12,24,24,0,0,24,76,76,0,0,76,2753,2742,11,33,2720,14775,14764,11,1564,13211,138,138,NA,100,38,483,481,2,7,476,61,61,NA,8,53,8,8,0,0,8,1611,1591,20,1017,594,24,24,0,0,24,2080,2080,0,98,1982,2610,2610,0,616,1994,186,186,0,0,186,937,937,0,38,899,1832,1781,51,118,1714,1654,1617,37,376,1278,184,181,3,39,145,0,0,NA,NA,0,NA,NA,NA,NA,NA,NA,NA,NA,NA,NA,4473,4427,46,1587,2886,1670,1577,93,432,1238,7,7,NA,NA,7,393,393,0,3,390,5,5,0,0,5,17,11,6,6,11,1412,1412,0,360,1052,95,95,0,46,49,519,519,0,122,397,7155,7155,0,1312,5843,85,85,NA,2,83,2104,2103,1,452,1652,182,182,0,57,125,64,64,NA,25,39,11747,11700,47,727,11020,113,113,0,11,102,8511,8414,97,749,7762
M8 [Family Planning],'8.9',Injectable Contraceptive-Antara Program- Second Dose,TOTAL,28918,28690,228,4645,24273,8,8,NA,0,8,0,0,0,0,0,65,65,0,0,65,1226,1221,5,25,1201,7122,7122,0,737,6385,60,60,NA,45,15,201,201,0,1,200,40,40,NA,1,39,0,0,0,0,0,496,486,10,339,157,15,15,0,0,15,708,708,0,14,694,842,842,0,158,684,103,103,0,0,103,399,399,0,26,373,818,758,60,60,758,761,710,51,213,548,52,50,2,14,38,0,0,NA,NA,0,NA,NA,NA,NA,NA,NA,NA,NA,NA,NA,2090,2063,27,930,1160,493,433,60,142,351,1,1,NA,NA,1,135,135,0,8,127,3,3,0,0,3,20,10,10,10,10,586,586,0,235,351,92,92,0,35,57,203,203,0,53,150,5200,5200,0,721,4479,39,39,NA,0,39,820,820,0,315,505,23,23,0,1,22,4,4,NA,0,4,3119,3119,0,167,2952,25,25,0,7,18,3149,3146,3,388,2761
M8 [Family Planning],'8.10',Injectable Contraceptive-Antara Program- Third Dose,TOTAL,13163,12986,177,2272,10891,7,7,NA,0,7,3,3,0,0,3,22,22,0,0,22,373,371,2,12,361,3865,3865,0,405,3460,20,20,NA,16,4,76,76,0,2,74,32,32,NA,2,30,0,0,0,0,0,304,299,5,206,98,10,10,0,0,10,93,93,0,7,86,179,179,0,10,169,55,55,0,0,55,212,212,0,14,198,368,274,94,94,274,339,318,21,127,212,18,18,0,4,14,0,0,NA,NA,0,NA,NA,NA,NA,NA,NA,NA,NA,NA,NA,1016,1008,8,393,623,192,163,29,47,145,0,0,NA,NA,0,100,100,0,3,97,3,3,0,0,3,26,10,16,16,10,243,243,0,51,192,30,30,0,15,15,87,87,0,27,60,1983,1983,0,252,1731,12,12,NA,0,12,441,441,0,222,219,1,1,0,0,1,1,1,NA,0,1,1112,1112,0,50,1062,12,12,0,2,10,1928,1926,2,295,1633
M8 [Family Planning],'8.11',Injectable Contraceptive-Antara Program- Fourth or more than fourth,TOTAL,10731,10598,133,1869,8862,10,10,NA,0,10,149,149,0,0,149,15,15,0,0,15,250,250,0,16,234,2155,2155,0,246,1909,11,11,NA,7,4,110,110,0,0,110,20,20,NA,0,20,0,0,0,0,0,243,223,20,122,121,8,8,0,0,8,214,214,0,3,211,127,127,0,0,127,53,53,0,0,53,152,151,1,7,145,268,268,0,0,268,436,407,29,103,333,20,20,0,1,19,0,0,NA,NA,0,NA,NA,NA,NA,NA,NA,NA,NA,NA,NA,1677,1653,24,569,1108,163,140,23,52,111,0,0,NA,NA,0,81,81,0,0,81,0,0,0,0,0,27,7,20,20,7,140,140,0,17,123,3,3,0,0,3,39,39,0,10,29,1426,1426,0,141,1285,18,18,NA,0,18,219,219,0,91,128,96,96,0,4,92,1,1,NA,0,1,954,954,0,72,882,12,12,0,1,11,1634,1618,16,387,1247
M8 [Family Planning],'8.12',Number of Combined Oral Pill cycles distributed,TOTAL,3088946,3036622,52324,447707,2641239,1188,1188,NA,82,1106,189527,189527,0,13959,175568,2352,2352,0,19,2333,133497,129270,4227,3579,129918,75352,75310,42,8170,67182,1609,1609,NA,1401,208,61964,61960,4,7616,54348,922,922,NA,391,531,625,625,0,111,514,13819,13284,535,10617,3202,1056,999,57,53,1003,242002,236034,5968,103697,138305,67718,64660,3058,14107,53611,23723,23723,0,93,23630,31271,31121,150,1850,29421,95407,93249,2158,3184,92223,144130,142361,1769,22808,121322,3784,3659,125,415,3369,145,145,NA,NA,145,NA,NA,NA,NA,NA,NA,NA,NA,NA,NA,338003,336038,1965,39697,298306,248405,229529,18876,56065,192340,2966,2966,0,20,2946,6369,6362,7,225,6144,6045,5506,539,1720,4325,1533,1143,390,406,1127,112791,112754,37,7642,105149,3091,3039,52,1346,1745,92281,90468,1813,18746,73535,265410,265147,263,22616,242794,9540,9540,NA,141,9399,29971,29576,395,8469,21502,58600,58594,6,9772,48828,8149,8149,NA,881,7268,216901,215868,1033,39022,177879,25040,25040,0,2129,22911,573760,564905,8855,46658,527102
M8 [Family Planning],'8.13',Number of Condom pieces distributed,TOTAL,23810973,23281832,529141,4082537,19728436,10296,10296,NA,980,9316,1955722,1955722,0,105873,1849849,4131,4131,0,12,4119,364984,357610,7374,12370,352614,670260,665086,5174,58415,611845,101280,101280,NA,97820,3460,325920,325770,150,31706,294214,32103,32103,NA,17360,14743,10926,10926,0,2920,8006,386712,385966,746,317388,69324,23931,23383,548,1460,22471,2137077,2032998,104079,649303,1487774,1435536,1310880,124656,281323,1154213,323585,323585,0,1986,321599,187360,186475,885,13047,174313,543833,529594,14239,11694,532139,1220483,1209866,10617,182409,1038074,177048,176602,446,23810,153238,2757,2757,NA,NA,2757,NA,NA,NA,NA,NA,NA,NA,NA,NA,NA,1734594,1723697,10897,229279,1505315,1508041,1360024,148017,584976,923065,10336,10336,0,439,9897,23673,23673,0,1725,21948,12331,11851,480,4136,8195,11106,8131,2975,5312,5794,563557,563370,187,27001,536556,80445,80355,90,47137,33308,1887552,1843152,44400,382016,1505536,2664285,2662285,2000,254547,2409738,22711,22711,NA,1733,20978,506132,499095,7037,166651,339481,339989,339989,0,56419,283570,13327,13327,NA,1463,11864,2044594,2035919,8675,300233,1744361,235952,235952,0,15840,220112,2238404,2202935,35469,193754,2044650
M8 [Family Planning],'8.14',Number of Centchroman (weekly) pill strips distributed,TOTAL,154667,151485,3182,24164,130503,0,0,NA,0,0,8564,8564,0,509,8055,171,171,0,0,171,3816,3584,232,114,3702,20839,20839,0,2218,18621,27,27,NA,9,18,2848,2759,89,236,2612,325,325,NA,17,308,48,48,0,0,48,3341,3331,10,2036,1305,85,80,5,0,85,8569,8069,500,2132,6437,4704,4660,44,648,4056,508,508,0,0,508,2315,2315,0,27,2288,10133,10111,22,108,10025,6794,6778,16,613,6181,1687,1025,662,837,850,2,2,NA,NA,2,NA,NA,NA,NA,NA,NA,NA,NA,NA,NA,12823,12472,351,2933,9890,9269,9086,183,3302,5967,106,106,NA,NA,106,85,85,0,0,85,50,50,0,0,50,63,63,0,0,63,1864,1864,0,811,1053,141,141,0,81,60,2099,2099,0,429,1670,6372,6372,0,1484,4888,126,126,NA,0,126,6735,6734,1,1625,5110,2833,2833,0,98,2735,12,12,NA,0,12,22790,21731,1059,3237,19553,3481,3481,0,2,3479,11042,11034,8,658,10384
M8 [Family Planning],'8.15',Number of Emergency Contraceptive Pills (ECP) given,TOTAL,143235,141558,1677,19436,123799,33,33,NA,16,17,2577,2577,0,0,2577,539,539,0,6,533,1927,1910,17,179,1748,18241,18241,0,2015,16226,68,68,NA,53,15,892,835,57,118,774,17,17,NA,8,9,41,41,0,17,24,3307,3213,94,2768,539,7,6,1,1,6,3737,3722,15,592,3145,2642,2375,267,594,2048,996,996,0,0,996,3048,3048,0,263,2785,10253,10226,27,765,9488,1358,1261,97,307,1051,651,645,6,53,598,37,37,NA,NA,37,NA,NA,NA,NA,NA,NA,NA,NA,NA,NA,5549,5079,470,1139,4410,2497,2199,298,357,2140,592,592,NA,3,589,138,138,0,2,136,94,94,0,33,61,188,106,82,91,97,3767,3760,7,162,3605,274,274,0,179,95,3549,3549,0,965,2584,8935,8935,0,1512,7423,15,15,NA,0,15,2451,2432,19,668,1783,2759,2759,0,106,2653,342,342,NA,61,281,56846,56820,26,5869,50977,1752,1752,0,263,1489,3116,2922,194,271,2845
M8 [Family Planning],'8.16',Number of Pregnancy Test Kits (PTK) used,TOTAL,1265476,1250039,15437,169389,1096087,295,295,NA,80,215,51431,51431,0,6863,44568,1800,1784,16,4,1796,32031,30972,1059,1278,30753,72749,72749,0,8073,64676,2677,2677,NA,2396,281,27659,27408,251,3059,24600,1710,1710,NA,79,1631,1518,1518,0,60,1458,21819,20102,1717,16476,5343,1967,1944,23,21,1946,109810,109772,38,17797,92013,28788,28436,352,4335,24453,13137,13137,0,54,13083,11712,11709,3,923,10789,40482,39606,876,830,39652,66299,62135,4164,12441,53858,29757,28708,1049,1753,28004,144,144,NA,NA,144,NA,NA,NA,NA,NA,NA,NA,NA,NA,NA,126754,125101,1653,14419,112335,95396,92493,2903,16268,79128,1441,1423,18,1,1440,5603,5560,43,177,5426,1317,1279,38,312,1005,830,667,163,190,640,35318,35186,132,2757,32561,1727,1727,0,440,1287,22423,22423,0,3988,18435,58378,58373,5,12057,46321,536,536,NA,32,504,64101,64101,0,11065,53036,29190,29172,18,4594,24596,3606,3606,NA,330,3276,144086,143954,132,14663,129423,4271,4261,10,324,3947,154714,153940,774,11250,143464
M8 [Family Planning],'8.17.1',Complications following male sterilization,TOTAL,843,843,0,2,841,0,0,NA,0,0,0,0,0,0,0,0,0,0,0,0,0,0,0,0,0,0,0,0,0,0,0,0,NA,0,0,3,3,0,2,1,0,0,NA,0,0,0,0,0,0,0,0,0,0,0,0,0,0,0,0,0,6,6,0,0,6,2,2,0,0,2,0,0,0,0,0,0,0,0,0,0,9,9,0,0,9,0,0,0,0,0,4,4,0,0,4,0,0,NA,NA,0,NA,NA,NA,NA,NA,NA,NA,NA,NA,NA,0,0,0,0,0,0,0,0,0,0,0,0,NA,NA,0,0,0,0,0,0,0,0,0,0,0,0,0,0,0,0,0,0,0,0,0,0,0,0,0,0,0,0,0,0,0,0,0,0,0,0,0,0,NA,0,0,0,0,0,0,0,9,9,0,0,9,0,0,NA,0,0,9,9,0,0,9,0,0,0,0,0,801,801,0,0,801
M8 [Family Planning],'8.17.2',Complications following female sterilization,TOTAL,482,468,14,43,439,1,1,NA,0,1,0,0,0,0,0,0,0,0,0,0,3,3,0,0,3,76,65,11,2,74,0,0,NA,0,0,3,3,0,3,0,0,0,NA,0,0,0,0,0,0,0,0,0,0,0,0,0,0,0,0,0,30,30,0,0,30,18,18,0,0,18,1,1,0,0,1,0,0,0,0,0,42,42,0,0,42,5,2,3,3,2,5,5,0,0,5,0,0,NA,NA,0,NA,NA,NA,NA,NA,NA,NA,NA,NA,NA,83,83,0,11,72,4,4,0,1,3,0,0,NA,NA,0,4,4,0,0,4,0,0,0,0,0,0,0,0,0,0,8,8,0,0,8,2,2,0,0,2,0,0,0,0,0,27,27,0,0,27,0,0,NA,0,0,0,0,0,0,0,45,45,0,10,35,0,0,NA,0,0,71,71,0,6,65,9,9,0,0,9,45,45,0,7,38
M8 [Family Planning],'8.17.3',Failures following male sterilization,TOTAL,6,6,0,0,6,0,0,NA,0,0,0,0,0,0,0,0,0,0,0,0,0,0,0,0,0,0,0,0,0,0,0,0,NA,0,0,0,0,0,0,0,0,0,NA,0,0,0,0,0,0,0,0,0,0,0,0,0,0,0,0,0,0,0,0,0,0,0,0,0,0,0,0,0,0,0,0,0,0,0,0,0,0,0,0,0,0,0,0,0,0,0,1,1,0,0,1,0,0,NA,NA,0,NA,NA,NA,NA,NA,NA,NA,NA,NA,NA,0,0,0,0,0,4,4,0,0,4,0,0,NA,NA,0,0,0,0,0,0,0,0,0,0,0,0,0,0,0,0,0,0,0,0,0,0,0,0,0,0,0,0,0,0,0,1,1,0,0,1,0,0,NA,0,0,0,0,0,0,0,0,0,0,0,0,0,0,NA,0,0,0,0,0,0,0,0,0,0,0,0,0,0,0,0,0
M8 [Family Planning],'8.17.4',Failures following female sterilization,TOTAL,223,218,5,30,193,0,0,NA,0,0,0,0,0,0,0,0,0,0,0,0,0,0,0,0,0,0,0,0,0,0,1,1,NA,0,1,0,0,0,0,0,0,0,NA,0,0,0,0,0,0,0,5,3,2,2,3,0,0,0,0,0,2,2,0,0,2,5,5,0,0,5,2,2,0,0,2,0,0,0,0,0,0,0,0,0,0,9,9,0,0,9,13,13,0,1,12,0,0,NA,NA,0,NA,NA,NA,NA,NA,NA,NA,NA,NA,NA,13,13,0,0,13,77,77,0,6,71,0,0,NA,NA,0,0,0,0,0,0,0,0,0,0,0,0,0,0,0,0,17,17,0,1,16,3,3,0,0,3,2,2,0,0,2,26,26,0,3,23,0,0,NA,0,0,45,42,3,15,30,1,1,0,1,0,0,0,NA,0,0,1,1,0,0,1,0,0,0,0,0,1,1,0,1,0
M8 [Family Planning],'8.17.5',Deaths following male sterilization,TOTAL,0,0,0,0,0,0,0,NA,0,0,0,0,0,0,0,0,0,0,0,0,0,0,0,0,0,0,0,0,0,0,0,0,NA,0,0,0,0,0,0,0,0,0,NA,0,0,0,0,0,0,0,0,0,0,0,0,0,0,0,0,0,0,0,0,0,0,0,0,0,0,0,0,0,0,0,0,0,0,0,0,0,0,0,0,0,0,0,0,0,0,0,0,0,0,0,0,0,0,NA,NA,0,NA,NA,NA,NA,NA,NA,NA,NA,NA,NA,0,0,0,0,0,0,0,0,0,0,0,0,NA,NA,0,0,0,0,0,0,0,0,0,0,0,0,0,0,0,0,0,0,0,0,0,0,0,0,0,0,0,0,0,0,0,0,0,0,0,0,0,0,NA,0,0,0,0,0,0,0,0,0,0,0,0,0,0,NA,0,0,0,0,0,0,0,0,0,0,0,0,0,0,0,0,0
M8 [Family Planning],'8.17.6',Deaths following female sterilization,TOTAL,2,2,0,0,2,0,0,NA,0,0,0,0,0,0,0,0,0,0,0,0,0,0,0,0,0,0,0,0,0,0,0,0,NA,0,0,0,0,0,0,0,0,0,NA,0,0,0,0,0,0,0,0,0,0,0,0,0,0,0,0,0,0,0,0,0,0,0,0,0,0,0,0,0,0,0,0,0,0,0,0,0,0,0,0,0,0,1,1,0,0,1,0,0,0,0,0,0,0,NA,NA,0,NA,NA,NA,NA,NA,NA,NA,NA,NA,NA,0,0,0,0,0,1,1,0,0,1,0,0,NA,NA,0,0,0,0,0,0,0,0,0,0,0,0,0,0,0,0,0,0,0,0,0,0,0,0,0,0,0,0,0,0,0,0,0,0,0,0,0,0,NA,0,0,0,0,0,0,0,0,0,0,0,0,0,0,NA,0,0,0,0,0,0,0,0,0,0,0,0,0,0,0,0,0
M9 [CHILD IMMUNISATION],'9.1.1',Child immunisation - Vitamin K1 (Birth Dose),TOTAL,934686,723068,211618,239917,694769,79,79,NA,0,79,59837,25537,34300,39750,20087,431,292,139,0,431,25303,22266,3037,2044,23259,56940,56940,0,4365,52575,1875,1875,NA,443,1432,20326,17908,2418,2841,17485,762,762,NA,0,762,264,264,0,0,264,13510,11131,2379,2924,10586,1568,985,583,379,1189,71068,47177,23891,23879,47189,21893,17277,4616,5169,16724,5427,4857,570,0,5427,9690,9401,289,277,9413,34461,30329,4132,1039,33422,53191,35562,17629,19334,33857,28915,12120,16795,5375,23540,67,67,NA,NA,67,NA,NA,NA,NA,NA,NA,NA,NA,NA,NA,81266,76598,4668,14630,66636,104644,66085,38559,21457,83187,1614,1389,225,120,1494,3527,2730,797,0,3527,1035,865,170,18,1017,363,192,171,123,240,39784,35911,3873,680,39104,3235,2459,776,2248,987,11703,9590,2113,2752,8951,48596,46114,2482,12391,36205,368,368,NA,189,179,75896,41100,34796,43588,32308,27018,20776,6242,12658,14360,1035,1020,15,156,879,53742,49379,4363,1412,52330,3813,3513,300,835,2978,71440,70150,1290,18841,52599
M9 [CHILD IMMUNISATION],'9.1.2',Child immunisation - BCG,TOTAL,1658654,1476912,181742,348648,1310006,312,312,NA,0,312,62341,49004,13337,24029,38312,1517,1453,64,47,1470,49495,45335,4160,3549,45946,191750,191439,311,19864,171886,1764,1764,NA,475,1289,40741,37451,3290,4507,36234,776,733,43,47,729,353,353,0,76,277,20488,17468,3020,5972,14516,1554,1242,312,276,1278,87881,77911,9970,27659,60222,36875,31338,5537,9571,27304,6738,6251,487,0,6738,14381,13477,904,1360,13021,63070,55471,7599,3109,59961,81906,63322,18584,26082,55824,40703,18370,22333,8248,32455,59,59,NA,NA,59,NA,NA,NA,NA,NA,NA,NA,NA,NA,NA,100630,94538,6092,19639,80991,154240,133145,21095,40341,113899,3229,2983,246,306,2923,7138,6328,810,30,7108,1621,1460,161,288,1333,1786,1562,224,253,1533,52344,50790,1554,1315,51029,3234,2458,776,2248,986,25505,23121,2384,6860,18645,93642,87582,6060,23636,70006,481,345,136,164,317,76069,44162,31907,42165,33904,58501,47148,11353,22473,36028,3817,3735,82,243,3574,265117,259136,5981,26922,238195,12386,11502,884,1551,10835,96210,94164,2046,25343,70867
M9 [CHILD IMMUNISATION],'9.1.3',Child immunisation - DPT1,TOTAL,3608,2250,1358,1815,1793,2,2,NA,0,2,20,20,0,0,20,1,1,0,0,1,10,10,0,0,10,30,30,0,6,24,2,2,NA,2,0,2,2,0,0,2,0,0,0,0,0,0,0,0,0,0,1089,219,870,723,366,1,1,0,0,1,408,292,116,148,260,70,63,7,7,63,0,0,0,0,0,0,0,0,0,0,65,58,7,7,58,153,113,40,47,106,139,128,11,0,139,1,1,NA,NA,1,NA,NA,NA,NA,NA,NA,NA,NA,NA,NA,43,38,5,6,37,0,0,0,0,0,0,0,NA,NA,0,10,10,0,0,10,104,0,104,104,0,0,0,NA,NA,0,0,0,NA,NA,0,18,18,0,18,0,23,23,0,13,10,0,0,0,0,0,0,0,NA,0,0,0,0,0,0,0,71,71,0,0,71,9,0,9,0,9,1242,1053,189,646,596,6,6,0,0,6,89,89,0,88,1
M9 [CHILD IMMUNISATION],'9.1.4',Child immunisation - DPT2,TOTAL,2191,1377,814,1085,1106,0,0,NA,0,0,0,0,0,0,0,3,3,0,0,3,15,15,0,0,15,27,27,0,7,20,5,5,NA,5,0,0,0,0,0,0,0,0,0,0,0,0,0,0,0,0,694,141,553,457,237,0,0,0,0,0,268,179,89,123,145,36,36,0,1,35,0,0,0,0,0,0,0,0,0,0,43,39,4,4,39,99,56,43,44,55,110,104,6,0,110,0,0,NA,NA,0,NA,NA,NA,NA,NA,NA,NA,NA,NA,NA,10,9,1,1,9,0,0,0,0,0,0,0,NA,NA,0,15,15,0,0,15,91,0,91,91,0,0,0,NA,NA,0,0,0,NA,NA,0,0,0,0,0,0,9,9,0,9,0,0,0,0,0,0,0,0,NA,0,0,0,0,0,0,0,59,59,0,0,59,6,0,6,0,6,679,658,21,329,350,1,1,0,0,1,21,21,0,14,7
M9 [CHILD IMMUNISATION],'9.1.5',Child immunisation - DPT3,TOTAL,2196,1403,793,893,1303,1,1,NA,0,1,0,0,0,0,0,1,1,0,0,1,6,6,0,0,6,28,28,0,0,28,7,7,NA,7,0,0,0,0,0,0,0,0,0,0,0,0,0,0,0,0,642,87,555,419,223,0,0,0,0,0,309,200,109,160,149,20,20,0,0,20,0,0,0,0,0,0,0,0,0,0,49,47,2,2,47,134,115,19,19,115,111,101,10,1,110,0,0,NA,NA,0,NA,NA,NA,NA,NA,NA,NA,NA,NA,NA,16,15,1,1,15,0,0,0,0,0,1,1,NA,NA,1,22,22,0,0,22,78,0,78,78,0,0,0,NA,NA,0,0,0,NA,NA,0,0,0,0,0,0,1,1,0,1,0,0,0,0,0,0,0,0,NA,0,0,0,0,0,0,0,85,85,0,0,85,3,0,3,0,3,653,637,16,187,466,2,2,0,0,2,27,27,0,18,9
M9 [CHILD IMMUNISATION],'9.1.6',Child immunisation - Pentavalent 1,TOTAL,1806070,1732302,73768,343109,1462961,323,323,NA,62,261,76363,58721,17642,28867,47496,1740,1709,31,93,1647,48761,46467,2294,3061,45700,256532,255913,619,29157,227375,1326,1326,NA,1163,163,41218,39940,1278,6328,34890,545,512,33,139,406,304,304,0,79,225,23827,22845,982,19373,4454,1461,1379,82,264,1197,87965,86443,1522,28265,59700,41445,39296,2149,11862,29583,7949,7945,4,68,7881,16563,16277,286,1406,15157,64893,59327,5566,4343,60550,86795,80909,5886,20577,66218,38913,33779,5134,4992,33921,62,62,NA,NA,62,NA,NA,NA,NA,NA,NA,NA,NA,NA,NA,124960,122987,1973,18722,106238,148066,132840,15226,46193,101873,3745,3599,146,338,3407,6697,6417,280,284,6413,1691,1584,107,550,1141,1968,1836,132,239,1729,49850,49396,454,3312,46538,1091,982,109,731,360,30442,29981,461,8322,22120,103202,101824,1378,15556,87646,556,535,21,97,459,74567,67948,6619,24636,49931,47150,46803,347,15340,31810,4365,4356,9,295,4070,283495,281614,1881,34189,249306,13524,13071,453,1207,12317,113716,113052,664,12999,100717
M9 [CHILD IMMUNISATION],'9.1.7',Child immunisation - Pentavalent 2,TOTAL,1817763,1748794,68969,348460,1469303,275,275,NA,53,222,76254,58922,17332,28582,47672,1900,1859,41,115,1785,50780,48566,2214,3228,47552,262671,261894,777,30370,232301,1461,1461,NA,1303,158,44611,43418,1193,6536,38075,595,574,21,147,448,396,396,0,121,275,25799,24957,842,22190,3609,1411,1330,81,277,1134,92697,91097,1600,28875,63822,45963,43573,2390,13535,32428,8308,8303,5,61,8247,16209,15941,268,1378,14831,64745,59157,5588,4298,60447,82085,76948,5137,19406,62679,34056,31394,2662,3656,30400,68,68,NA,NA,68,NA,NA,NA,NA,NA,NA,NA,NA,NA,NA,129165,127507,1658,18869,110296,147744,133319,14425,47924,99820,3551,3397,154,343,3208,6322,6067,255,297,6025,1630,1537,93,552,1078,1961,1806,155,255,1706,53876,53487,389,3823,50053,959,862,97,601,358,33030,32680,350,8518,24512,104631,103449,1182,15373,89258,651,616,35,106,545,73310,66714,6596,24135,49175,47044,46635,409,15205,31839,4298,4292,6,323,3975,267244,265224,2020,33309,233935,13208,12839,369,1158,12050,118855,118230,625,13538,105317
M9 [CHILD IMMUNISATION],'9.1.8',Child immunisation - Pentavalent 3,TOTAL,1854119,1784722,69397,358554,1495565,313,313,NA,64,249,85126,67233,17893,30419,54707,1727,1704,23,117,1610,50267,47886,2381,3297,46970,248275,247520,755,28739,219536,1457,1457,NA,1323,134,45480,44328,1152,6700,38780,704,657,47,207,497,405,405,0,118,287,26514,25726,788,22988,3526,1616,1536,80,313,1303,94291,92833,1458,30615,63676,46355,43776,2579,12949,33406,8541,8536,5,59,8482,15926,15670,256,1393,14533,65298,59839,5459,4250,61048,85727,80639,5088,20033,65694,37299,34840,2459,3820,33479,71,71,NA,NA,71,NA,NA,NA,NA,NA,NA,NA,NA,NA,NA,127342,125689,1653,18039,109303,154976,140179,14797,51213,103763,3444,3304,140,309,3135,5890,5665,225,302,5588,1609,1530,79,521,1088,1699,1570,129,244,1455,59213,58781,432,4160,55053,1146,1063,83,731,415,34996,34588,408,8727,26269,110575,109225,1350,15936,94639,663,630,33,111,552,75881,69963,5918,24590,51291,51767,51347,420,16212,35555,4253,4250,3,300,3953,266582,264300,2282,33930,232652,13181,12810,371,1344,11837,125510,124859,651,14481,111029
M9 [CHILD IMMUNISATION],'9.1.9',Child immunisation - OPV 0 (Birth Dose),TOTAL,1279702,1070038,209664,307441,972261,291,291,NA,0,291,59334,38922,20412,30443,28891,1164,1068,96,31,1133,25794,22677,3117,2121,23673,119819,119419,400,11348,108471,1751,1751,NA,462,1289,33393,30207,3186,4203,29190,768,725,43,45,723,278,278,0,0,278,17196,14312,2884,3310,13886,1523,1121,402,255,1268,83726,66131,17595,29471,54255,29834,23192,6642,8937,20897,5744,5262,482,0,5744,13008,12065,943,1351,11657,41944,33251,8693,2967,38977,69309,48109,21200,25489,43820,39583,17184,22399,7852,31731,69,69,NA,NA,69,NA,NA,NA,NA,NA,NA,NA,NA,NA,NA,89488,84449,5039,16898,72590,131608,102576,29032,31768,99840,2024,1708,316,172,1852,4245,3415,830,4,4241,986,828,158,43,943,1220,1048,172,156,1064,46935,45506,1429,1216,45719,3234,2458,776,2248,986,21762,18633,3129,5743,16019,69988,61850,8138,23733,46255,485,349,136,181,304,75903,44612,31291,41625,34278,53044,40579,12465,21430,31614,3003,2921,82,251,2752,138194,133140,5054,8873,129321,8763,7636,1127,1404,7359,84292,82296,1996,23411,60881
M9 [CHILD IMMUNISATION],'9.1.10',Child immunisation - OPV1,TOTAL,1786374,1728128,58246,327008,1459366,321,321,NA,62,259,61037,58704,2333,13606,47431,1730,1699,31,93,1637,49115,46754,2361,3094,46021,252431,251812,619,28659,223772,1325,1325,NA,1163,162,40853,39807,1046,6096,34757,545,512,33,139,406,304,304,0,79,225,23979,22722,1257,19390,4589,1457,1377,80,262,1195,87374,85888,1486,28226,59148,41522,39352,2170,11778,29744,7949,7945,4,68,7881,16534,16248,286,1406,15128,64959,59581,5378,4166,60793,87046,81071,5975,20733,66313,38921,33848,5073,5035,33886,62,62,NA,NA,62,NA,NA,NA,NA,NA,NA,NA,NA,NA,NA,125288,123301,1987,18689,106599,147635,132394,15241,46211,101424,3734,3583,151,343,3391,6599,6361,238,284,6315,1763,1656,107,550,1213,1947,1824,123,220,1727,49881,49395,486,3394,46487,1099,990,109,741,358,30435,30082,353,8314,22121,103206,101657,1549,15683,87523,556,535,21,97,459,74738,68163,6575,24647,50091,47117,46662,455,15276,31841,4379,4370,9,295,4084,281935,280178,1757,33876,248059,13522,13095,427,1254,12268,115076,114550,526,13079,101997
M9 [CHILD IMMUNISATION],'9.1.11',Child immunisation - OPV2,TOTAL,1801270,1747817,53453,335103,1466167,278,278,NA,53,225,61040,59054,1986,13249,47791,1951,1910,41,114,1837,51702,49412,2290,3241,48461,257921,257144,777,29932,227989,1464,1464,NA,1306,158,44429,43325,1104,6447,37982,605,574,31,157,448,396,396,0,121,275,25928,24850,1078,22195,3733,1413,1332,81,277,1136,93288,91750,1538,29930,63358,45723,43408,2315,13382,32341,8308,8303,5,61,8247,16143,15875,268,1378,14765,65295,59680,5615,4297,60998,81989,76822,5167,19513,62476,34047,31396,2651,3647,30400,68,68,NA,NA,68,NA,NA,NA,NA,NA,NA,NA,NA,NA,NA,131374,129731,1643,20687,110687,147310,132830,14480,47681,99629,3505,3357,148,337,3168,6260,6050,210,297,5963,1621,1528,93,552,1069,1975,1804,171,254,1721,54560,54152,408,3915,50645,958,861,97,601,357,32947,32671,276,8516,24431,104736,103388,1348,15607,89129,651,616,35,106,545,73381,66778,6603,24178,49203,46571,46312,259,14974,31597,4306,4301,5,324,3982,265687,263906,1781,33057,232630,13154,12805,349,1151,12003,120286,119686,600,13566,106720
M9 [CHILD IMMUNISATION],'9.1.12',Child immunisation - OPV3,TOTAL,1834438,1779465,54973,342979,1491459,314,314,NA,64,250,70623,67296,3327,15956,54667,1778,1755,23,117,1661,50838,48413,2425,3318,47520,244753,243998,755,27717,217036,1464,1464,NA,1331,133,45127,44084,1043,6591,38536,694,657,37,197,497,405,405,0,118,287,26424,25503,921,22802,3622,1618,1544,74,308,1310,93886,92575,1311,30711,63175,45976,43682,2294,12603,33373,8539,8534,5,59,8480,15857,15601,256,1393,14464,65956,60456,5500,4154,61802,85804,80701,5103,20128,65676,37131,34683,2448,3826,33305,72,72,NA,NA,72,NA,NA,NA,NA,NA,NA,NA,NA,NA,NA,127337,125743,1594,17903,109434,154048,139754,14294,51122,102926,3393,3262,131,300,3093,5892,5690,202,302,5590,1611,1532,79,521,1090,1711,1566,145,246,1465,59737,59301,436,4188,55549,1149,1066,83,731,418,34873,34559,314,8719,26154,110364,109133,1231,15808,94556,664,631,33,111,553,77884,70058,7826,26562,51322,50691,50422,269,15666,35025,4231,4229,2,301,3930,263849,261998,1851,33328,230521,13032,12686,346,1264,11768,126713,126098,615,14514,112199
M9 [CHILD IMMUNISATION],'9.1.13',Child immunisation - Hepatitis-B0 (Birth Dose),TOTAL,990722,779144,211578,258848,731874,261,261,NA,0,261,56942,30838,26104,33741,23201,931,792,139,1,930,20813,17948,2865,2147,18666,90070,89816,254,7625,82445,1354,1354,NA,357,997,22564,19796,2768,3588,18976,698,665,33,33,665,269,269,0,0,269,14612,11965,2647,3034,11578,1413,980,433,209,1204,68641,47942,20699,23379,45262,22266,15382,6884,7685,14581,5349,4864,485,0,5349,9931,9034,897,1138,8793,30112,23998,6114,1322,28790,57402,36492,20910,23336,34066,28979,11720,17259,6122,22857,69,69,NA,NA,69,NA,NA,NA,NA,NA,NA,NA,NA,NA,NA,79392,74796,4596,15602,63790,80514,50954,29560,20162,60352,1806,1521,285,189,1617,2613,2082,531,0,2613,968,853,115,43,925,922,761,161,114,808,36909,35811,1098,613,36296,3234,2458,776,2248,986,17818,14022,3796,4542,13276,55470,47831,7639,18482,36988,556,424,132,263,293,75939,44160,31779,41976,33963,48476,34141,14335,19377,29099,2623,2541,82,235,2388,79184,73470,5714,2623,76561,6560,5445,1115,1370,5190,65062,63689,1373,17292,47770
M9 [CHILD IMMUNISATION],'9.1.14',Child immunisation - Hepatitis-B1,TOTAL,4264,2320,1944,1628,2636,2,2,NA,0,2,47,47,0,0,47,39,8,31,0,39,0,0,0,0,0,196,196,0,103,93,119,119,NA,0,119,3,3,0,0,3,0,0,NA,0,0,0,0,0,0,0,800,122,678,540,260,1,1,0,0,1,95,16,79,79,16,14,0,14,14,0,0,0,0,0,0,1,1,0,0,1,175,111,64,61,114,450,166,284,189,261,270,33,237,35,235,6,6,NA,NA,6,NA,NA,NA,NA,NA,NA,NA,NA,NA,NA,72,65,7,17,55,0,0,0,0,0,0,0,NA,0,0,3,0,3,0,3,108,0,108,105,3,0,0,NA,NA,0,0,0,NA,NA,0,0,0,0,0,0,0,0,0,0,0,0,0,0,0,0,0,0,0,0,0,0,0,0,0,0,313,46,267,0,313,9,0,9,0,9,1541,1378,163,485,1056,0,0,0,0,0,0,0,0,0,0
M9 [CHILD IMMUNISATION],'9.1.15',Child immunisation - Hepatitis-B2,TOTAL,2721,1572,1149,1216,1505,4,4,NA,0,4,49,49,0,0,49,49,8,41,0,49,0,0,0,0,0,128,128,0,56,72,6,6,NA,0,6,6,6,0,0,6,0,0,NA,0,0,0,0,0,0,0,684,148,536,486,198,0,0,0,0,0,77,0,77,77,0,12,0,12,12,0,0,0,0,0,0,1,1,0,0,1,166,105,61,59,107,316,142,174,132,184,86,20,66,23,63,3,3,NA,NA,3,NA,NA,NA,NA,NA,NA,NA,NA,NA,NA,58,57,1,1,57,0,0,0,0,0,0,0,NA,0,0,3,0,3,0,3,97,0,97,95,2,0,0,NA,NA,0,0,0,NA,NA,0,0,0,0,0,0,0,0,0,0,0,0,0,0,0,0,0,0,0,0,0,0,0,0,0,0,16,10,6,0,16,3,0,3,0,3,957,885,72,275,682,0,0,0,0,0,0,0,0,0,0
M9 [CHILD IMMUNISATION],'9.1.16',Child immunisation - Hepatitis-B3,TOTAL,3181,2137,1044,1179,2002,7,7,NA,0,7,53,53,0,0,53,36,13,23,0,36,6,6,0,0,6,201,201,0,48,153,9,9,NA,0,9,0,0,0,0,0,0,0,NA,0,0,0,0,0,0,0,645,209,436,470,175,10,0,10,10,0,26,8,18,18,8,9,0,9,9,0,0,0,0,0,0,0,0,0,0,0,186,113,73,72,114,464,261,203,129,335,168,126,42,45,123,0,0,NA,NA,0,NA,NA,NA,NA,NA,NA,NA,NA,NA,NA,48,47,1,1,47,0,0,0,0,0,0,0,NA,0,0,21,11,10,0,21,118,0,118,117,1,0,0,NA,NA,0,0,0,NA,NA,0,2,2,0,0,2,0,0,0,0,0,0,0,0,0,0,0,0,0,0,0,0,0,0,0,0,36,31,5,0,36,3,0,3,0,3,1108,1015,93,235,873,0,0,0,0,0,25,25,0,25,0
M9 [CHILD IMMUNISATION],'9.1.17',Child immunisation - Inactivated Polio Vaccine 1 (IPV 1),TOTAL,1648641,1617291,31350,292135,1356506,313,313,NA,60,253,58465,56569,1896,12920,45545,1681,1650,31,93,1588,44354,42734,1620,2603,41751,247846,247227,619,28123,219723,1326,1326,NA,1163,163,34867,33724,1143,5486,29381,512,512,NA,106,406,302,302,0,79,223,22628,21869,759,18348,4280,1424,1376,48,235,1189,85401,84231,1170,27482,57919,35709,35691,18,8759,26950,7945,7945,0,68,7877,16219,15963,256,1376,14843,55658,53060,2598,2849,52809,73383,71332,2051,15699,57684,35168,33699,1469,3957,31211,64,64,NA,NA,64,NA,NA,NA,NA,NA,NA,NA,NA,NA,NA,111290,109703,1587,16725,94565,123662,112240,11422,41553,82109,3664,3559,105,326,3338,6209,6003,206,284,5925,1546,1544,2,443,1103,1400,1361,39,123,1277,46038,45637,401,2952,43086,1007,978,29,650,357,28818,28550,268,7908,20910,92972,92228,744,14428,78544,560,539,21,97,463,68779,67882,897,18885,49894,46612,46133,479,15208,31404,4237,4228,9,292,3945,269028,268154,874,30610,238418,13051,12812,239,1249,11802,106503,106153,350,10996,95507
M9 [CHILD IMMUNISATION],'9.1.18',Child immunisation - Inactivated Polio Vaccine 2 (IPV 2),TOTAL,1675546,1644755,30791,303909,1371637,283,283,NA,57,226,65941,64424,1517,13637,52304,1711,1688,23,117,1594,45219,43528,1691,2809,42410,238039,238032,7,27726,210313,1466,1466,NA,1332,134,38451,37400,1051,5774,32677,657,657,NA,160,497,400,400,0,118,282,25129,24521,608,21845,3284,1579,1544,35,270,1309,90622,89467,1155,29686,60936,38376,38347,29,9356,29020,8534,8534,0,59,8475,15661,15420,241,1378,14283,54346,51763,2583,2868,51478,70752,69021,1731,15282,55470,34801,33922,879,3115,31686,74,74,NA,NA,74,NA,NA,NA,NA,NA,NA,NA,NA,NA,NA,111510,110266,1244,16006,95504,129146,115179,13967,44954,84192,3472,3376,96,288,3184,5478,5314,164,292,5186,1497,1497,0,438,1059,1223,1170,53,124,1099,52393,52029,364,3669,48724,1081,1062,19,657,424,32937,32729,208,8360,24577,99033,98645,388,14313,84720,662,629,33,111,551,70521,69709,812,19405,51116,50252,49689,563,15686,34566,4096,4091,5,295,3801,252453,251696,757,30106,222347,12540,12372,168,1195,11345,115211,114811,400,12421,102790
M9 [CHILD IMMUNISATION],'9.1.19',Child immunisation - Rotavirus 1,TOTAL,820372,801133,19239,120730,699642,1,1,NA,0,1,59426,57638,1788,12952,46474,92,92,0,0,92,47873,45870,2003,2902,44971,322,322,0,0,322,0,0,NA,0,0,329,299,30,30,299,0,0,NA,0,0,0,0,0,0,0,906,11,895,578,328,58,4,54,30,28,915,611,304,359,556,37789,36217,1572,10399,27390,7950,7945,5,68,7882,204,204,0,0,204,60602,58126,2476,3590,57012,1548,200,1348,1274,274,953,149,804,256,697,0,0,NA,NA,0,NA,NA,NA,NA,NA,NA,NA,NA,NA,NA,115632,113993,1639,17859,97773,3904,688,3216,1711,2193,20,2,18,6,14,11,11,0,0,11,0,0,0,0,0,7,7,NA,NA,7,39618,39253,365,3018,36600,0,0,0,0,0,0,0,0,0,0,97082,96141,941,14655,82427,0,0,NA,0,0,68849,67952,897,18850,49999,499,402,97,82,417,4347,4338,9,299,4048,271356,270590,766,31790,239566,21,19,2,0,21,58,48,10,22,36
M9 [CHILD IMMUNISATION],'9.1.20',Child immunisation - Rotavirus 2,TOTAL,809382,791651,17731,120663,688719,0,0,NA,0,0,59708,57955,1753,12996,46712,86,86,0,NA,86,49857,47920,1937,3086,46771,276,276,0,0,276,0,0,NA,0,0,316,269,47,47,269,0,0,NA,0,0,0,0,0,0,0,772,0,772,467,305,59,1,58,36,23,722,491,231,289,433,41620,39969,1651,11520,30100,8305,8303,2,61,8244,241,239,2,2,239,59548,57100,2448,3482,56066,1186,108,1078,1036,150,691,94,597,209,482,0,0,NA,NA,0,NA,NA,NA,NA,NA,NA,NA,NA,NA,NA,118130,116701,1429,17891,100239,3422,665,2757,1742,1680,19,0,19,8,11,0,0,0,0,0,0,0,0,0,0,4,4,NA,NA,4,41084,40718,366,3402,37682,0,0,0,0,0,0,0,0,0,0,98202,97425,777,14442,83760,0,0,NA,0,0,67424,66532,892,18354,49070,454,374,80,86,368,4226,4221,5,318,3908,252955,252153,802,31141,221814,3,3,0,0,3,72,44,28,48,24
M9 [CHILD IMMUNISATION],'9.1.21',Child immunisation - Rotavirus 3,TOTAL,824109,807857,16252,121088,703021,1,1,NA,0,1,66782,65681,1101,13455,53327,96,96,0,NA,96,49304,47168,2136,3238,46066,249,249,0,0,249,0,0,NA,0,0,322,292,30,30,292,0,0,NA,0,0,0,0,0,0,0,560,0,560,349,211,46,0,46,28,18,676,530,146,211,465,41595,39925,1670,10936,30659,8536,8536,0,59,8477,293,290,3,3,290,59799,57465,2334,3428,56371,1130,122,1008,963,167,616,98,518,155,461,0,0,NA,NA,0,NA,NA,NA,NA,NA,NA,NA,NA,NA,NA,116397,115025,1372,17077,99320,3424,718,2706,1828,1596,21,0,21,9,12,0,0,0,0,0,0,0,0,0,0,3,3,NA,NA,3,45028,44662,366,3745,41283,0,0,0,0,0,0,0,0,0,0,103502,102915,587,14597,88905,0,0,NA,0,0,70723,69911,812,19402,51321,456,358,98,76,380,4200,4200,0,304,3896,250260,249548,712,31144,219116,1,1,0,0,1,89,63,26,51,38
M9 [CHILD IMMUNISATION],'9.2.1',Child immunisation (9-11months) - Measles & Rubella (MR)- 1st Dose,TOTAL,1647603,1577688,69915,355969,1291634,305,305,NA,43,262,91765,64193,27572,40908,50857,1424,1389,35,77,1347,36119,34254,1865,3034,33085,202739,202197,542,25390,177349,1251,1251,NA,1119,132,37990,36692,1298,6322,31668,565,509,56,200,365,360,360,0,86,274,24474,23599,875,21609,2865,1675,1611,64,320,1355,89817,87959,1858,31957,57860,42878,39876,3002,13180,29698,7699,7699,0,66,7633,17222,16992,230,1752,15470,63184,57350,5834,5223,57961,78730,74298,4432,19754,58976,35866,34575,1291,3516,32350,62,62,NA,NA,62,NA,NA,NA,NA,NA,NA,NA,NA,NA,NA,129400,127674,1726,19767,109633,150862,140264,10598,53045,97817,2794,2700,94,224,2570,3440,3083,357,244,3196,1318,1245,73,438,880,1236,1130,106,217,1019,49849,49437,412,3817,46032,1088,986,102,737,351,29756,29422,334,8233,21523,50584,49236,1348,8187,42397,477,457,20,104,373,75073,73849,1224,21464,53609,51350,50914,436,17468,33882,3078,3077,1,275,2803,251910,248759,3151,34013,217897,12299,11945,354,1295,11004,98964,98339,625,11885,87079
M9 [CHILD IMMUNISATION],'9.2.2',Child immunisation (9-11months) - Measles 1st dose,TOTAL,104919,101638,3281,15361,89558,27,27,NA,0,27,891,646,245,459,432,2,2,0,0,2,40,12,28,28,12,1747,1747,0,104,1643,0,0,NA,0,0,194,127,67,77,117,0,0,NA,0,0,0,0,0,0,0,413,232,181,317,96,0,0,0,0,0,2683,2594,89,328,2355,0,0,0,0,0,0,0,0,0,0,90,90,0,0,90,534,528,6,0,534,1109,1092,17,103,1006,530,481,49,118,412,0,0,NA,NA,0,NA,NA,NA,NA,NA,NA,NA,NA,NA,NA,7273,7183,90,524,6749,170,128,42,0,170,0,0,0,0,0,1495,1486,9,33,1462,0,0,0,0,0,6,6,NA,NA,6,0,0,0,0,0,9,9,0,0,9,0,0,0,0,0,53019,52266,753,7199,45820,47,47,0,0,47,51,51,0,38,13,539,538,1,192,347,6,6,NA,0,6,33354,31651,1703,5355,27999,8,8,0,0,8,682,681,1,486,196
M9 [CHILD IMMUNISATION],'9.2.3',Child immunisation (9-11months) - JE 1st dose,TOTAL,570533,562770,7763,75378,495155,0,0,NA,0,0,21925,21245,680,5357,16568,534,499,35,69,465,30930,29636,1294,2580,28350,110633,109730,903,13379,97254,0,0,NA,0,0,17,17,0,0,17,0,0,NA,0,0,0,0,0,0,0,5,0,5,5,0,1627,1584,43,307,1320,0,0,0,0,0,10250,9898,352,2678,7572,0,0,0,0,0,1,1,0,0,1,29357,27558,1799,1754,27603,25190,24659,531,5315,19875,112,107,5,29,83,0,0,NA,NA,0,NA,NA,NA,NA,NA,NA,NA,NA,NA,NA,0,0,0,0,0,22035,21967,68,3382,18653,2488,2446,42,226,2262,1906,1894,12,39,1867,0,0,0,0,0,893,775,118,225,668,28825,28556,269,2363,26462,0,0,0,0,0,0,0,0,0,0,0,0,0,0,0,0,0,NA,0,0,29068,28891,177,6057,23011,34156,33948,208,5567,28589,3045,3039,6,306,2739,138596,137899,697,14864,123732,2357,2357,0,217,2140,76583,76064,519,10659,65924
M9 [CHILD IMMUNISATION],'9.2.4.a',Children aged between 9 and 11 months fully immunized- Male,TOTAL,908609,869798,38811,190413,718196,166,166,NA,22,144,46863,32959,13904,20417,26446,752,732,20,40,712,18904,17936,968,1637,17267,106861,106408,453,13044,93817,642,642,NA,594,48,19643,18985,658,3277,16366,295,266,29,111,184,186,186,0,37,149,12983,12565,418,11294,1689,852,816,36,169,683,48455,47233,1222,16750,31705,22530,21009,1521,6630,15900,4091,4091,0,33,4058,9231,9102,129,893,8338,32687,29908,2779,2500,30187,40709,38455,2254,10006,30703,18236,17478,758,1860,16376,38,38,NA,NA,38,NA,NA,NA,NA,NA,NA,NA,NA,NA,NA,71264,70361,903,10306,60958,78262,72803,5459,26803,51459,1407,1361,46,114,1293,2531,2319,212,145,2386,668,632,36,218,450,556,515,41,79,477,25907,25680,227,2047,23860,544,487,57,359,185,15648,15493,155,4159,11489,54061,52947,1114,7940,46121,285,274,11,61,224,40505,38168,2337,12769,27736,26683,26467,216,9027,17656,1582,1582,0,144,1438,146545,144182,2363,20044,126501,6284,6106,178,641,5643,51753,51446,307,6243,45510
M9 [CHILD IMMUNISATION],'9.2.4.b',Children aged between 9 and 11 months fully immunized - Female,TOTAL,820520,783742,36778,177266,643254,143,143,NA,20,123,44209,30498,13711,20010,24199,663,648,15,38,625,17169,16260,909,1499,15670,93648,93198,450,11684,81964,567,567,NA,524,43,18335,17674,661,3077,15258,270,243,27,89,181,173,173,0,49,124,11250,10892,358,9929,1321,792,764,28,132,660,43027,42084,943,14717,28310,20040,18640,1400,6257,13783,3607,3607,0,33,3574,8312,8211,101,859,7453,29446,26913,2533,2223,27223,37222,35042,2180,9450,27772,17477,16849,628,1750,15727,24,24,NA,NA,24,NA,NA,NA,NA,NA,NA,NA,NA,NA,NA,64522,63695,827,9659,54863,71530,66370,5160,25478,46052,1308,1260,48,110,1198,2318,2148,170,132,2186,648,611,37,220,428,533,494,39,95,438,23893,23708,185,1770,22123,502,457,45,352,150,13898,13753,145,3918,9980,48939,48012,927,7318,41621,244,235,9,43,201,37446,35157,2289,12116,25330,24561,24337,224,8509,16052,1456,1456,0,131,1325,129317,127039,2278,18773,110544,5841,5666,175,653,5188,47190,46914,276,5649,41541
M9 [CHILD IMMUNISATION],'9.3.1',Child immunisation - Measles & Rubella (MR)- 1st Dose,TOTAL,143733,140919,2814,45549,98184,17,17,NA,4,13,3126,3126,0,1365,1761,152,117,35,0,152,1720,1588,132,212,1508,16398,16398,0,2162,14236,13,13,NA,12,1,2242,2090,152,364,1878,0,0,NA,0,0,46,46,0,2,44,950,769,181,730,220,48,48,0,20,28,12181,12093,88,4025,8156,4094,3852,242,1374,2720,2,2,0,0,2,850,850,0,16,834,7337,7225,112,442,6895,3931,3452,479,1300,2631,1025,1009,16,173,852,16,16,NA,NA,16,NA,NA,NA,NA,NA,NA,NA,NA,NA,NA,14043,13824,219,3208,10835,7868,7250,618,3523,4345,231,225,6,8,223,336,284,52,0,336,11,10,1,0,11,110,76,34,47,63,422,422,0,62,360,75,75,0,72,3,34,34,0,8,26,0,0,0,0,0,7,7,NA,NA,7,17627,17405,222,15966,1661,3747,3741,6,1291,2456,346,341,5,30,316,41832,41744,88,7839,33993,813,813,0,119,694,2083,1957,126,1175,908
M9 [CHILD IMMUNISATION],'9.3.2',Child immunisation - Measles-1st dose,TOTAL,24555,23944,611,5283,19272,5,5,NA,4,1,273,273,0,100,173,0,0,0,0,0,328,310,18,4,324,640,640,0,35,605,0,0,NA,0,0,36,5,31,31,5,0,0,NA,0,0,0,0,0,0,0,81,36,45,70,11,0,0,0,0,0,1436,1436,0,332,1104,0,0,0,0,0,0,0,0,0,0,64,64,0,0,64,294,293,1,5,289,368,364,4,39,329,56,55,1,29,27,18,18,NA,NA,18,NA,NA,NA,NA,NA,NA,NA,NA,NA,NA,1672,1664,8,452,1220,42,38,4,0,42,0,0,0,0,0,596,596,0,43,553,0,0,0,0,0,0,0,NA,NA,0,0,0,0,0,0,0,0,0,0,0,0,0,0,0,0,5565,5538,27,1626,3939,2,2,NA,NA,2,30,30,0,0,30,295,291,4,24,271,12,12,0,0,12,12655,12187,468,2418,10237,0,0,0,0,0,87,87,0,71,16
M9 [CHILD IMMUNISATION],'9.3.3',Child immunisation - JE 1st dose,TOTAL,63285,62744,541,14353,48932,0,0,NA,0,0,2038,2038,0,1291,747,87,52,35,3,84,1577,1448,129,182,1395,9158,9158,0,1632,7526,0,0,NA,0,0,22,22,0,0,22,0,0,NA,0,0,0,0,0,0,0,2,0,2,2,0,75,75,0,20,55,0,0,0,0,0,893,893,0,285,608,0,0,0,0,0,0,0,0,0,0,4357,4275,82,261,4096,1408,1354,54,416,992,173,173,0,67,106,0,0,NA,NA,0,NA,NA,NA,NA,NA,NA,NA,NA,NA,NA,0,0,0,0,0,854,838,16,78,776,276,260,16,24,252,798,795,3,47,751,0,0,0,0,0,86,48,38,54,32,4851,4796,55,446,4405,0,0,0,0,0,0,0,0,0,0,0,0,0,0,0,0,0,NA,NA,0,2650,2650,0,1961,689,3017,3017,0,752,2265,491,485,6,44,447,27460,27392,68,5649,21811,334,334,0,0,334,2678,2641,37,1139,1539
M9 [CHILD IMMUNISATION],'9.4.1',Child immunisation - Measles & Rubella (MR)- 2nd Dose (16-24 months),TOTAL,1533752,1512548,21204,286368,1247384,315,315,NA,57,258,60713,59101,1612,12691,48022,1384,1350,34,74,1310,38449,36804,1645,2340,36109,230511,229760,751,27656,202855,1431,1431,NA,1342,89,35685,35181,504,5394,30291,676,656,20,187,489,424,424,0,132,292,23844,23558,286,21919,1925,5,5,0,0,5,81454,80843,611,26928,54526,45890,45603,287,11713,34177,8353,8353,0,100,8253,15338,15131,207,1446,13892,52913,50173,2740,2845,50068,75375,72167,3208,17930,57445,11069,11011,58,802,10267,61,61,NA,NA,61,NA,NA,NA,NA,NA,NA,NA,NA,NA,NA,108527,107844,683,15517,93010,127780,122471,5309,36371,91409,2656,2608,48,235,2421,2384,2384,0,85,2299,1458,1387,71,485,973,1198,1137,61,217,981,51049,50871,178,3750,47299,1132,1070,62,714,418,34326,34140,186,8543,25783,46525,46143,382,7363,39162,108,108,0,0,108,71813,70962,851,19806,52007,44960,44843,117,13384,31576,2939,2934,5,290,2649,219866,219321,545,31315,188551,13502,13255,247,1254,12248,119639,119143,496,13483,106156
M9 [CHILD IMMUNISATION],'9.4.2',Child immunisation - Measles 2nd dose (More than 16 months),TOTAL,117819,116876,943,19019,98800,28,28,NA,12,16,1240,1240,0,451,789,4,4,NA,0,4,130,130,0,0,130,3465,3465,0,128,3337,29,29,NA,29,0,360,356,4,49,311,0,0,NA,0,0,0,0,0,0,0,1032,921,111,969,63,0,0,0,0,0,5217,5185,32,972,4245,283,283,0,0,283,0,0,0,0,0,132,132,0,0,132,1228,1217,11,24,1204,2297,2186,111,459,1838,454,449,5,32,422,0,0,NA,NA,0,NA,NA,NA,NA,NA,NA,NA,NA,NA,NA,14110,14007,103,2567,11543,303,299,4,131,172,0,0,0,0,0,439,439,0,10,429,9,9,0,0,9,3,3,NA,NA,3,0,0,0,0,0,9,9,0,0,9,52,52,0,52,0,50034,49673,361,6768,43266,7,7,0,0,7,610,610,0,0,610,912,910,2,178,734,66,66,0,0,66,34385,34186,199,5509,28876,5,5,0,0,5,976,976,0,679,297
M9 [CHILD IMMUNISATION],'9.4.3',Child immunisation - DPT 1st Booster,TOTAL,1707761,1672680,35081,332347,1375414,331,331,NA,57,274,60350,58738,1612,12841,47509,1378,1344,34,37,1341,35413,33872,1541,1871,33542,236520,235976,544,27915,208605,1421,1421,NA,1367,54,36205,35694,511,5374,30831,682,668,14,181,501,400,400,0,132,268,30762,29966,796,27449,3313,1899,1801,98,382,1517,85305,84571,734,27415,57890,46592,46286,306,11932,34660,8356,8356,0,100,8256,15738,15522,216,1510,14228,57163,53870,3293,3374,53789,74417,70752,3665,17786,56631,37559,35836,1723,3773,33786,58,58,NA,NA,58,NA,NA,NA,NA,NA,NA,NA,NA,NA,NA,127350,126231,1119,17979,109371,136421,125133,11288,48895,87526,2744,2684,60,209,2535,4341,4203,138,229,4112,1452,1397,55,465,987,1382,1298,84,227,1155,51622,51425,197,3847,47775,1158,1084,74,728,430,34830,34604,226,8711,26119,99272,98514,758,14835,84437,592,564,28,98,494,76560,72268,4292,23460,53100,47549,47372,177,14009,33540,3212,3205,7,300,2912,251553,250858,695,39328,212225,14033,13729,304,1259,12774,123141,122649,492,14272,108869
M9 [CHILD IMMUNISATION],'9.4.4',Child immunisation - OPV Booster,TOTAL,1720207,1675224,44983,335302,1384905,329,329,NA,57,272,71864,60406,11458,23245,48619,1376,1342,34,37,1339,38266,36662,1604,2147,36119,234465,233921,544,27882,206583,1445,1445,NA,1367,78,36089,35580,509,5368,30721,682,668,14,181,501,425,425,0,132,293,30727,29860,867,27267,3460,1901,1801,100,382,1519,85137,84342,795,27189,57948,46431,46125,306,11908,34523,8353,8353,0,100,8253,15700,15484,216,1510,14190,57018,53758,3260,3403,53615,75894,72213,3681,18171,57723,37795,36051,1744,3830,33965,67,67,NA,NA,67,NA,NA,NA,NA,NA,NA,NA,NA,NA,NA,127362,126237,1125,17766,109596,143021,131729,11292,49518,93503,2680,2619,61,174,2506,4350,4207,143,229,4121,1452,1397,55,465,987,1346,1263,83,226,1120,52273,52057,216,3868,48405,1158,1084,74,728,430,34856,34646,210,8695,26161,99071,98319,752,14776,84295,592,564,28,98,494,76371,72086,4285,23317,53054,47480,47406,74,14201,33279,3204,3202,2,292,2912,244014,243326,688,31237,212777,13975,13736,239,1259,12716,123038,122514,524,14277,108761
M9 [CHILD IMMUNISATION],'9.4.5',"Child immunisation - Measles, Mumps, Rubella (MMR) Vaccine",TOTAL,53829,40631,13198,30230,23599,12,12,NA,12,0,239,239,0,152,87,0,0,NA,0,0,238,121,117,111,127,429,429,0,91,338,13,13,NA,0,13,5,5,0,0,5,0,0,NA,0,0,0,0,0,0,0,5693,4916,777,4403,1290,1927,1826,101,402,1525,264,217,47,118,146,102,102,0,66,36,4,0,4,0,4,8,8,0,0,8,917,825,92,193,724,2035,506,1529,1500,535,15662,11664,3998,2374,13288,0,0,NA,NA,0,NA,NA,NA,NA,NA,NA,NA,NA,NA,NA,123,123,0,25,98,16208,10229,5979,14636,1572,9,0,9,9,0,27,16,11,0,27,0,0,0,0,0,0,0,0,0,0,0,0,0,NA,0,22,22,0,0,22,65,53,12,7,58,0,0,0,0,0,477,449,28,98,379,3921,3579,342,3901,20,260,254,6,54,206,0,0,NA,0,0,4792,4769,23,1910,2882,3,0,3,0,3,374,254,120,168,206
M9 [CHILD IMMUNISATION],'9.4.6',Number of children more than 16 months of age who received Japanese Encephalitis (JE) vaccine,TOTAL,548725,544344,4381,63914,484811,0,0,NA,0,0,18084,18084,0,2531,15553,565,565,NA,51,514,30504,29408,1096,1806,28698,116405,115397,1008,13630,102775,0,0,NA,0,0,328,328,0,0,328,0,0,NA,0,0,0,0,0,0,0,1,0,1,1,0,1776,1736,40,286,1490,0,0,0,0,0,11206,11206,0,2370,8836,0,0,0,0,0,0,0,0,0,0,20217,19548,669,690,19527,23997,23531,466,4800,19197,4974,4968,6,507,4467,0,0,NA,NA,0,NA,NA,NA,NA,NA,NA,NA,NA,NA,NA,0,0,0,0,0,21239,21144,95,2994,18245,2157,2134,23,213,1944,1635,1623,12,74,1561,0,0,0,0,0,921,842,79,223,698,30445,30244,201,2667,27778,0,0,0,0,0,0,0,0,0,0,0,0,0,0,0,0,0,NA,NA,0,28803,28803,0,5736,23067,30276,30216,60,4452,25824,2618,2618,NA,288,2330,111802,111628,174,9037,102765,2640,2640,0,244,2396,88132,87681,451,11314,76818
M9 [CHILD IMMUNISATION],'9.5.1',Child immunisation - Typhoid,TOTAL,9034,3833,5201,4102,4932,0,0,NA,0,0,56,56,0,0,56,0,0,NA,0,0,213,27,186,114,99,132,132,0,0,132,0,0,NA,0,0,176,56,120,120,56,0,0,NA,0,0,0,0,0,0,0,1529,365,1164,854,675,15,0,15,0,15,279,117,162,179,100,67,17,50,59,8,7,7,0,0,7,67,5,62,62,5,179,158,21,59,120,1245,39,1206,1117,128,554,41,513,336,218,0,0,NA,NA,0,NA,NA,NA,NA,NA,NA,NA,NA,NA,NA,35,23,12,12,23,1774,553,1221,447,1327,10,2,8,0,10,194,16,178,0,194,134,0,134,131,3,8,0,8,8,0,0,0,0,NA,0,0,0,0,0,0,22,0,22,22,0,1145,1141,4,121,1024,5,5,NA,0,5,0,0,0,0,0,106,103,3,0,106,3,0,3,0,3,992,934,58,408,584,5,5,0,0,5,82,31,51,53,29
M9 [CHILD IMMUNISATION],'9.5.2',Children more than 5 years received DPT5 (2nd Booster),TOTAL,1005520,966043,39477,224373,781147,160,160,NA,21,139,60752,42231,18521,27760,32992,535,526,9,39,496,17616,16992,624,1086,16530,94092,93689,403,11169,82923,1055,1055,NA,962,93,20940,20699,241,3849,17091,381,369,12,129,252,206,206,0,49,157,15324,14760,564,13384,1940,1783,1705,78,391,1392,48769,48354,415,13410,35359,18939,18853,86,6470,12469,652,652,0,33,619,18797,18637,160,1196,17601,27600,25801,1799,1683,25917,23546,21527,2019,10012,13534,50294,48996,1298,4454,45840,59,59,NA,NA,59,NA,NA,NA,NA,NA,NA,NA,NA,NA,NA,86307,85730,577,13480,72827,72172,64103,8069,34541,37631,1862,1832,30,104,1758,2087,2017,70,117,1970,447,407,40,56,391,592,534,58,121,471,38634,38457,177,2993,35641,40,27,13,33,7,26235,26076,159,6688,19547,52936,52398,538,6758,46178,235,212,23,108,127,27356,25246,2110,14924,12432,40847,40149,698,13522,27325,2425,2419,6,301,2124,148313,148080,233,22706,125607,9118,9017,101,897,8221,94414,94068,346,10927,83487
M9 [CHILD IMMUNISATION],'9.5.3',Children more than 10 years received TT10,TOTAL,747771,725480,22291,152720,595051,66,66,NA,3,63,42317,39747,2570,10238,32079,302,300,2,10,292,11460,10875,585,850,10610,53472,53392,80,5670,47802,640,640,NA,597,43,15774,15562,212,2764,13010,106,104,2,48,58,34,34,0,10,24,3484,3173,311,3033,451,859,821,38,253,606,45040,44797,243,9663,35377,10591,10544,47,3262,7329,488,488,0,16,472,17878,17779,99,1001,16877,20620,19071,1549,853,19767,16630,15022,1608,8176,8454,26570,25362,1208,3065,23505,7,7,NA,NA,7,NA,NA,NA,NA,NA,NA,NA,NA,NA,NA,73991,73742,249,10065,63926,64994,55367,9627,31851,33143,9397,9360,37,73,9324,1149,1087,62,55,1094,238,216,22,29,209,349,336,13,45,304,22651,22576,75,2152,20499,3,3,0,3,0,23126,23039,87,6007,17119,40845,40473,372,3321,37524,160,144,16,106,54,20973,18754,2219,11650,9323,34134,34036,98,10579,23555,1710,1709,1,241,1469,123502,122944,558,18565,104937,7134,7051,83,399,6735,57077,56859,218,8067,49010
M9 [CHILD IMMUNISATION],'9.5.4',Children more than 16 years received TT16,TOTAL,715068,694640,20428,132420,582648,52,52,NA,0,52,40698,38154,2544,9540,31158,257,257,NA,3,254,8454,7955,499,614,7840,84461,84294,167,8626,75835,339,339,NA,326,13,15126,14927,199,2467,12659,67,65,2,35,32,16,16,0,0,16,1439,1291,148,1357,82,268,244,24,89,179,48589,48334,255,8834,39755,7480,7465,15,1953,5527,732,732,0,3,729,13422,13370,52,753,12669,19822,18622,1200,691,19131,13700,12368,1332,5856,7844,13240,11928,1312,1803,11437,8,8,NA,NA,8,NA,NA,NA,NA,NA,NA,NA,NA,NA,NA,72194,71937,257,9176,63018,63854,54645,9209,29800,34054,6876,6857,19,32,6844,1062,1034,28,65,997,193,191,2,2,191,547,536,11,40,507,19963,19931,32,1432,18531,0,0,0,0,0,17913,17811,102,4903,13010,36907,36616,291,2850,34057,198,198,0,80,118,17653,15433,2220,9525,8128,31526,31425,101,9775,21751,1477,1475,2,296,1181,126027,125811,216,15448,110579,5722,5677,45,307,5415,44786,44642,144,5739,39047
M9 [CHILD IMMUNISATION],'9.6.1',Number of cases of AEFI - Abscess,TOTAL,1553,1540,13,256,1297,1,1,NA,0,1,2,2,0,0,2,0,0,NA,0,0,25,25,0,0,25,240,240,0,7,233,0,0,NA,0,0,42,42,0,2,40,0,0,NA,0,0,0,0,0,0,0,5,5,0,4,1,0,0,0,0,0,140,140,0,59,81,55,55,0,12,43,5,5,0,0,5,10,10,0,0,10,119,119,0,0,119,113,103,10,39,74,44,44,0,15,29,0,0,NA,NA,0,NA,NA,NA,NA,NA,NA,NA,NA,NA,NA,67,64,3,11,56,5,5,0,3,2,0,0,0,0,0,3,3,0,0,3,0,0,0,0,0,0,0,0,0,0,163,163,0,9,154,9,9,0,4,5,3,3,0,0,3,20,20,0,0,20,6,6,NA,0,6,2,2,0,2,0,79,79,0,6,73,7,7,NA,1,6,233,233,0,47,186,39,39,0,7,32,116,116,0,28,88
M9 [CHILD IMMUNISATION],'9.6.2',Number of cases of AEFI - Death,TOTAL,18,17,1,1,17,1,1,NA,0,1,0,0,0,0,0,0,0,NA,0,0,2,2,0,0,2,4,4,0,0,4,0,0,NA,0,0,0,0,0,0,0,0,0,NA,0,0,0,0,0,0,0,0,0,0,0,0,0,0,0,0,0,0,0,0,0,0,1,1,0,0,1,0,0,0,0,0,0,0,0,0,0,0,0,0,0,0,4,3,1,1,3,0,0,0,0,0,0,0,NA,NA,0,NA,NA,NA,NA,NA,NA,NA,NA,NA,NA,1,1,0,0,1,2,2,0,0,2,0,0,0,0,0,0,0,0,0,0,0,0,0,0,0,0,0,0,0,0,0,0,0,0,0,0,0,0,0,0,0,0,0,0,0,0,0,0,0,0,0,0,NA,0,0,0,0,0,0,0,1,1,0,0,1,0,0,NA,0,0,1,1,0,0,1,0,0,0,0,0,1,1,0,0,1
M9 [CHILD IMMUNISATION],'9.6.3',Number of cases of AEFI - Others,TOTAL,31021,30978,43,2342,28679,21,21,NA,5,16,75,75,0,2,73,23,23,NA,5,18,791,791,0,55,736,685,685,0,54,631,6,6,NA,3,3,447,447,0,7,440,539,539,NA,91,448,5,5,0,0,5,22,22,0,15,7,11,11,0,0,11,1057,1057,0,48,1009,495,495,0,58,437,322,322,0,0,322,190,190,0,1,189,937,937,0,6,931,670,661,9,87,583,219,218,1,15,204,1,1,NA,NA,1,NA,NA,NA,NA,NA,NA,NA,NA,NA,NA,2049,2048,1,255,1794,100,99,1,70,30,17,17,0,0,17,80,80,0,6,74,13,13,0,1,12,0,0,0,0,0,11209,11202,7,586,10623,257,257,0,136,121,432,432,0,38,394,466,466,0,3,463,54,54,NA,0,54,29,29,0,3,26,176,176,0,6,170,21,21,NA,0,21,959,959,0,52,907,2756,2756,0,12,2744,5887,5863,24,722,5165
M9 [CHILD IMMUNISATION],'9.7.1',Immunisation sessions planned,TOTAL,989097,985775,3322,128520,860577,212,212,NA,16,196,50222,50222,0,4979,45243,1085,1055,30,60,1025,28249,27436,813,1157,27092,106671,106369,302,11921,94750,721,721,NA,627,94,32847,32834,13,2658,30189,296,296,NA,44,252,98,98,0,20,78,10820,10283,537,9574,1246,472,459,13,57,415,57086,56995,91,13180,43906,22822,22822,0,5001,17821,4327,4327,0,26,4301,8850,8838,12,526,8324,37466,37280,186,1756,35710,39659,39497,162,5892,33767,15813,15473,340,1147,14666,33,33,NA,NA,33,NA,NA,NA,NA,NA,NA,NA,NA,NA,NA,93893,93784,109,9401,84492,64626,64358,268,15321,49305,1931,1904,27,78,1853,6758,6733,25,306,6452,700,679,21,133,567,2130,1935,195,313,1817,29211,29163,48,1861,27350,510,507,3,187,323,16623,16619,4,2900,13723,67040,67040,0,7100,59940,667,667,NA,8,659,39015,39015,0,2550,36465,37840,37840,0,6658,31182,2722,2722,NA,170,2552,151466,151454,12,17732,133734,11211,11211,0,316,10895,45005,44894,111,4845,40160
M9 [CHILD IMMUNISATION],'9.7.2',Immunisation sessions held,TOTAL,953180,949932,3248,122774,830406,176,176,NA,16,160,49818,49818,0,4898,44920,1039,1013,26,58,981,27716,26924,792,1129,26587,104057,103755,302,11552,92505,709,709,NA,618,91,31993,31980,13,2621,29372,296,296,NA,44,252,98,98,0,20,78,10581,10048,533,9352,1229,471,458,13,57,414,56824,56745,79,13091,43733,22423,22423,0,4922,17501,4281,4281,0,26,4255,8324,8312,12,522,7802,36985,36799,186,1705,35280,38050,37890,160,5550,32500,15798,15458,340,1147,14651,33,33,NA,NA,33,NA,NA,NA,NA,NA,NA,NA,NA,NA,NA,92239,92138,101,9080,83159,64538,64271,267,15243,49295,1814,1788,26,73,1741,5762,5737,25,283,5479,672,651,21,131,541,2008,1834,174,292,1716,29084,29036,48,1848,27236,495,492,3,182,313,16356,16352,4,2818,13538,65270,65270,0,6809,58461,665,665,NA,8,657,38373,38373,0,2478,35895,37327,37327,0,6431,30896,2682,2682,NA,170,2512,130937,130925,12,14556,116381,10516,10516,0,297,10219,44770,44659,111,4747,40023
M9 [CHILD IMMUNISATION],'9.7.3',Number of Immunisation sessions where ASHAs were present,TOTAL,802778,801661,1117,77376,725402,125,125,NA,16,109,45246,45246,0,3410,41836,739,739,NA,11,728,27481,26679,802,1009,26472,92404,92404,0,8654,83750,0,0,NA,0,0,30294,30294,0,2196,28098,267,267,NA,44,223,95,95,0,20,75,6674,6654,20,6228,446,0,0,0,0,0,50933,50872,61,9772,41161,19444,19444,0,3222,16222,4032,4032,0,20,4012,7631,7630,1,201,7430,33127,33076,51,450,32677,31176,31172,4,2981,28195,15375,15375,0,752,14623,32,32,NA,NA,32,NA,NA,NA,NA,NA,NA,NA,NA,NA,NA,82417,82383,34,5923,76494,56752,56700,52,11000,45752,1482,1482,0,21,1461,4528,4528,0,135,4393,601,601,0,106,495,1182,1182,0,59,1123,27953,27949,4,1558,26395,297,297,0,128,169,15339,15335,4,2398,12941,47586,47586,0,3889,43697,609,609,NA,11,598,2409,2409,0,0,2409,31521,31521,0,4003,27518,2635,2635,NA,154,2481,115377,115293,84,7893,107484,10080,10080,0,248,9832,36935,36935,0,864,36071
M9 [CHILD IMMUNISATION],'9.8.1',Child immunisation - Vitamin A Dose - 1,TOTAL,1090249,1061122,29127,226625,863624,342,342,NA,35,307,71184,59377,11807,23777,47407,1197,1189,8,70,1127,8133,7778,355,50,8083,11809,11809,0,2561,9248,1260,1260,NA,1128,132,36305,35408,897,5740,30565,503,503,NA,148,355,295,295,0,87,208,23028,22809,219,20223,2805,1620,1606,14,261,1359,79777,79120,657,27059,52718,32602,32602,0,8158,24444,5245,5245,0,48,5197,14454,14392,62,1254,13200,41086,40091,995,2461,38625,9069,7586,1483,2156,6913,34925,34667,258,3115,31810,45,45,NA,NA,45,NA,NA,NA,NA,NA,NA,NA,NA,NA,NA,130067,128670,1397,18147,111920,146096,138026,8070,52544,93552,2392,2316,76,263,2129,4380,4330,50,226,4154,828,759,69,208,620,1343,1237,106,215,1128,49297,49049,248,3743,45554,1044,956,88,665,379,1045,1002,43,499,546,98354,98245,109,15149,83205,514,494,20,102,412,1597,1597,0,147,1450,4170,3570,600,1037,3133,2503,2503,NA,208,2295,208067,207011,1056,27090,180977,7428,7428,0,1020,6408,58245,57805,440,7031,51214
M9 [CHILD IMMUNISATION],'9.8.2',Child immunisation - Vitamin A Dose - 5,TOTAL,441679,423936,17743,125419,316260,1562,1562,NA,247,1315,40819,31337,9482,16099,24720,1028,1028,0,97,931,3279,3028,251,28,3251,3632,3632,0,1346,2286,1508,1508,NA,1461,47,7876,7646,230,2539,5337,397,397,NA,134,263,280,280,0,66,214,19702,19594,108,16888,2814,1205,1199,6,169,1036,12848,12639,209,8001,4847,24562,24562,0,6915,17647,852,852,0,26,826,14120,14052,68,1531,12589,13488,12812,676,882,12606,998,537,461,524,474,29825,29688,137,2695,27130,0,0,NA,NA,0,NA,NA,NA,NA,NA,NA,NA,NA,NA,NA,43703,42974,729,9098,34605,88627,84236,4391,33568,55059,2540,2506,34,452,2088,1765,1758,7,132,1633,470,470,0,115,355,640,544,96,128,512,1104,1042,62,66,1038,1069,1069,0,686,383,940,902,38,442,498,50009,50005,4,9022,40987,565,553,12,43,522,1325,1325,0,31,1294,2301,2001,300,572,1729,1958,1958,NA,163,1795,40152,40003,149,5575,34577,4191,4191,0,594,3597,22339,22046,293,5084,17255
M9 [CHILD IMMUNISATION],'9.8.3',Child immunisation - Vitamin A Dose - 9,TOTAL,382496,362767,19729,105460,277036,1420,1420,NA,347,1073,42482,32666,9816,16435,26047,368,368,0,27,341,5049,4844,205,13,5036,787,787,0,173,614,1348,1348,NA,1304,44,11745,11526,219,3618,8127,337,337,NA,165,172,309,309,0,70,239,9888,9796,92,8027,1861,1590,1582,8,271,1319,10429,10236,193,4555,5874,23307,23307,0,6809,16498,733,733,0,11,722,14999,14983,16,1337,13662,7366,7295,71,713,6653,2353,1241,1112,1172,1181,35424,35318,106,3000,32424,0,0,NA,NA,0,NA,NA,NA,NA,NA,NA,NA,NA,NA,NA,39668,38968,700,8679,30989,90703,84478,6225,34724,55979,1817,1806,11,251,1566,627,619,8,31,596,428,388,40,118,310,462,412,50,97,365,2094,2076,18,25,2069,859,859,0,393,466,855,825,30,332,523,29573,29573,0,5103,24470,526,503,23,114,412,1488,1488,0,10,1478,2256,1876,380,510,1746,802,802,NA,65,737,17975,17908,67,3543,14432,1408,1408,0,161,1247,21021,20682,339,3257,17764
M9 [CHILD IMMUNISATION],'9.9',Number of children (6-59 months) provided 8-10 doses (1ml) of IFA syrup (Bi weekly),TOTAL,12478127,12421239,56888,691042,11787085,7237,7237,NA,2250,4987,109450,75191,34259,38266,71184,32,32,NA,0,32,871271,849729,21542,8329,862942,2185,2185,NA,233,1952,101,101,NA,101,NA,27154,27139,15,6691,20463,13427,13427,NA,2491,10936,0,0,0,0,0,1658,1576,82,1658,0,0,0,0,0,0,1187892,1187860,32,78470,1109422,43254,43254,0,11290,31964,141189,141189,NA,248,140941,2906,2906,0,32,2874,76023,75965,58,435,75588,18748,18748,NA,945,17803,3970,3970,0,22,3948,0,0,NA,NA,0,NA,NA,NA,NA,NA,NA,NA,NA,NA,NA,1501266,1500406,860,73404,1427862,2346561,2346521,40,287706,2058855,1171,1171,NA,0,1171,1591,1591,0,128,1463,7,7,NA,0,7,142,142,0,10,132,842926,842926,0,16216,826710,4743,4743,NA,1848,2895,199928,199928,0,44881,155047,834810,834810,NA,31319,803491,1351,1351,NA,0,1351,319201,319201,0,6241,312960,220908,220908,0,68666,152242,406,406,NA,0,406,53359,53359,0,2626,50733,8,8,NA,0,8,3643252,3643252,0,6536,3636716
M9 [CHILD IMMUNISATION],'9.10',Number of children (12-59 months) provided Albendazole,TOTAL,725755,719776,5979,174985,550770,161,161,NA,0,161,8028,8028,0,2311,5717,154,154,NA,8,146,33514,32201,1313,950,32564,41188,41188,0,5618,35570,1124,1124,NA,1023,101,12183,11983,200,5167,7016,389,389,NA,195,194,30,30,0,0,30,3299,3119,180,2782,517,268,268,0,0,268,140284,140114,170,41626,98658,155145,155145,0,58171,96974,975,975,0,0,975,15212,15212,0,643,14569,30457,26895,3562,839,29618,10808,10544,264,4228,6580,795,687,108,161,634,20,20,NA,NA,20,NA,NA,NA,NA,NA,NA,NA,NA,NA,NA,60939,60835,104,7532,53407,88897,88894,3,27254,61643,145,145,0,0,145,5263,5260,3,170,5093,48,48,0,4,44,125,125,0,24,101,6754,6754,0,482,6272,282,282,0,24,258,3633,3633,0,1048,2585,24588,24584,4,1286,23302,85,85,NA,12,73,4041,4041,0,3365,676,5537,5537,0,2973,2564,633,633,NA,16,617,17791,17787,4,4771,13020,114,114,0,64,50,52846,52782,64,2238,50608
M9 [CHILD IMMUNISATION],'9.11',Number of severely underweight children provided Health Checkup (0-5 yrs),TOTAL,147040,145349,1691,12937,134103,31,31,NA,3,28,553,553,0,120,433,12,12,NA,0,12,15204,14539,665,1695,13509,5144,5144,0,288,4856,210,210,NA,4,206,4774,4464,310,723,4051,40,40,NA,0,40,0,0,0,0,0,222,116,106,121,101,3,3,0,0,3,18448,18355,93,5077,13371,1869,1869,0,64,1805,37,37,0,0,37,130,130,0,0,130,1908,1906,2,29,1879,4189,4188,1,346,3843,193,189,4,3,190,0,0,NA,NA,0,NA,NA,NA,NA,NA,NA,NA,NA,NA,NA,13906,13901,5,1002,12904,50713,50262,451,532,50181,2,2,0,0,2,68,48,20,0,68,0,0,0,0,0,22,22,0,0,22,4598,4588,10,94,4504,14,14,0,6,8,176,176,0,91,85,1681,1676,5,284,1397,3,3,NA,NA,3,124,124,0,104,20,2919,2919,0,425,2494,148,148,NA,5,143,13178,13178,0,680,12498,118,118,0,56,62,6403,6384,19,1185,5218
M10 [Number of cases of Childhood Diseases (0-5 years)],'10.1',Childhood Diseases - Pneumonia,TOTAL,30640,28246,2394,6826,23814,0,0,NA,0,0,1030,1007,23,644,386,19,19,0,0,19,810,695,115,22,788,460,422,38,37,423,506,506,NA,135,371,440,333,107,49,391,6,6,NA,0,6,0,0,0,0,0,2012,1539,473,821,1191,55,55,0,0,55,612,532,80,135,477,366,366,0,29,337,261,261,0,0,261,314,309,5,5,309,183,170,13,22,161,2198,1874,324,344,1854,847,292,555,115,732,0,0,NA,NA,0,NA,NA,NA,NA,NA,NA,NA,NA,NA,NA,2626,2453,173,589,2037,1232,1082,150,350,882,101,97,4,4,97,312,207,105,0,312,100,83,17,0,100,41,31,10,10,31,1168,1143,25,31,1137,122,121,1,113,9,631,631,0,113,518,4975,4971,4,1304,3671,20,20,NA,0,20,425,425,0,80,345,346,346,0,154,192,124,122,2,5,119,6387,6268,119,936,5451,300,300,0,74,226,1611,1560,51,705,906
M10 [Number of cases of Childhood Diseases (0-5 years)],'10.2',Childhood Diseases - Asthma,TOTAL,15738,13954,1784,4036,11702,0,0,NA,0,0,723,721,2,214,509,7,7,0,0,7,242,155,87,17,225,242,242,0,19,223,226,226,NA,75,151,87,58,29,21,66,3,3,NA,0,3,0,0,0,0,0,1276,891,385,562,714,19,17,2,0,19,298,255,43,69,229,320,320,0,34,286,17,17,0,0,17,262,254,8,8,254,36,13,23,12,24,1435,1238,197,353,1082,1051,430,621,317,734,11,11,NA,NA,11,NA,NA,NA,NA,NA,NA,NA,NA,NA,NA,392,343,49,104,288,401,370,31,222,179,5,4,1,1,4,49,44,5,1,48,7,2,5,0,7,7,5,2,2,5,1028,949,79,49,979,154,153,1,70,84,936,936,0,268,668,2030,2029,1,278,1752,0,0,NA,0,0,264,264,0,80,184,812,812,0,466,346,32,32,NA,2,30,2660,2447,213,574,2086,121,121,0,29,92,585,585,0,189,396
M10 [Number of cases of Childhood Diseases (0-5 years)],'10.3',Childhood Diseases - Sepsis,TOTAL,7048,6445,603,1763,5285,0,0,NA,0,0,310,310,0,60,250,3,3,0,0,3,183,135,48,4,179,71,71,0,40,31,24,24,NA,12,12,84,55,29,16,68,0,0,NA,0,0,1,1,0,0,1,310,196,114,80,230,2,2,0,0,2,204,152,52,96,108,275,275,0,2,273,48,48,0,0,48,74,74,0,0,74,30,25,5,3,27,801,707,94,104,697,13,11,2,1,12,0,0,NA,NA,0,NA,NA,NA,NA,NA,NA,NA,NA,NA,NA,297,218,79,93,204,357,311,46,43,314,20,17,3,3,17,82,5,77,0,82,14,11,3,2,12,14,1,13,13,1,309,292,17,13,296,149,149,0,135,14,440,440,0,83,357,650,637,13,227,423,3,3,NA,0,3,259,259,0,34,225,552,549,3,523,29,43,42,1,0,43,565,561,4,5,560,38,38,0,2,36,823,823,0,169,654
M10 [Number of cases of Childhood Diseases (0-5 years)],'10.4',Childhood Diseases - Diphtheria,TOTAL,187,179,8,35,152,0,0,NA,0,0,0,0,0,0,0,0,0,0,0,0,0,0,0,0,0,29,29,0,0,29,0,0,NA,0,0,1,1,0,0,1,0,0,NA,0,0,0,0,0,0,0,6,4,2,5,1,0,0,0,0,0,0,0,0,0,0,0,0,0,0,0,0,0,0,0,0,0,0,0,0,0,6,6,0,0,6,1,1,0,1,0,9,9,0,9,0,0,0,NA,NA,0,NA,NA,NA,NA,NA,NA,NA,NA,NA,NA,13,7,6,6,7,0,0,0,0,0,0,0,0,0,0,0,0,0,0,0,0,0,0,0,0,0,0,0,0,0,0,0,NA,NA,0,0,0,0,0,0,0,0,0,0,0,33,33,0,8,25,0,0,NA,0,0,0,0,0,0,0,6,6,0,1,5,0,0,NA,0,0,83,83,0,5,78,0,0,0,0,0,0,0,0,0,0
M10 [Number of cases of Childhood Diseases (0-5 years)],'10.5',Childhood Diseases - Pertussis,TOTAL,174,161,13,99,75,0,0,NA,0,0,0,0,0,0,0,1,0,1,0,1,0,0,0,0,0,9,9,0,6,3,5,5,NA,0,5,0,0,0,0,0,0,0,NA,0,0,0,0,0,0,0,5,0,5,4,1,0,0,0,0,0,0,0,0,0,0,0,0,0,0,0,0,0,0,0,0,25,25,0,0,25,0,0,0,0,0,0,0,0,0,0,5,5,0,0,5,0,0,NA,NA,0,NA,NA,NA,NA,NA,NA,NA,NA,NA,NA,0,0,0,0,0,0,0,0,0,0,0,0,0,0,0,0,0,0,0,0,0,0,0,0,0,0,0,0,0,0,0,0,NA,NA,0,0,0,0,0,0,0,0,0,0,0,108,101,7,89,19,0,0,NA,0,0,0,0,0,0,0,0,0,0,0,0,0,0,NA,0,0,14,14,0,0,14,0,0,0,0,0,2,2,0,0,2
M10 [Number of cases of Childhood Diseases (0-5 years)],'10.6',Childhood Diseases - Tetanus Neonatorum,TOTAL,18,18,0,0,18,0,0,NA,0,0,1,1,0,0,1,0,0,0,0,0,3,3,0,0,3,0,0,0,0,0,1,1,NA,0,1,2,2,0,0,2,0,0,NA,0,0,0,0,0,0,0,0,0,0,0,0,0,0,0,0,0,2,2,0,0,2,0,0,0,0,0,0,0,0,0,0,0,0,0,0,0,2,2,0,0,2,0,0,0,0,0,0,0,0,0,0,0,0,NA,NA,0,NA,NA,NA,NA,NA,NA,NA,NA,NA,NA,0,0,0,0,0,0,0,0,0,0,0,0,0,0,0,0,0,0,0,0,0,0,0,0,0,0,0,0,0,0,0,0,NA,NA,0,0,0,0,0,0,0,0,0,0,0,3,3,0,0,3,0,0,NA,0,0,0,0,0,0,0,2,2,0,0,2,0,0,NA,0,0,2,2,0,0,2,0,0,0,0,0,0,0,0,0,0
M10 [Number of cases of Childhood Diseases (0-5 years)],'10.7',Childhood Diseases - Tuberculosis (TB),TOTAL,1936,1853,83,285,1651,2,2,NA,0,2,48,48,0,5,43,1,1,0,0,1,46,35,11,2,44,92,90,2,0,92,1,1,NA,1,0,36,34,2,0,36,1,1,NA,0,1,0,0,0,0,0,152,131,21,18,134,2,2,0,0,2,129,126,3,43,86,35,35,0,0,35,8,8,0,0,8,4,2,2,2,2,21,19,2,2,19,158,156,2,14,144,12,12,0,2,10,0,0,NA,NA,0,NA,NA,NA,NA,NA,NA,NA,NA,NA,NA,182,181,1,52,130,148,131,17,43,105,0,0,0,0,0,10,4,6,0,10,8,8,0,0,8,2,1,1,1,1,59,49,10,1,58,4,4,0,4,0,37,37,0,16,21,218,218,0,53,165,0,0,NA,0,0,13,13,0,0,13,35,35,0,7,28,0,0,NA,0,0,411,408,3,13,398,8,8,0,2,6,53,53,0,4,49
M10 [Number of cases of Childhood Diseases (0-5 years)],'10.8',Childhood Diseases - Acute Flaccid Paralysis(AFP),TOTAL,477,465,12,137,340,0,0,NA,0,0,24,22,2,2,22,0,0,0,0,0,0,0,0,0,0,54,54,0,0,54,9,9,NA,0,9,9,9,0,0,9,2,2,NA,0,2,0,0,0,0,0,10,9,1,2,8,0,0,0,0,0,105,105,0,93,12,16,16,0,1,15,1,1,0,0,1,2,2,0,0,2,3,2,1,1,2,17,17,0,0,17,9,9,0,0,9,0,0,NA,NA,0,NA,NA,NA,NA,NA,NA,NA,NA,NA,NA,24,20,4,8,16,29,28,1,2,27,4,4,0,0,4,1,0,1,0,1,0,0,0,0,0,0,0,0,0,0,13,12,1,1,12,5,5,0,5,0,12,12,0,2,10,12,12,0,3,9,0,0,NA,0,0,3,3,0,0,3,4,4,0,2,2,0,0,NA,0,0,68,67,1,3,65,2,2,0,0,2,39,39,0,12,27
M10 [Number of cases of Childhood Diseases (0-5 years)],'10.9',Childhood Diseases - Measles,TOTAL,2092,2019,73,375,1717,0,0,NA,0,0,5,5,0,0,5,0,0,0,0,0,137,136,1,10,127,243,243,0,16,227,2,2,NA,2,0,3,3,0,0,3,1,1,NA,0,1,0,0,0,0,0,31,20,11,19,12,2,2,0,0,2,51,50,1,20,31,8,8,0,1,7,0,0,0,0,0,15,15,0,0,15,79,78,1,1,78,39,30,9,12,27,13,12,1,2,11,0,0,NA,NA,0,NA,NA,NA,NA,NA,NA,NA,NA,NA,NA,117,96,21,34,83,56,41,15,16,40,3,3,0,0,3,14,11,3,0,14,6,6,0,0,6,1,1,0,0,1,13,13,0,1,12,0,0,0,0,0,11,11,0,4,7,116,115,1,46,70,0,0,NA,0,0,42,42,0,0,42,15,15,0,14,1,0,0,NA,0,0,241,240,1,37,204,4,4,0,2,2,824,816,8,138,686
M10 [Number of cases of Childhood Diseases (0-5 years)],'10.10',Childhood Diseases - Malaria,TOTAL,5378,5136,242,608,4770,1,1,NA,0,1,64,64,0,22,42,16,16,0,0,16,43,26,17,14,29,52,51,1,7,45,0,0,NA,0,0,1013,915,98,4,1009,0,0,NA,0,0,0,0,0,0,0,64,53,11,39,25,2,2,0,0,2,196,195,1,49,147,11,11,0,0,11,1,1,0,0,1,5,5,0,0,5,350,349,1,0,350,73,50,23,30,43,4,4,0,0,4,0,0,NA,NA,0,NA,NA,NA,NA,NA,NA,NA,NA,NA,NA,780,750,30,168,612,39,34,5,20,19,0,0,0,0,0,44,43,1,0,44,15,15,0,1,14,2,2,0,0,2,895,859,36,1,894,0,0,0,0,0,5,5,0,0,5,748,748,0,161,587,0,0,NA,0,0,12,12,0,1,11,5,5,0,0,5,66,66,NA,0,66,810,792,18,91,719,19,19,0,0,19,43,43,0,0,43
M10 [Number of cases of Childhood Diseases (0-5 years)],'10.11',Childhood Diseases - Diarrhoea,TOTAL,304548,297464,7084,46340,258208,113,113,NA,9,104,3846,3822,24,839,3007,838,834,4,14,824,6894,6393,501,270,6624,6127,6082,45,867,5260,1068,1068,NA,587,481,10133,9614,519,1209,8924,181,181,NA,0,181,74,74,0,8,66,14546,13176,1370,9475,5071,289,289,0,0,289,24539,24379,160,2059,22480,3309,3309,0,671,2638,1537,1537,0,6,1531,3448,3441,7,126,3322,1823,1767,56,104,1719,18619,17865,754,2988,15631,4443,3341,1102,756,3687,99,99,NA,NA,99,NA,NA,NA,NA,NA,NA,NA,NA,NA,NA,20557,20056,501,2016,18541,6768,6002,766,2653,4115,1358,1287,71,65,1293,5976,5768,208,221,5755,964,866,98,117,847,433,356,77,101,332,13907,13793,114,425,13482,664,659,5,176,488,3466,3466,0,1342,2124,27653,27642,11,3708,23945,394,394,NA,29,365,53940,53940,0,3140,50800,3868,3857,11,1340,2528,1533,1532,1,107,1426,32089,31461,628,4755,27334,1147,1119,28,316,831,27905,27882,23,5841,22064
M10 [Number of cases of Childhood Diseases (0-5 years)],'10.12',Childhood Diseases - Diarrhoea treated in Inpatients,TOTAL,57560,52711,4849,13064,44496,29,29,NA,0,29,944,944,0,179,765,73,69,4,9,64,2051,1620,431,138,1913,1593,1548,45,137,1456,309,309,NA,10,299,1405,1045,360,139,1266,115,115,NA,0,115,9,9,0,0,9,1916,1326,590,941,975,72,72,0,0,72,1982,1938,44,423,1559,473,473,0,59,414,230,230,0,0,230,1037,1032,5,6,1031,393,347,46,40,353,3134,2656,478,677,2457,993,507,486,197,796,4,4,NA,NA,4,NA,NA,NA,NA,NA,NA,NA,NA,NA,NA,7458,6985,473,992,6466,2392,2067,325,584,1808,519,455,64,62,457,632,507,125,0,632,367,306,61,20,347,45,30,15,15,30,2167,2132,35,51,2116,73,73,0,32,41,508,508,0,105,403,5011,5004,7,1136,3875,67,67,NA,25,42,1843,1843,0,600,1243,842,837,5,358,484,567,567,NA,50,517,8585,7344,1241,1741,6844,323,318,5,177,146,9399,9395,4,4161,5238
M10 [Number of cases of Childhood Diseases (0-5 years)],'10.13',Children admitted with upper respiratory infections,TOTAL,105210,99769,5441,23426,81784,34,34,NA,0,34,1112,1099,13,165,947,104,98,6,0,104,1066,620,446,15,1051,550,550,0,167,383,336,336,NA,2,334,1475,649,826,695,780,69,69,NA,0,69,10,10,0,0,10,588,269,319,257,331,125,125,0,0,125,2254,2209,45,288,1966,523,523,0,106,417,293,293,NA,0,293,692,683,9,56,636,707,653,54,13,694,3681,3028,653,786,2895,4406,2252,2154,458,3948,6,6,NA,NA,6,NA,NA,NA,NA,NA,NA,NA,NA,NA,NA,2252,1945,307,513,1739,1650,1528,122,463,1187,83,63,20,0,83,973,735,238,0,973,555,504,51,8,547,44,24,20,20,24,2307,2212,95,198,2109,125,125,0,71,54,341,341,0,85,256,2253,2243,10,605,1648,290,290,NA,41,249,64922,64922,0,15157,49765,666,658,8,343,323,517,517,NA,20,497,3690,3650,40,296,3394,298,297,1,132,166,6213,6209,4,2466,3747
M10 [Number of cases of Childhood Diseases (0-5 years)],'10.14',Childhood Diseases - Severe Acute Malnutrition (SAM),TOTAL,10957,10761,196,1426,9531,12,12,NA,0,12,215,215,0,16,199,3,3,0,0,3,54,48,6,1,53,193,191,2,1,192,33,33,NA,3,30,656,591,65,15,641,2,2,NA,0,2,0,0,0,0,0,242,181,61,74,168,0,0,0,0,0,1059,1055,4,218,841,159,159,0,15,144,62,62,0,0,62,48,48,0,0,48,174,174,0,0,174,1700,1683,17,423,1277,21,21,0,0,21,0,0,NA,NA,0,NA,NA,NA,NA,NA,NA,NA,NA,NA,NA,1716,1712,4,197,1519,1758,1747,11,86,1672,6,6,0,0,6,25,22,3,1,24,0,0,0,0,0,1,1,0,0,1,508,498,10,35,473,8,8,0,2,6,110,110,0,12,98,530,525,5,186,344,0,0,NA,NA,0,128,128,0,16,112,173,173,0,4,169,13,13,NA,0,13,902,894,8,9,893,62,62,0,0,62,384,384,0,112,272
M11 [NVBDCP],'11.1.1.a',Total Blood Smears Examined for Malaria,TOTAL,6424403,6360146,64257,785474,5638929,1411,1411,NA,13,1398,384654,384654,0,15716,368938,3676,3616,60,67,3609,192242,190444,1798,3977,188265,9361,9151,210,320,9041,5101,5101,NA,3735,1366,151059,146021,5038,11880,139179,3617,3617,NA,0,3617,1837,1837,0,32,1805,18408,13364,5044,4973,13435,25742,25731,11,7216,18526,803585,796686,6899,112402,691183,151765,151765,0,9363,142402,18265,18265,0,0,18265,13678,13438,240,267,13411,245284,223077,22207,16803,228481,800402,791850,8552,113692,686710,156349,154660,1689,8621,147728,20,20,NA,NA,20,NA,NA,NA,NA,NA,NA,NA,NA,NA,NA,413700,408227,5473,62169,351531,979595,978422,1173,190694,788901,3601,3584,17,16,3585,21185,19811,1374,85,21100,2394,2254,140,153,2241,4006,3676,330,445,3561,93538,91246,2292,1240,92298,9440,9440,0,4556,4884,200557,200557,0,17684,182873,246171,245436,735,31798,214373,442,442,NA,0,442,411780,411780,0,80955,330825,177455,177455,0,16163,161292,31643,31619,24,3326,28317,209476,209095,381,6441,203035,4267,4262,5,1381,2886,628697,628132,565,59291,569406
M11 [NVBDCP],'11.1.1.b',Malaria (Microscopy Tests ) - Plasmodium Vivax test positive,TOTAL,11224,10843,381,2196,9028,20,20,NA,0,20,441,441,0,10,431,26,26,0,0,26,15,13,2,2,13,59,49,10,2,57,4,4,NA,2,2,864,773,91,69,795,216,216,NA,0,216,0,0,0,0,0,55,37,18,23,32,56,56,0,15,41,2623,2610,13,254,2369,188,188,0,0,188,3,3,0,0,3,2,2,0,0,2,1023,988,35,3,1020,148,96,52,72,76,89,87,2,6,83,0,0,NA,NA,0,NA,NA,NA,NA,NA,NA,NA,NA,NA,NA,876,786,90,170,706,507,502,5,369,138,0,0,0,0,0,5,4,1,0,5,1,1,0,0,1,1,1,0,0,1,107,92,15,4,103,1,1,0,0,1,11,11,0,1,10,280,264,16,201,79,0,0,NA,0,0,83,83,0,73,10,759,759,0,291,468,14,14,0,0,14,2222,2191,31,275,1947,5,5,NA,0,5,520,520,0,354,166
M11 [NVBDCP],'11.1.1.c',Malaria (Microscopy Tests ) - Plasmodium Falciparum test positive,TOTAL,4231,3739,492,208,4023,6,6,NA,0,6,174,174,0,5,169,1,1,0,0,1,23,22,1,1,22,7,5,2,1,6,0,0,NA,0,0,2025,1605,420,21,2004,0,0,NA,0,0,0,0,0,0,0,6,2,4,4,2,14,14,0,0,14,37,35,2,13,24,0,0,0,0,0,0,0,0,0,0,0,0,0,0,0,453,450,3,3,450,14,6,8,8,6,7,4,3,0,7,0,0,NA,NA,0,NA,NA,NA,NA,NA,NA,NA,NA,NA,NA,130,121,9,16,114,51,51,0,4,47,0,0,0,0,0,61,60,1,0,61,13,13,0,0,13,0,0,0,0,0,546,522,24,1,545,0,0,0,0,0,0,0,0,0,0,108,108,0,102,6,0,0,NA,0,0,3,3,0,0,3,64,64,0,7,57,73,73,0,1,72,383,368,15,16,367,0,0,NA,0,0,32,32,0,5,27
M11 [NVBDCP],'11.1.2.a',RDT conducted for Malaria,TOTAL,1310548,1294435,16113,103282,1207266,361,361,NA,1,360,42700,42700,0,3581,39119,2424,2126,298,78,2346,74697,73138,1559,2577,72120,7343,7281,62,426,6917,359,359,NA,32,327,113536,111691,1845,10964,102572,276,276,NA,0,276,0,0,0,0,0,10017,7205,2812,2163,7854,186,175,11,15,171,29664,29579,85,18320,11344,4047,4047,0,79,3968,175,175,0,0,175,211,211,0,0,211,69078,67835,1243,452,68626,7135,4698,2437,3010,4125,15696,15297,399,1582,14114,28,28,NA,NA,28,NA,NA,NA,NA,NA,NA,NA,NA,NA,NA,233242,231159,2083,15157,218085,56110,55995,115,12626,43484,3794,3775,19,20,3774,8025,7041,984,42,7983,3171,3095,76,106,3065,5183,4519,664,824,4359,388794,387840,954,3626,385168,215,213,2,137,78,253,253,0,0,253,34942,34942,0,6958,27984,48,48,NA,NA,48,167,167,0,48,119,25509,25483,26,3743,21766,13574,13574,NA,129,13445,30809,30722,87,3560,27249,1690,1690,NA,545,1145,127089,126737,352,12481,114608
M11 [NVBDCP],'11.1.2.b',Malaria (RDT) - Plasmodium Vivax test positive,TOTAL,5628,5430,198,1346,4282,13,13,NA,0,13,133,133,0,10,123,1,1,0,0,1,67,63,4,3,64,150,140,10,19,131,3,3,NA,0,3,963,950,13,20,943,1,1,NA,0,1,0,0,0,0,0,73,47,26,20,53,6,6,0,1,5,314,309,5,239,75,9,9,0,1,8,0,0,0,0,0,0,0,0,0,0,625,624,1,142,483,37,12,25,28,9,58,58,0,4,54,0,0,NA,NA,0,NA,NA,NA,NA,NA,NA,NA,NA,NA,NA,994,979,15,457,537,336,334,2,195,141,0,0,0,0,0,30,28,2,0,30,5,5,0,0,5,3,1,2,2,1,392,388,4,6,386,0,0,0,0,0,0,0,0,0,0,63,63,0,16,47,2,2,NA,NA,2,2,2,0,1,1,148,86,62,0,148,48,48,NA,0,48,839,817,22,131,708,6,6,NA,0,6,307,302,5,51,256
M11 [NVBDCP],'11.1.2.c',Malaria (RDT) - Plamodium Falciparum test positive,TOTAL,6269,6169,100,86,6183,2,2,NA,0,2,49,49,0,2,47,0,0,0,0,0,71,64,7,3,68,48,46,2,0,48,0,0,NA,0,0,2490,2449,41,10,2480,0,0,NA,0,0,0,0,0,0,0,5,1,4,4,1,1,1,0,0,1,11,10,1,4,7,4,4,0,0,4,0,0,0,0,0,0,0,0,0,0,492,484,8,1,491,8,4,4,4,4,33,33,0,0,33,0,0,NA,NA,0,NA,NA,NA,NA,NA,NA,NA,NA,NA,NA,188,181,7,18,170,42,42,0,8,34,0,0,0,0,0,28,27,1,0,28,26,24,2,0,26,0,0,0,0,0,2262,2249,13,8,2254,0,0,0,0,0,0,0,0,0,0,5,5,0,3,2,0,0,NA,NA,0,2,2,0,2,0,29,29,0,4,25,356,356,NA,0,356,68,61,7,8,60,0,0,NA,0,0,49,46,3,7,42
M11 [NVBDCP],'11.2.1',Kala Azar (RDT) - Tests Conducted,TOTAL,3342,3314,28,173,3169,0,0,NA,0,0,63,63,0,2,61,18,18,0,0,18,33,33,0,0,33,1966,1958,8,102,1864,23,23,NA,NA,23,0,0,0,0,0,0,0,NA,0,0,0,0,0,0,0,8,0,8,2,6,0,0,0,0,0,4,4,0,0,4,0,0,0,0,0,0,0,0,0,0,0,0,0,0,0,360,357,3,18,342,7,2,5,5,2,19,15,4,0,19,0,0,NA,NA,0,NA,NA,NA,NA,NA,NA,NA,NA,NA,NA,0,0,0,0,0,0,0,0,0,0,0,0,NA,0,0,0,0,0,0,0,0,0,0,0,0,0,0,NA,NA,0,NA,NA,NA,NA,NA,0,0,0,0,0,0,0,0,0,0,9,9,0,0,9,0,0,NA,NA,0,0,0,0,0,0,62,62,0,0,62,0,0,NA,0,0,203,203,0,2,201,3,3,NA,0,3,564,564,0,42,522
M11 [NVBDCP],'11.2.2',Kala Azar Positive Cases,TOTAL,321,320,1,7,314,0,0,NA,0,0,0,0,0,0,0,0,0,0,0,0,0,0,0,0,0,230,229,1,5,225,1,1,NA,NA,1,0,0,0,0,0,0,0,NA,0,0,0,0,0,0,0,0,0,0,0,0,0,0,0,0,0,0,0,0,0,0,0,0,0,0,0,0,0,0,0,0,0,0,0,0,0,67,67,0,1,66,0,0,0,0,0,0,0,0,0,0,0,0,NA,NA,0,NA,NA,NA,NA,NA,NA,NA,NA,NA,NA,0,0,0,0,0,0,0,0,0,0,0,0,NA,0,0,0,0,0,0,0,0,0,0,0,0,0,0,NA,NA,0,NA,NA,NA,NA,NA,0,0,0,0,0,0,0,0,0,0,0,0,0,0,0,0,0,NA,NA,0,0,0,0,0,0,0,0,0,0,0,0,0,NA,0,0,10,10,0,0,10,0,0,NA,0,0,13,13,0,1,12
M11 [NVBDCP],'11.2.3',Post-kala-azar dermal leishmaniasis (PKDL) cases,TOTAL,151,51,100,105,46,0,0,NA,0,0,0,0,0,0,0,0,0,0,0,0,2,2,0,2,0,17,17,0,0,17,0,0,NA,NA,0,0,0,0,0,0,0,0,NA,0,0,0,0,0,0,0,0,0,0,0,0,0,0,0,0,0,0,0,0,0,0,0,0,0,0,0,0,0,0,0,0,0,0,0,0,0,20,20,0,3,17,100,0,100,100,0,3,3,0,0,3,0,0,NA,NA,0,NA,NA,NA,NA,NA,NA,NA,NA,NA,NA,0,0,0,0,0,0,0,0,0,0,0,0,NA,0,0,0,0,0,0,0,0,0,0,0,0,0,0,NA,NA,0,NA,NA,NA,NA,NA,0,0,0,0,0,0,0,0,0,0,0,0,0,0,0,0,0,NA,NA,0,0,0,0,0,0,0,0,0,0,0,0,0,NA,0,0,6,6,0,0,6,0,0,NA,0,0,3,3,0,0,3
M11 [NVBDCP],'11.3.1',Dengue - RDT Test Positive,TOTAL,2893,2575,318,1081,1812,15,15,NA,0,15,319,319,0,57,262,17,0,17,0,17,36,36,0,1,35,9,9,0,0,9,183,183,NA,0,183,11,11,0,0,11,0,0,NA,0,0,0,0,0,0,0,100,30,70,25,75,6,6,0,0,6,38,38,0,18,20,0,0,0,0,0,2,2,0,0,2,0,0,0,0,0,2,0,2,0,2,225,105,120,121,104,455,407,48,24,431,9,9,NA,NA,9,NA,NA,NA,NA,NA,NA,NA,NA,NA,NA,3,0,3,3,0,661,659,2,319,342,0,0,NA,0,0,1,0,1,0,1,7,0,7,7,0,26,6,20,20,6,16,2,14,0,16,0,0,0,0,0,2,2,0,0,2,78,78,0,76,2,0,0,NA,NA,0,20,20,0,20,0,13,0,13,0,13,0,0,NA,0,0,237,236,1,25,212,6,6,NA,2,4,396,396,0,363,33
M11 [NVBDCP],'11.3.2',Dengue - Enzyme- Linked Immuno Sorbent Assay (ELISA) Test Positive,TOTAL,1170,951,219,218,952,0,0,NA,NA,0,104,104,0,0,104,0,0,0,NA,0,18,18,NA,NA,18,2,2,0,0,2,12,12,NA,0,12,1,1,0,0,1,5,5,NA,NA,5,0,0,NA,NA,0,30,23,7,0,30,44,44,NA,NA,44,141,141,0,53,88,57,57,NA,0,57,2,2,0,NA,2,0,0,NA,NA,0,0,0,NA,NA,0,261,61,200,105,156,114,102,12,11,103,0,0,NA,NA,0,NA,NA,NA,NA,NA,NA,NA,NA,NA,NA,1,1,0,0,1,127,127,0,0,127,0,0,NA,NA,0,0,0,0,NA,0,0,0,0,0,0,0,0,0,NA,0,3,3,NA,NA,3,10,10,0,8,2,3,3,NA,0,3,19,19,0,16,3,0,0,NA,0,0,51,51,NA,16,35,88,88,NA,0,88,18,18,NA,0,18,0,0,NA,NA,0,6,6,NA,6,0,53,53,0,3,50
M11 [NVBDCP],'11.4.1',Tests Conducted for JE,TOTAL,1834,1820,14,14,1820,0,0,NA,NA,0,0,0,0,0,0,0,0,0,NA,0,156,156,NA,NA,156,0,0,0,0,0,19,19,NA,NA,19,0,0,0,0,0,0,0,NA,NA,0,0,0,NA,NA,0,0,0,0,0,0,0,0,NA,NA,0,0,0,0,0,0,0,0,NA,0,0,0,0,0,NA,0,0,0,NA,NA,0,0,0,NA,NA,0,14,0,14,14,0,0,0,0,0,0,0,0,NA,NA,0,NA,NA,NA,NA,NA,NA,NA,NA,NA,NA,0,0,0,0,0,0,0,0,0,0,2,2,NA,NA,2,7,7,0,NA,7,0,0,0,0,0,4,4,0,NA,4,10,10,NA,NA,10,0,0,0,0,0,0,0,NA,0,0,0,0,0,0,0,0,0,NA,NA,0,5,5,NA,0,5,0,0,NA,0,0,116,116,NA,0,116,1377,1377,NA,NA,1377,0,0,NA,0,0,124,124,0,0,124
M11 [NVBDCP],'11.4.2',Tests Positive for JE,TOTAL,67,67,0,0,67,0,0,NA,NA,0,0,0,0,0,0,0,0,0,NA,0,47,47,NA,NA,47,0,0,0,0,0,0,0,NA,NA,0,0,0,0,0,0,0,0,NA,NA,0,0,0,NA,NA,0,0,0,0,0,0,0,0,NA,NA,0,0,0,0,0,0,0,0,NA,0,0,0,0,0,NA,0,0,0,NA,NA,0,0,0,NA,NA,0,0,0,0,0,0,0,0,0,0,0,0,0,NA,NA,0,NA,NA,NA,NA,NA,NA,NA,NA,NA,NA,0,0,0,0,0,0,0,0,0,0,0,0,NA,NA,0,1,1,0,NA,1,0,0,0,0,0,0,0,0,NA,0,4,4,NA,NA,4,0,0,0,0,0,0,0,NA,0,0,0,0,0,0,0,0,0,NA,NA,0,0,0,NA,0,0,0,0,NA,0,0,6,6,NA,0,6,4,4,NA,NA,4,0,0,NA,0,0,5,5,0,0,5
M12 [Adolscent Health],'12.1.1.a',Girls registered in AFHC,TOTAL,357021,355440,1581,71621,285400,252,252,NA,19,233,8681,8681,0,1345,7336,376,376,0,0,376,2126,1487,639,5,2121,2627,2627,0,530,2097,311,311,NA,238,73,7566,7292,274,118,7448,378,378,NA,0,378,188,188,0,17,171,10054,10011,43,5944,4110,1914,1914,0,231,1683,16646,16646,0,4139,12507,9951,9951,0,316,9635,1133,1133,0,0,1133,3238,3238,0,38,3200,8493,8443,50,121,8372,24362,24248,114,4078,20284,1555,1374,181,453,1102,0,0,NA,NA,0,NA,NA,NA,NA,NA,NA,NA,NA,NA,NA,15921,15919,2,8697,7224,39340,39340,0,11580,27760,1022,970,52,52,970,2012,1997,15,33,1979,831,831,0,29,802,538,389,149,153,385,3978,3978,0,295,3683,4201,4201,0,3232,969,2433,2414,19,491,1942,37656,37656,0,7295,30361,1090,1090,NA,96,994,26342,26342,0,14499,11843,3490,3490,0,1170,2320,700,700,NA,144,556,42864,42864,0,1170,41694,3719,3719,NA,614,3105,71033,70990,43,4479,66554
M12 [Adolscent Health],'12.1.1.b',Boys registered in AFHC,TOTAL,266220,264916,1304,52525,213695,137,137,NA,20,117,7028,7028,0,1052,5976,307,307,0,0,307,1121,456,665,4,1117,1625,1625,0,387,1238,284,284,NA,241,43,5736,5487,249,49,5687,366,366,NA,0,366,240,240,0,21,219,9701,9672,29,3044,6657,1944,1944,0,258,1686,12198,12198,0,2581,9617,9450,9450,0,218,9232,946,946,0,0,946,1715,1715,0,0,1715,5201,5133,68,144,5057,17579,17475,104,3196,14383,900,859,41,134,766,0,0,NA,NA,0,NA,NA,NA,NA,NA,NA,NA,NA,NA,NA,12884,12884,0,8452,4432,35232,35232,0,9557,25675,740,740,NA,0,740,1003,995,8,16,987,581,581,0,16,565,403,287,116,119,284,1859,1859,0,175,1684,2606,2606,0,2477,129,1494,1479,15,329,1165,28597,28597,0,5356,23241,883,883,NA,89,794,20860,20860,0,10847,10013,2461,2461,0,911,1550,307,307,NA,75,232,37634,37634,0,853,36781,3420,3420,NA,526,2894,38778,38769,9,1378,37400
M12 [Adolscent Health],'12.1.2.a',"Out of registered, Girls received clinical services",TOTAL,269196,268691,505,62218,206978,87,87,NA,0,87,6505,6505,0,1310,5195,283,283,0,0,283,1180,1153,27,0,1180,2098,2098,0,558,1540,282,282,NA,209,73,6113,6113,0,118,5995,303,303,NA,0,303,132,132,0,17,115,9529,9494,35,5448,4081,1544,1544,0,225,1319,13528,13528,0,3229,10299,6857,6857,0,573,6284,998,998,0,0,998,1371,1371,0,38,1333,5983,5933,50,129,5854,18337,18242,95,2988,15349,675,657,18,8,667,0,0,NA,NA,0,NA,NA,NA,NA,NA,NA,NA,NA,NA,NA,7417,7415,2,1469,5948,33487,33487,0,10036,23451,986,934,52,52,934,1660,1645,15,33,1627,712,712,0,29,683,460,311,149,153,307,2978,2978,0,114,2864,1150,1150,0,691,459,1978,1959,19,462,1516,24588,24588,0,3674,20914,935,935,NA,96,839,36472,36472,0,23487,12985,1879,1879,0,520,1359,504,504,NA,120,384,30719,30719,0,2300,28419,2081,2081,NA,401,1680,45385,45342,43,3731,41654
M12 [Adolscent Health],'12.1.2.b',"Out of registered, Boys received clinical services",TOTAL,175494,175117,377,28341,147153,12,12,NA,0,12,5475,5475,0,1186,4289,260,260,0,0,260,368,350,18,0,368,1342,1342,0,410,932,250,250,NA,207,43,4523,4523,0,49,4474,299,299,NA,0,299,114,114,0,21,93,9447,9426,21,2818,6629,1629,1629,0,255,1374,9985,9985,0,1950,8035,5639,5639,0,340,5299,913,913,0,0,913,706,706,0,0,706,3219,3151,68,150,3069,13542,13443,99,2208,11334,603,580,23,7,596,0,0,NA,NA,0,NA,NA,NA,NA,NA,NA,NA,NA,NA,NA,4070,4070,0,954,3116,29664,29664,0,7811,21853,700,700,NA,0,700,764,756,8,16,748,508,508,0,16,492,340,224,116,119,221,1240,1240,0,19,1221,70,70,0,8,62,1227,1212,15,303,924,15668,15668,0,2120,13548,756,756,NA,89,667,15546,15546,0,3928,11618,1484,1484,0,420,1064,169,169,NA,60,109,22932,22932,0,1570,21362,1861,1861,NA,369,1492,20169,20160,9,938,19231
M12 [Adolscent Health],'12.1.3.a',"Out of registered, Girls received counselling",TOTAL,283584,283057,527,43830,239754,219,219,NA,6,213,7050,7050,0,1048,6002,274,274,0,0,274,1635,1615,20,0,1635,1880,1880,0,373,1507,340,340,NA,267,73,5740,5740,0,134,5606,378,378,NA,0,378,170,170,0,17,153,6155,6122,33,5460,695,1079,1079,0,185,894,13149,13149,0,3022,10127,11478,11478,0,445,11033,1047,1047,0,0,1047,2823,2823,0,45,2778,6630,6630,0,124,6506,17636,17522,114,2678,14958,821,745,76,53,768,0,0,NA,NA,0,NA,NA,NA,NA,NA,NA,NA,NA,NA,NA,8792,8786,6,1552,7240,34254,34254,0,9562,24692,885,833,52,52,833,1822,1807,15,33,1789,643,643,0,29,614,445,296,149,153,292,3644,3644,0,295,3349,1781,1781,0,885,896,1651,1632,19,385,1266,21623,21623,0,2842,18781,877,877,NA,96,781,13153,13153,0,6015,7138,2562,2562,0,1083,1479,672,672,NA,144,528,38757,38757,0,2039,36718,3615,3615,NA,611,3004,69904,69861,43,4197,65707
M12 [Adolscent Health],'12.1.3.b',"Out of registered, Boys received counselling",TOTAL,198553,198239,314,28027,170526,110,110,NA,2,108,6150,6150,0,825,5325,238,238,0,0,238,478,478,0,0,478,1186,1186,0,257,929,309,309,NA,266,43,4308,4308,0,59,4249,366,366,NA,0,366,229,229,0,21,208,3366,3345,21,2910,456,1006,1006,0,202,804,9941,9941,0,1955,7986,9592,9592,0,253,9339,882,882,0,0,882,1585,1585,0,3,1582,3621,3621,0,108,3513,12789,12684,105,1938,10851,577,537,40,12,565,0,0,NA,NA,0,NA,NA,NA,NA,NA,NA,NA,NA,NA,NA,4808,4808,0,959,3849,30654,30654,0,7709,22945,626,626,NA,0,626,854,846,8,16,838,434,434,0,16,418,291,175,116,119,172,1702,1702,0,175,1527,194,194,0,84,110,1115,1100,15,270,845,16026,16026,0,2025,14001,681,681,NA,89,592,10076,10076,0,3983,6093,1913,1913,0,755,1158,270,270,NA,75,195,31373,31373,0,1284,30089,3285,3285,NA,504,2781,37518,37509,9,1153,36365
"M13 [Directly Observed Treatment, Short-course (DOTS)]",'13.1',Number of on-going DOTS patients registered,TOTAL,153996,152480,1516,38189,115807,54,54,NA,11,43,7587,7587,0,1023,6564,230,208,22,7,223,3659,3462,197,16,3643,6639,6639,0,587,6052,606,606,NA,575,31,2344,2324,20,103,2241,19,19,NA,0,19,65,65,0,0,65,7329,6897,432,4809,2520,298,298,0,100,198,7702,7656,46,2707,4995,4063,4063,0,1116,2947,1803,1803,0,27,1776,699,699,0,56,643,4042,3818,224,251,3791,13514,13456,58,4444,9070,3598,3589,9,176,3422,8,8,NA,NA,8,NA,NA,NA,NA,NA,NA,NA,NA,NA,NA,11583,11467,116,2941,8642,12779,12767,12,8109,4670,213,209,4,0,213,787,728,59,100,687,152,152,0,0,152,329,325,4,9,320,10536,10450,86,156,10380,314,314,0,137,177,3448,3439,9,884,2564,7897,7897,0,2439,5458,144,144,NA,NA,144,8650,8650,0,2568,6082,2972,2972,0,535,2437,270,270,NA,28,242,17412,17407,5,622,16790,2470,2266,204,486,1984,9781,9772,9,3167,6614
"M13 [Directly Observed Treatment, Short-course (DOTS)]",'13.2',Number of DOTS cases completed successfully,TOTAL,55133,54385,748,12805,42328,21,21,NA,4,17,3408,3408,0,566,2842,119,100,19,5,114,1311,1257,54,16,1295,2057,2057,0,180,1877,237,237,NA,216,21,1546,1546,0,64,1482,3,3,NA,0,3,24,24,0,0,24,2385,2145,240,1566,819,38,38,0,10,28,2643,2635,8,1339,1304,1613,1613,0,344,1269,739,739,0,11,728,218,218,0,12,206,1947,1891,56,43,1904,2233,2165,68,683,1550,482,481,1,33,449,1,1,NA,NA,1,NA,NA,NA,NA,NA,NA,NA,NA,NA,NA,6827,6767,60,2177,4650,4313,4304,9,2295,2018,50,50,0,0,50,211,201,10,18,193,64,64,0,0,64,154,152,2,3,151,2996,2967,29,63,2933,70,70,0,35,35,1911,1911,0,430,1481,2501,2501,0,663,1838,42,42,NA,NA,42,1956,1956,0,650,1306,904,904,0,224,680,91,91,NA,8,83,8133,8133,0,239,7894,964,777,187,226,738,2921,2916,5,682,2239
M14 [Patient Services],'14.1.1',Outpatient - Diabetes,TOTAL,2644246,2546368,97878,703624,1940622,11111,11111,NA,812,10299,266232,266232,0,90840,175392,770,498,272,5,765,12566,11716,850,1843,10723,26537,26496,41,6650,19887,4611,4611,NA,2686,1925,57501,57212,289,5501,52000,377,377,NA,0,377,1443,1443,0,195,1248,84208,67531,16677,46475,37733,1168,1131,37,35,1133,128010,125223,2787,27349,100661,37152,37152,0,6716,30436,18129,18119,10,192,17937,13387,11675,1712,3691,9696,10723,10407,316,788,9935,238083,203181,34902,62976,175107,177373,148166,29207,28709,148664,202,202,NA,NA,202,NA,NA,NA,NA,NA,NA,NA,NA,NA,NA,53742,48789,4953,14182,39560,76903,76756,147,29126,47777,1363,1297,66,64,1299,1131,754,377,34,1097,1214,1170,44,81,1133,883,359,524,124,759,87662,84918,2744,9375,78287,12327,12003,324,8452,3875,43138,42866,272,10406,32732,143950,143929,21,47755,96195,520,520,NA,NA,520,798775,798775,0,215366,583409,110720,110688,32,29381,81339,3342,3342,NA,373,2969,96736,96437,299,9558,87178,6926,6921,5,1293,5633,115331,114361,970,42591,72740
M14 [Patient Services],'14.1.2',Outpatient - Hypertension,TOTAL,3048900,2969055,79845,769481,2279419,11930,11930,NA,770,11160,274584,274584,0,84102,190482,1639,1490,149,30,1609,26232,23406,2826,3079,23153,15484,15429,55,2431,13053,3610,3610,NA,2876,734,63186,62899,287,5602,57584,506,506,NA,0,506,2193,2193,0,211,1982,97411,81530,15881,36597,60814,1200,1157,43,54,1146,116627,113897,2730,19167,97460,41162,41162,0,6919,34243,26946,26942,4,413,26533,23565,21894,1671,5260,18305,10764,10428,336,890,9874,237727,213604,24123,54231,183496,205273,183596,21677,32292,172981,388,388,NA,NA,388,NA,NA,NA,NA,NA,NA,NA,NA,NA,NA,55094,49430,5664,16431,38663,88873,88813,60,30088,58785,1888,1810,78,67,1821,5113,4434,679,599,4514,1842,1773,69,147,1695,1709,1401,308,216,1493,122421,120568,1853,14001,108420,10186,9934,252,5902,4284,51386,51165,221,8821,42565,177523,177501,22,59705,117818,1602,1602,NA,NA,1602,997375,997375,0,286033,711342,131597,131552,45,33308,98289,6357,6357,NA,775,5582,77679,77378,301,7594,70085,6904,6900,4,1383,5521,150924,150417,507,49487,101437
M14 [Patient Services],'14.1.3',Outpatient - Stroke (Paralysis),TOTAL,64075,59595,4480,10233,53842,24,24,NA,0,24,4085,4085,0,418,3667,44,37,7,0,44,415,296,119,79,336,225,225,0,10,215,9,9,NA,7,2,591,568,23,33,558,18,18,NA,0,18,0,0,0,0,0,1344,871,473,384,960,22,22,0,0,22,1546,1410,136,265,1281,195,195,0,6,189,40,40,0,0,40,119,114,5,5,114,370,368,2,6,364,4202,3166,1036,1197,3005,4290,2896,1394,490,3800,7,7,NA,NA,7,NA,NA,NA,NA,NA,NA,NA,NA,NA,NA,2156,1272,884,1159,997,3250,3248,2,1539,1711,21,14,7,5,16,53,32,21,0,53,38,37,1,1,37,37,16,21,19,18,1179,900,279,44,1135,1626,1626,0,1610,16,1066,1066,0,45,1021,1499,1499,0,223,1276,34,34,NA,NA,34,21124,21124,0,1673,19451,2218,2217,1,322,1896,209,209,NA,1,208,7595,7528,67,45,7550,1296,1296,NA,32,1264,3128,3126,2,615,2513
M14 [Patient Services],'14.1.4',Outpatient - Acute Heart Diseases,TOTAL,237022,206141,30881,39127,197895,114,114,NA,0,114,8430,8430,0,463,7967,195,183,12,0,195,1499,730,769,631,868,637,585,52,28,609,17588,17588,NA,48,17540,389,378,11,10,379,37,37,NA,0,37,114,114,0,0,114,27540,18260,9280,7307,20233,22,22,0,0,22,3261,2597,664,642,2619,1883,1883,0,84,1799,353,353,0,1,352,612,586,26,33,579,578,563,15,1,577,14873,8936,5937,5920,8953,21619,13206,8413,5367,16252,30,30,NA,NA,30,NA,NA,NA,NA,NA,NA,NA,NA,NA,NA,9232,6443,2789,2520,6712,8557,8389,168,2429,6128,95,18,77,77,18,83,35,48,0,83,93,93,0,48,45,46,18,28,28,18,12334,10897,1437,49,12285,2118,2080,38,1524,594,4092,4092,0,644,3448,11354,11354,0,4977,6377,4,4,NA,NA,4,51641,51641,0,2820,48821,3095,3095,0,157,2938,366,366,NA,18,348,9535,9502,33,176,9359,2050,2050,NA,469,1581,22553,21469,1084,2656,19897
M14 [Patient Services],'14.1.5',Outpatient - Mental illness,TOTAL,486869,449545,37324,107230,379639,1043,1043,NA,0,1043,16274,16274,0,76,16198,513,501,12,0,513,5745,5311,434,233,5512,3412,2529,883,10,3402,13172,13172,NA,979,12193,3712,3712,0,19,3693,188,188,NA,0,188,86,86,0,0,86,20251,16196,4055,1727,18524,299,299,0,0,299,20653,19527,1126,1795,18858,13901,13901,0,46,13855,3058,3058,0,7,3051,7446,7432,14,322,7124,1345,856,489,499,846,35675,25151,10524,12211,23464,29106,16990,12116,5537,23569,5,5,NA,NA,5,NA,NA,NA,NA,NA,NA,NA,NA,NA,NA,13464,6653,6811,3357,10107,31444,31444,0,6742,24702,560,559,1,1,559,658,465,193,0,658,779,778,1,8,771,102,79,23,28,74,5887,5781,106,99,5788,10875,10875,0,10091,784,24974,24964,10,10135,14839,49042,49037,5,31922,17120,223,223,NA,NA,223,72644,72644,0,16845,55799,2160,2160,0,520,1640,548,548,NA,6,542,27659,27603,56,127,27532,957,957,NA,199,758,69009,68544,465,3689,65320
M14 [Patient Services],'14.1.6',Outpatient - Epilepsy,TOTAL,91340,86650,4690,20358,70982,610,610,NA,1,609,3859,3859,0,840,3019,7,6,1,0,7,559,204,355,145,414,261,261,0,5,256,501,501,NA,13,488,468,458,10,9,459,14,14,NA,0,14,53,53,0,0,53,8413,7283,1130,849,7564,6,6,0,0,6,2585,2388,197,23,2562,1427,1427,0,37,1390,151,151,0,0,151,505,499,6,6,499,139,135,4,6,133,16498,15524,974,3320,13178,1437,757,680,257,1180,7,7,NA,NA,7,NA,NA,NA,NA,NA,NA,NA,NA,NA,NA,1917,1095,822,723,1194,3896,3694,202,806,3090,11,11,0,0,11,131,89,42,0,131,3,3,0,0,3,6,1,5,5,1,918,856,62,19,899,2484,2474,10,2345,139,2110,2110,0,436,1674,2054,2054,0,398,1656,3,3,NA,NA,3,30754,30754,0,8411,22343,3078,3078,0,1324,1754,143,143,NA,0,143,5386,5279,107,67,5319,141,141,NA,79,62,805,722,83,234,571
M14 [Patient Services],'14.1.7',Outpatient - Ophthalmic Related,TOTAL,2665999,2516472,149527,547754,2118245,5915,5915,NA,280,5635,142926,142926,0,36092,106834,4430,3553,877,1,4429,37900,37340,560,310,37590,67497,63575,3922,14254,53243,27949,27949,NA,5493,22456,47916,47071,845,4121,43795,2588,2588,NA,0,2588,2332,2332,0,5,2327,192307,120756,71551,83896,108411,5799,5798,1,0,5799,89994,88301,1693,16672,73322,106675,106675,0,5111,101564,59215,59215,0,11,59204,64658,63554,1104,4149,60509,22517,21209,1308,1784,20733,159900,138687,21213,29194,130706,148998,136152,12846,23612,125386,1313,1313,NA,NA,1313,NA,NA,NA,NA,NA,NA,NA,NA,NA,NA,120754,105860,14894,27298,93456,146521,145922,599,46857,99664,5008,3537,1471,1413,3595,6193,6076,117,47,6146,6196,6194,2,30,6166,2120,1575,545,556,1564,111751,102050,9701,5225,106526,21202,21191,11,10930,10272,87664,87622,42,13755,73909,193796,192975,821,83235,110561,4443,4443,NA,NA,4443,199947,199947,0,45962,153985,39335,39335,0,11440,27895,19345,19345,NA,1241,18104,242265,239139,3126,12129,230136,23647,23647,NA,7387,16260,244983,242705,2278,55264,189719
M14 [Patient Services],'14.1.8',Outpatient - Dental,TOTAL,2335144,2285057,50087,430124,1905020,5073,5073,NA,208,4865,106843,106843,0,37401,69442,6406,5686,720,100,6306,27713,27092,621,454,27259,139453,138620,833,9470,129983,17107,17107,NA,5803,11304,49344,47816,1528,2210,47134,4604,4604,NA,0,4604,3768,3768,0,7,3761,133362,125143,8219,24758,108604,5789,5779,10,265,5524,72317,71007,1310,13304,59013,164001,164001,0,12350,151651,52572,52572,0,753,51819,86281,86206,75,6121,80160,18165,17591,574,587,17578,143575,128695,14880,25702,117873,140084,128065,12019,32224,107860,2360,2360,NA,NA,2360,NA,NA,NA,NA,NA,NA,NA,NA,NA,NA,56854,52840,4014,12193,44661,77898,77647,251,27541,50357,4767,4472,295,189,4578,8849,8683,166,30,8819,5729,5188,541,165,5564,5701,4684,1017,1025,4676,75170,74150,1020,7824,67346,9808,9727,81,4271,5537,82395,82373,22,16447,65948,154304,154290,14,50218,104086,5350,5350,NA,NA,5350,255914,255914,0,58970,196944,39670,39665,5,15208,24462,12409,12409,NA,1617,10792,151986,151878,108,8647,143339,19356,19356,NA,6096,13260,190167,188403,1764,47966,142201
M14 [Patient Services],'14.1.9',Outpatient - Oncology,TOTAL,167477,145540,21937,43244,124233,71,71,NA,NA,71,3139,3139,0,10,3129,345,342,3,NA,345,56,50,6,2,54,16,16,0,0,16,7576,7576,NA,1,7575,246,216,30,0,246,0,0,NA,NA,0,0,0,0,0,0,45768,35514,10254,2300,43468,2,2,0,NA,2,1127,545,582,322,805,993,993,0,2,991,528,528,0,0,528,369,24,345,345,24,95,87,8,6,89,12041,4615,7426,2116,9925,9692,8332,1360,1105,8587,1,1,NA,NA,1,NA,NA,NA,NA,NA,NA,NA,NA,NA,NA,2633,1256,1377,290,2343,1962,1962,0,70,1892,119,32,87,87,32,277,264,13,NA,277,91,91,0,0,91,151,52,99,96,55,2860,2689,171,3,2857,13295,13285,10,13290,5,680,680,0,3,677,9376,9376,0,2698,6678,0,0,NA,NA,0,24472,24472,0,4867,19605,16027,16027,0,15342,685,4,4,NA,0,4,5970,5969,1,1,5969,48,48,NA,44,4,7447,7282,165,244,7203
M14 [Patient Services],'14.2.1',Allopathic- Outpatient attendance,TOTAL,122818714,116855178,5963536,25715916,97102798,143666,143666,NA,9161,134505,6220242,6215859,4383,1185043,5035199,105390,91457,13933,1333,104057,2597001,2114638,482363,84301,2512700,5187499,5149571,37928,475663,4711836,605538,605538,NA,170389,435149,1597071,1467171,129900,209720,1387351,142583,142583,NA,0,142583,62019,62019,0,4129,57890,6371712,5559959,811753,3240465,3131247,160008,159458,550,4861,155147,4055768,3996327,59441,812611,3243157,2763107,2763107,0,308599,2454508,1227739,1225867,1872,15185,1212554,1921049,1909802,11247,90519,1830530,1179657,1139589,40068,68391,1111266,7474954,6224126,1250828,1961000,5513954,9648149,7472084,2176065,1454984,8193165,28527,28527,NA,NA,28527,NA,NA,NA,NA,NA,NA,NA,NA,NA,NA,4333081,4010723,322358,980702,3352379,6756682,6698642,58040,2044518,4712164,149238,133559,15679,11913,137325,353653,308579,45074,17347,336306,118750,111381,7369,13730,105020,104091,72653,31438,27975,76116,4803717,4478964,324753,307896,4495821,600569,598889,1680,350463,250106,1842052,1838407,3645,378931,1463121,9767774,9760654,7120,2811088,6956686,82239,82239,NA,2666,79573,19265192,19265192,0,5099616,14165576,3707682,3668737,38945,1074987,2632695,382421,381885,536,41071,341350,7910770,7854958,55812,612614,7298156,574609,572691,1918,133278,441331,10574515,10545677,28838,1710767,8863748
M14 [Patient Services],'14.2.2',Ayush - Outpatient attendance,TOTAL,8762917,8669800,93117,1325694,7437223,9159,9159,NA,0,9159,217375,217375,0,38039,179336,12015,12015,0,361,11654,235858,235858,0,3502,232356,819426,819426,0,88506,730920,18251,18251,NA,16917,1334,89469,89279,190,2244,87225,5828,5828,NA,0,5828,2910,2910,0,0,2910,336774,331305,5469,189191,147583,10098,10098,0,762,9336,197412,197242,170,21807,175605,203817,203817,0,9943,193874,0,0,0,0,0,109699,109699,0,6048,103651,47385,47385,0,1676,45709,390608,356507,34101,64140,326468,10654,10321,333,155,10499,7102,7102,NA,NA,7102,NA,NA,NA,NA,NA,NA,NA,NA,NA,NA,265344,247872,17472,41095,224249,417892,417849,43,126289,291603,8149,8149,0,65,8084,22705,22705,0,299,22406,2833,2833,0,0,2833,2306,2306,NA,0,2306,519423,519423,0,8416,511007,62393,62393,0,26807,35586,203416,203414,2,20572,182844,338246,338226,20,48475,289771,1621,1621,NA,NA,1621,2521573,2521573,0,533114,1988459,160585,160585,0,19848,140737,23488,23488,NA,6943,16545,1146343,1141400,4943,11982,1134361,70011,70011,NA,12074,57937,272749,242375,30374,26424,246325
M14 [Patient Services],'14.3.1.a',Inpatient (Male)- Children<18yrs,TOTAL,700426,648016,52410,127745,572681,512,512,NA,0,512,24584,24584,0,5124,19460,641,602,39,88,553,10277,8101,2176,998,9279,38224,37868,356,3188,35036,2857,2857,NA,313,2544,12251,10460,1791,1184,11067,932,932,NA,0,932,224,224,0,1,223,20086,13524,6562,3648,16438,662,662,0,0,662,41641,40914,727,3580,38061,11458,11458,0,191,11267,6433,6407,26,0,6433,12081,12044,37,47,12034,4880,4496,384,238,4642,47475,33683,13792,14505,32970,25125,9587,15538,3397,21728,88,88,NA,NA,88,NA,NA,NA,NA,NA,NA,NA,NA,NA,NA,42196,38301,3895,8068,34128,52228,50902,1326,11833,40395,976,754,222,190,786,3270,2253,1017,0,3270,1366,1236,130,44,1322,866,635,231,222,644,40581,38474,2107,1519,39062,2210,2185,25,1624,586,6853,6773,80,1234,5619,68015,67992,23,19285,48730,209,209,NA,NA,209,71871,71871,0,18136,53735,16696,16135,561,3985,12711,4172,4124,48,367,3805,55507,54842,665,1592,53915,2802,2791,11,1070,1732,70177,69536,641,22074,48103
M14 [Patient Services],'14.3.1.b',Inpatient (Male)- Adults,TOTAL,1866593,1689819,176774,325924,1540669,1442,1442,NA,0,1442,101863,101863,0,18556,83307,1625,1406,219,0,1625,37356,30336,7020,2149,35207,52266,51299,967,3017,49249,6370,6370,NA,259,6111,37417,32635,4782,4441,32976,1683,1683,NA,0,1683,401,401,0,3,398,58908,23000,35908,12836,46072,2446,2425,21,21,2425,98781,96528,2253,11135,87646,19461,19461,0,260,19201,13581,13532,49,0,13581,20834,20052,782,1003,19831,14292,13159,1133,768,13524,169368,125553,43815,46376,122992,81263,33829,47434,17156,64107,152,152,NA,NA,152,NA,NA,NA,NA,NA,NA,NA,NA,NA,NA,116510,103088,13422,22712,93798,129942,128487,1455,29217,100725,2717,1523,1194,1101,1616,5269,3692,1577,0,5269,2976,2467,509,209,2767,2870,1894,976,872,1998,89337,81713,7624,730,88607,3920,3837,83,1998,1922,20115,20060,55,4179,15936,139420,139388,32,39532,99888,855,855,NA,NA,855,280318,280318,0,42832,237486,53949,52846,1103,13092,40857,13018,12723,295,1081,11937,109879,108902,977,2712,107167,6560,6525,35,2023,4537,169429,166375,3054,45654,123775
M14 [Patient Services],'14.3.2.a',Inpatient (Female)- Children<18yrs,TOTAL,640817,592107,48710,118290,522527,395,395,NA,0,395,22751,22751,0,5112,17639,567,525,42,12,555,9049,7126,1923,873,8176,37208,36988,220,2781,34427,2105,2105,NA,307,1798,11296,9795,1501,965,10331,784,784,NA,0,784,308,308,0,0,308,15154,10415,4739,2871,12283,531,531,0,0,531,44156,43518,638,3363,40793,9122,9122,0,218,8904,5183,5129,54,0,5183,10690,10656,34,58,10632,4163,3922,241,154,4009,48342,35365,12977,13740,34602,25548,10142,15406,3189,22359,77,77,NA,NA,77,NA,NA,NA,NA,NA,NA,NA,NA,NA,NA,34982,31117,3865,9964,25018,49655,48711,944,10986,38669,946,732,214,169,777,3020,2043,977,0,3020,1187,1076,111,68,1119,838,654,184,175,663,36916,33354,3562,1334,35582,1570,1561,9,1143,427,8323,8230,93,1044,7279,61341,61320,21,15386,45955,222,222,NA,NA,222,60891,60891,0,16750,44141,15065,14811,254,3511,11554,3613,3575,38,286,3327,46129,45915,214,1049,45080,2458,2453,5,931,1527,66232,65788,444,21851,44381
M14 [Patient Services],'14.3.2.b',Inpatient (Female)- Adults,TOTAL,3141545,2915205,226340,519098,2622447,1694,1694,NA,0,1694,156793,156793,0,30068,126725,2765,2455,310,0,2765,69291,57752,11539,3917,65374,142271,140851,1420,9742,132529,7062,7062,NA,1057,6005,65787,59506,6281,6672,59115,2872,2872,NA,0,2872,688,688,0,2,686,70831,34903,35928,17393,53438,3121,3046,75,75,3046,187153,184926,2227,19614,167539,44476,44476,0,1155,43321,25871,25678,193,0,25871,37474,35889,1585,2524,34950,36143,33749,2394,1462,34681,292519,240164,52355,61758,230761,116688,50230,66458,21182,95506,265,265,NA,NA,265,NA,NA,NA,NA,NA,NA,NA,NA,NA,NA,212317,197607,14710,36789,175528,234528,231272,3256,52525,182003,4297,2778,1519,1147,3150,11064,7881,3183,0,11064,4895,4363,532,185,4710,3401,2487,914,755,2646,138580,126647,11933,1518,137062,7160,6888,272,3446,3714,34706,33766,940,7499,27207,243720,243336,384,63554,180166,922,922,NA,NA,922,402076,402076,0,67101,334975,87070,85849,1221,26965,60105,19558,19144,414,1781,17777,192778,191303,1475,3991,188787,13673,13604,69,4193,9480,267036,262283,4753,71028,196008
M14 [Patient Services],'14.3.3',Number of Left Against Medical Advice (LAMA) cases,TOTAL,182016,177898,4118,37219,144797,91,91,NA,0,91,6045,6045,0,1380,4665,48,26,22,0,48,3844,3788,56,23,3821,3646,3608,38,67,3579,483,483,NA,19,464,4637,4492,145,155,4482,137,137,NA,0,137,2,2,0,0,2,2895,1617,1278,588,2307,574,574,0,0,574,10297,10165,132,1248,9049,3330,3330,0,88,3242,456,456,0,0,456,135,107,28,28,107,1790,1782,8,5,1785,9120,8334,786,1330,7790,992,437,555,102,890,3,3,NA,NA,3,NA,NA,NA,NA,NA,NA,NA,NA,NA,NA,21795,21214,581,5792,16003,13112,13002,110,3592,9520,38,34,4,2,36,251,185,66,0,251,14,12,2,3,11,58,42,16,16,42,13149,13008,141,205,12944,499,499,0,11,488,3676,3670,6,1106,2570,6893,6893,0,1954,4939,14,14,NA,NA,14,3131,3131,0,746,2385,3679,3675,4,927,2752,2223,2198,25,303,1920,16786,16759,27,405,16381,1277,1277,NA,269,1008,46896,46808,88,16855,30041
M14 [Patient Services],'14.4.1',Inpatient - Malaria,TOTAL,15868,14768,1100,1235,14633,42,42,NA,0,42,280,280,0,67,213,12,12,0,9,3,148,143,5,2,146,52,51,1,0,52,2,2,NA,1,1,1359,1122,237,10,1349,12,12,NA,0,12,1,1,0,0,1,221,15,206,200,21,32,32,0,0,32,3923,3905,18,90,3833,84,84,0,6,78,2,2,0,0,2,11,11,0,0,11,396,359,37,5,391,434,325,109,109,325,14,11,3,3,11,0,0,NA,NA,0,NA,NA,NA,NA,NA,NA,NA,NA,NA,NA,1109,893,216,129,980,609,603,6,404,205,0,0,0,0,0,25,24,1,0,25,15,11,4,0,15,4,4,0,0,4,2840,2652,188,0,2840,39,39,0,37,2,12,12,0,0,12,352,352,0,52,300,0,0,NA,NA,0,347,347,0,14,333,131,108,23,0,131,129,129,NA,6,123,3063,3018,45,54,3009,6,6,NA,1,5,162,161,1,36,126
M14 [Patient Services],'14.4.2',Inpatient - Dengue,TOTAL,2203,1887,316,467,1736,5,5,NA,0,5,222,222,0,35,187,0,0,0,0,0,9,6,3,0,9,2,2,0,0,2,2,2,NA,0,2,4,4,0,0,4,16,16,NA,0,16,0,0,0,0,0,30,5,25,5,25,63,63,0,0,63,230,187,43,15,215,0,0,0,0,0,14,14,0,0,14,0,0,0,0,0,1,1,0,0,1,376,240,136,141,235,108,60,48,15,93,8,8,NA,NA,8,NA,NA,NA,NA,NA,NA,NA,NA,NA,NA,299,290,9,0,299,292,288,4,166,126,0,0,0,0,0,2,1,1,0,2,2,2,0,0,2,13,3,10,10,3,83,64,19,0,83,10,7,3,8,2,10,10,0,0,10,25,25,0,24,1,0,0,NA,NA,0,210,210,0,23,187,64,64,0,3,61,0,0,NA,0,0,70,55,15,12,58,0,0,NA,0,0,33,33,0,10,23
M14 [Patient Services],'14.4.3',Inpatient - Typhoid,TOTAL,38331,35733,2598,8122,30209,5,5,NA,0,5,1414,1414,0,293,1121,59,50,9,0,59,301,230,71,28,273,375,375,0,97,278,43,43,NA,26,17,2034,1873,161,167,1867,37,37,NA,0,37,9,9,0,0,9,1496,184,1312,897,599,6,6,0,0,6,1702,1644,58,440,1262,609,609,0,38,571,281,269,12,0,281,207,207,0,0,207,385,365,20,6,379,4913,4484,429,837,4076,89,57,32,12,77,13,13,NA,NA,13,NA,NA,NA,NA,NA,NA,NA,NA,NA,NA,2237,1985,252,263,1974,5442,5437,5,1753,3689,21,19,2,1,20,195,161,34,0,195,41,21,20,0,41,55,39,16,10,45,1824,1768,56,57,1767,19,9,10,11,8,537,535,2,64,473,2660,2660,0,588,2072,4,4,NA,NA,4,1355,1355,0,583,772,2611,2601,10,1449,1162,233,233,NA,8,225,5507,5420,87,204,5303,369,369,NA,64,305,1243,1243,0,226,1017
M14 [Patient Services],'14.4.4',"Inpatient - Asthma, Chronic Obstructive Pulmonary Disease (COPD), Respiratory infections",TOTAL,140434,128876,11558,26822,113612,116,116,NA,0,116,10915,10915,0,3308,7607,125,102,23,0,125,2732,1931,801,220,2512,1025,949,76,37,988,126,126,NA,17,109,1644,1419,225,22,1622,70,70,NA,0,70,67,67,0,0,67,3081,496,2585,1064,2017,343,343,0,0,343,4892,4812,80,371,4521,3111,3111,0,33,3078,1969,1965,4,0,1969,1908,1908,0,0,1908,480,415,65,29,451,15101,12558,2543,2774,12327,6940,4368,2572,782,6158,28,28,NA,NA,28,NA,NA,NA,NA,NA,NA,NA,NA,NA,NA,6267,4753,1514,1015,5252,5811,5810,1,1349,4462,107,98,9,9,98,1062,709,353,0,1062,251,175,76,9,242,206,148,58,57,149,5620,5363,257,66,5554,578,562,16,241,337,1867,1866,1,311,1556,12930,12929,1,2086,10844,59,59,NA,NA,59,7339,7339,0,3716,3623,2395,2394,1,760,1635,1170,1170,NA,98,1072,17475,17307,168,323,17152,636,632,4,152,484,21988,21863,125,7973,14015
M14 [Patient Services],'14.4.5',Inpatient - Tuberculosis,TOTAL,20551,18945,1606,3907,16644,34,34,NA,0,34,1325,1325,0,195,1130,25,11,14,7,18,764,630,134,17,747,293,283,10,12,281,88,88,NA,5,83,409,383,26,8,401,26,26,NA,0,26,19,19,0,0,19,766,198,568,239,527,21,21,0,0,21,1560,1517,43,336,1224,595,595,0,2,593,120,120,0,0,120,51,51,0,0,51,188,172,16,10,178,1109,892,217,220,889,129,92,37,14,115,0,0,NA,NA,0,NA,NA,NA,NA,NA,NA,NA,NA,NA,NA,1659,1268,391,156,1503,1796,1786,10,233,1563,5,4,1,1,4,137,66,71,0,137,21,19,2,1,20,69,48,21,21,48,640,600,40,3,637,41,41,0,6,35,372,372,0,32,340,2535,2535,0,1592,943,87,87,NA,NA,87,1261,1261,0,244,1017,626,626,0,175,451,13,13,NA,1,12,2598,2593,5,6,2592,173,173,NA,93,80,996,996,0,278,718
M14 [Patient Services],'14.4.6',Inpatient - Pyrexia of unknown origin (PUO),TOTAL,174534,169530,5004,28408,146126,91,91,NA,0,91,9031,9031,0,2294,6737,225,193,32,4,221,1324,1026,298,6,1318,372,347,25,4,368,284,284,NA,77,207,3681,3592,89,50,3631,60,60,NA,0,60,56,56,0,0,56,1807,232,1575,926,881,393,393,0,0,393,8067,7951,116,1365,6702,3464,3464,0,67,3397,2178,2164,14,0,2178,2287,2287,0,0,2287,846,725,121,36,810,16495,15618,877,1400,15095,2400,1389,1011,369,2031,3,3,NA,NA,3,NA,NA,NA,NA,NA,NA,NA,NA,NA,NA,10920,10370,550,2414,8506,16351,16351,0,5926,10425,113,112,1,1,112,681,669,12,0,681,140,115,25,12,128,68,63,5,5,63,4940,4844,96,78,4862,144,113,31,81,63,2739,2739,0,1045,1694,30939,30936,3,3003,27936,50,50,NA,NA,50,8594,8594,0,3868,4726,7304,7278,26,2315,4989,2993,2993,NA,206,2787,22442,22352,90,477,21965,1020,1016,4,497,523,12032,12029,3,1882,10150
M14 [Patient Services],'14.4.7',Inpatient - Diarrhea with dehydration,TOTAL,263588,256817,6771,50693,212895,131,131,NA,0,131,22327,22327,0,5298,17029,297,281,16,0,297,3688,3106,582,146,3542,4391,4356,35,167,4224,139,139,NA,30,109,7957,7773,184,220,7737,318,318,NA,0,318,88,88,0,0,88,2609,637,1972,1201,1408,247,247,0,0,247,9771,9260,511,1992,7779,2066,2066,0,122,1944,1668,1652,16,0,1668,2992,2982,10,58,2934,2335,2215,120,86,2249,19609,18232,1377,2597,17012,1706,1026,680,212,1494,15,15,NA,NA,15,NA,NA,NA,NA,NA,NA,NA,NA,NA,NA,20174,19547,627,4089,16085,16790,16790,0,5046,11744,650,640,10,2,648,1085,900,185,0,1085,371,280,91,34,337,205,144,61,57,148,19559,19374,185,490,19069,433,406,27,113,320,1721,1719,2,416,1305,23498,23497,1,3759,19739,117,117,NA,NA,117,8884,8884,0,4750,4134,11582,11574,8,4089,7493,3672,3672,NA,263,3409,21168,21119,49,498,20670,1034,1034,NA,513,521,50291,50269,22,14445,35846
M14 [Patient Services],'14.4.8',Inpatient - Hepatitis,TOTAL,11684,7981,3703,2171,9513,2,2,NA,0,2,669,669,0,54,615,39,8,31,0,39,144,79,65,9,135,38,32,6,0,38,33,33,NA,9,24,135,111,24,1,134,19,19,NA,0,19,12,12,0,0,12,634,107,527,424,210,4,4,0,0,4,3963,1492,2471,102,3861,37,37,0,4,33,85,85,0,0,85,78,78,0,0,78,203,198,5,45,158,695,367,328,335,360,320,258,62,62,258,1,1,NA,NA,1,NA,NA,NA,NA,NA,NA,NA,NA,NA,NA,656,584,72,78,578,832,826,6,495,337,16,12,4,4,12,78,24,54,0,78,53,48,5,3,50,19,9,10,10,9,172,163,9,5,167,15,14,1,13,2,180,179,1,21,159,405,405,0,159,246,4,4,NA,NA,4,734,734,0,13,721,346,345,1,111,235,6,6,NA,0,6,609,597,12,13,596,84,84,NA,28,56,364,355,9,173,191
M14 [Patient Services],'14.5',Patients registered at Emergency Department,TOTAL,4471478,4300404,171074,1007278,3464200,3304,3304,NA,NA,3304,163201,163201,0,36098,127103,11005,7585,3420,NA,11005,91994,90931,1063,1055,90939,80431,77886,2545,4108,76323,18036,18036,NA,5126,12910,30076,29578,498,892,29184,8288,8288,NA,NA,8288,1815,1815,0,0,1815,425187,371567,53620,28253,396934,19338,19338,0,NA,19338,55387,54243,1144,6568,48819,85807,85807,0,2447,83360,63364,63364,0,0,63364,58605,58075,530,3245,55360,37489,37155,334,0,37489,119382,94484,24898,28786,90596,485024,420972,64052,97482,387542,7768,7768,NA,NA,7768,NA,NA,NA,NA,NA,NA,NA,NA,NA,NA,124413,119637,4776,15606,108807,271229,270567,662,117414,153815,24498,22596,1902,1902,22596,16218,12276,3942,NA,16218,10398,9280,1118,941,9457,10143,7530,2613,2595,7548,278015,274580,3435,2140,275875,53748,53748,0,17784,35964,73193,73193,0,16009,57184,70692,70686,6,23860,46832,3812,3812,NA,NA,3812,505031,505031,0,273885,231146,59198,59198,0,29193,30005,41439,41075,364,10041,31398,190778,190771,7,5,190773,38481,38478,3,14455,24026,934691,934549,142,267388,667303
M14 [Patient Services],'14.6.1',"Emergency - Trauma ( accident, injury, poisoning etc)",TOTAL,393625,377033,16592,95818,297807,113,113,NA,NA,113,14042,14042,0,3909,10133,1919,1119,800,NA,1919,14818,14400,418,576,14242,7338,7334,4,217,7121,735,735,NA,3,732,7253,7068,185,51,7202,1196,1196,NA,NA,1196,633,633,0,0,633,8086,6461,1625,1159,6927,1620,1620,0,NA,1620,12019,11933,86,1509,10510,8205,8205,0,206,7999,3150,3148,2,0,3150,1872,1831,41,41,1831,8244,8171,73,7,8237,31333,25272,6061,7323,24010,13477,8042,5435,2970,10507,5,5,NA,NA,5,NA,NA,NA,NA,NA,NA,NA,NA,NA,NA,23694,23397,297,3475,20219,19111,19073,38,6241,12870,1062,851,211,211,851,2391,2220,171,NA,2391,567,518,49,32,535,637,527,110,110,527,22651,21797,854,531,22120,3106,3096,10,431,2675,5315,5315,0,1159,4156,34218,34217,1,20665,13553,658,658,NA,NA,658,71505,71505,0,32466,39039,6388,6383,5,2804,3584,1962,1942,20,340,1622,26536,26531,5,25,26511,2648,2648,NA,1183,1465,35118,35027,91,8174,26944
M14 [Patient Services],'14.6.2',Emergency - Burn,TOTAL,11385,10980,405,1647,9738,8,8,NA,NA,8,409,409,0,51,358,52,22,30,NA,52,270,265,5,5,265,255,255,0,11,244,12,12,NA,0,12,262,255,7,5,257,42,42,NA,NA,42,13,13,0,0,13,288,242,46,45,243,18,18,0,NA,18,278,277,1,45,233,335,335,0,3,332,179,179,0,0,179,140,138,2,2,138,150,147,3,0,150,706,631,75,114,592,541,357,184,96,445,0,0,NA,NA,0,NA,NA,NA,NA,NA,NA,NA,NA,NA,NA,919,899,20,99,820,761,761,0,219,542,49,45,4,4,45,27,24,3,NA,27,18,16,2,1,17,39,33,6,6,33,830,819,11,12,818,44,44,0,17,27,128,128,0,35,93,695,695,0,201,494,5,5,NA,NA,5,779,779,0,195,584,193,192,1,64,129,41,41,0,16,25,1259,1258,1,1,1258,74,74,NA,29,45,1566,1562,4,371,1195
M14 [Patient Services],'14.6.3',Emergency - Obstetrics complications,TOTAL,86315,84130,2185,17071,69244,91,91,NA,NA,91,3541,3541,0,734,2807,29,29,0,NA,29,4829,4770,59,60,4769,1468,1308,160,133,1335,894,894,NA,58,836,783,735,48,32,751,4,4,NA,NA,4,1,1,0,0,1,1987,1431,556,161,1826,371,371,0,NA,371,1674,1674,0,193,1481,1840,1840,0,22,1818,798,798,0,0,798,616,601,15,15,601,553,536,17,0,553,2562,2252,310,289,2273,344,151,193,72,272,11,11,NA,NA,11,NA,NA,NA,NA,NA,NA,NA,NA,NA,NA,5055,4898,157,519,4536,9993,9993,0,2157,7836,164,153,11,11,153,388,300,88,NA,388,5,2,3,3,2,131,74,57,57,74,2782,2603,179,17,2765,83,75,8,8,75,1266,1266,0,221,1045,2421,2421,0,60,2361,58,58,NA,NA,58,18128,18128,0,6556,11572,1329,1329,0,732,597,495,490,5,0,495,5268,5262,6,25,5243,393,387,6,26,367,15960,15653,307,4910,11050
M14 [Patient Services],'14.6.4',Emergency - Snake Bite,TOTAL,14004,13797,207,2956,11048,13,13,NA,NA,13,1047,1047,0,295,752,7,1,6,NA,7,138,136,2,0,138,239,239,0,1,238,3,3,NA,0,3,324,316,8,3,321,25,25,NA,NA,25,13,13,0,0,13,5,5,0,0,5,40,40,0,NA,40,439,439,0,27,412,92,92,0,0,92,69,69,0,0,69,42,42,0,0,42,60,58,2,0,60,962,907,55,107,855,347,242,105,13,334,0,0,NA,NA,0,NA,NA,NA,NA,NA,NA,NA,NA,NA,NA,382,372,10,47,335,1814,1814,0,410,1404,5,5,0,0,5,37,34,3,NA,37,5,5,0,0,5,10,7,3,3,7,1066,1057,9,10,1056,73,73,0,25,48,87,87,0,16,71,458,458,0,143,315,4,4,NA,NA,4,1912,1912,0,818,1094,669,669,0,237,432,23,23,0,4,19,737,737,0,0,737,13,13,NA,3,10,2844,2840,4,794,2050
M14 [Patient Services],'14.6.5',Emergency - Acute Caridiac Emergencies,TOTAL,36445,31257,5188,6366,30079,49,49,NA,NA,49,1284,1284,0,186,1098,19,4,15,NA,19,459,436,23,9,450,115,115,0,0,115,16,16,NA,0,16,332,268,64,3,329,8,8,NA,NA,8,105,105,0,0,105,4361,2990,1371,354,4007,138,138,0,NA,138,1631,1591,40,147,1484,662,662,0,0,662,748,748,0,0,748,185,179,6,6,179,93,80,13,8,85,3349,2520,829,752,2597,4253,1738,2515,715,3538,9,9,NA,NA,9,NA,NA,NA,NA,NA,NA,NA,NA,NA,NA,2197,2081,116,290,1907,2262,2236,26,619,1643,14,10,4,4,10,35,31,4,NA,35,14,14,0,0,14,22,7,15,15,7,687,627,60,5,682,49,42,7,7,42,596,596,0,137,459,1651,1651,0,611,1040,2,2,NA,NA,2,2520,2520,0,674,1846,243,243,0,69,174,122,104,18,3,119,1669,1658,11,0,1669,723,723,NA,565,158,5823,5772,51,1187,4636
M14 [Patient Services],'14.6.7',Emergency - CVA ( Cerebovascular Disease),TOTAL,29599,27638,1961,10423,19176,53,53,NA,NA,53,2098,2098,0,166,1932,47,7,40,NA,47,658,631,27,7,651,110,104,6,0,110,41,41,NA,0,41,227,207,20,2,225,51,51,NA,NA,51,12,12,0,0,12,686,254,432,146,540,65,65,0,NA,65,513,501,12,21,492,106,106,0,0,106,83,83,0,0,83,104,104,0,0,104,108,73,35,3,105,1656,1286,370,369,1287,1478,776,702,253,1225,6,6,NA,NA,6,NA,NA,NA,NA,NA,NA,NA,NA,NA,NA,520,470,50,82,438,964,950,14,202,762,73,39,34,34,39,39,26,13,NA,39,5,4,1,0,5,60,27,33,33,27,1760,1652,108,23,1737,53,50,3,21,32,232,232,0,67,165,6791,6791,0,6357,434,12,12,NA,NA,12,1448,1448,0,386,1062,411,411,0,121,290,223,216,7,26,197,1735,1720,15,6,1729,117,117,NA,68,49,7054,7015,39,2030,5024
M14 [Patient Services],'14.7',Number of deaths occurring at Emergency Department,TOTAL,11833,11511,322,1516,10317,2,2,NA,NA,2,910,910,0,160,750,10,5,5,NA,10,199,195,4,0,199,646,621,25,0,646,216,216,NA,0,216,252,249,3,0,252,0,0,NA,NA,0,2,2,0,0,2,499,463,36,39,460,23,23,0,NA,23,2073,2068,5,27,2046,274,274,0,1,273,74,74,0,0,74,54,52,2,2,52,208,207,1,0,208,688,645,43,88,600,315,198,117,34,281,2,2,NA,NA,2,NA,NA,NA,NA,NA,NA,NA,NA,NA,NA,511,470,41,80,431,780,777,3,268,512,23,14,9,9,14,87,80,7,NA,87,3,3,0,1,2,17,10,7,7,10,383,377,6,2,381,94,94,0,88,6,223,223,0,30,193,430,430,0,247,183,10,10,NA,NA,10,915,915,0,175,740,359,359,0,153,206,56,56,0,0,56,1203,1195,8,8,1195,24,24,NA,0,24,268,268,0,97,171
M14 [Patient Services],'14.8.1',Operation major (General and spinal anaesthesia),TOTAL,358095,284142,73953,80842,277253,360,360,NA,0,360,13359,13359,0,1942,11417,520,322,198,0,520,4669,3417,1252,1109,3560,13216,12119,1097,457,12759,6804,6804,NA,39,6765,3355,1338,2017,1605,1750,633,633,NA,0,633,211,211,0,0,211,31333,14762,16571,5934,25399,730,712,18,18,712,14275,13736,539,1785,12490,4846,4846,0,24,4822,3619,3569,50,0,3619,9423,7941,1482,1687,7736,6649,6157,492,407,6242,33913,16346,17567,17435,16478,26352,10087,16265,4522,21830,38,38,NA,NA,38,NA,NA,NA,NA,NA,NA,NA,NA,NA,NA,9804,6067,3737,2357,7447,24576,24404,172,6045,18531,1713,825,888,702,1011,1106,400,706,0,1106,1373,929,444,319,1054,884,419,465,424,460,12059,5014,7045,138,11921,2076,1963,113,1769,307,7700,7679,21,1584,6116,18843,18724,119,9813,9030,32,32,NA,NA,32,42141,42141,0,8675,33466,9363,9239,124,3295,6068,1965,1570,395,395,1570,19314,19071,243,220,19094,1749,1692,57,862,887,29092,27216,1876,7280,21812
M14 [Patient Services],'14.8.2',"Out of Operation major, Gynecology- Hysterectomy surgeries",TOTAL,47385,36324,11061,16535,30850,147,147,NA,0,147,2352,2352,0,386,1966,68,56,12,0,68,1389,888,501,349,1040,2753,2643,110,94,2659,89,89,NA,5,84,375,142,233,152,223,22,22,NA,0,22,19,19,0,0,19,3247,1337,1910,517,2730,44,30,14,14,30,1983,1813,170,235,1748,574,574,0,8,566,232,229,3,0,232,1112,839,273,273,839,268,225,43,30,238,6021,3206,2815,2807,3214,3879,1601,2278,907,2972,4,4,NA,NA,4,NA,NA,NA,NA,NA,NA,NA,NA,NA,NA,1252,729,523,575,677,2480,2421,59,806,1674,74,35,39,15,59,46,21,25,0,46,336,40,296,237,99,235,146,89,84,151,1754,856,898,4,1750,57,36,21,44,13,870,869,1,141,729,7418,7417,1,6229,1189,18,18,NA,NA,18,903,903,0,506,397,2633,2592,41,960,1673,142,79,63,63,79,2640,2187,453,425,2215,128,118,10,35,93,1821,1641,180,634,1187
M14 [Patient Services],'14.8.3',"Major Surgeries excluding Obstetrics, Gynaecology and Opthalmology etc.",TOTAL,90566,81031,9535,5,90561,134,134,NA,NA,134,5544,5544,NA,NA,5544,223,181,42,NA,223,2655,2655,NA,NA,2655,1896,1229,667,NA,1896,3170,3170,NA,NA,3170,418,418,NA,NA,418,363,363,NA,NA,363,77,77,NA,NA,77,17792,9778,8014,NA,17792,241,241,NA,NA,241,4461,4160,301,5,4456,2288,2288,NA,NA,2288,1642,1642,NA,NA,1642,1445,1445,NA,NA,1445,84,84,NA,NA,84,7736,7481,255,NA,7736,2658,2658,NA,NA,2658,14,14,NA,NA,14,NA,NA,NA,NA,NA,NA,NA,NA,NA,NA,1742,1742,NA,NA,1742,6613,6613,0,NA,6613,67,67,NA,NA,67,416,189,227,NA,416,696,668,28,NA,696,190,190,0,NA,190,1784,1784,NA,NA,1784,99,99,NA,NA,99,2456,2456,NA,NA,2456,2501,2501,NA,NA,2501,0,0,NA,NA,0,3083,3083,NA,NA,3083,805,805,NA,NA,805,993,993,NA,NA,993,8698,8698,NA,NA,8698,156,156,NA,NA,156,7426,7425,1,NA,7426
M14 [Patient Services],'14.8.4',Operation minor (No or local anaesthesia),TOTAL,1114294,1052738,61556,246155,868139,117,117,NA,0,117,98581,98581,0,27875,70706,1061,1043,18,7,1054,5331,4859,472,452,4879,81800,81345,455,3662,78138,26836,26836,NA,367,26469,7828,6134,1694,1695,6133,810,810,NA,0,810,131,131,0,0,131,69419,58721,10698,7189,62230,2385,2378,7,11,2374,39138,38620,518,6844,32294,7940,7940,0,162,7778,9165,9157,8,0,9165,39238,38956,282,1109,38129,13510,12825,685,555,12955,53513,38785,14728,15672,37841,69692,52704,16988,13403,56289,652,652,NA,NA,652,NA,NA,NA,NA,NA,NA,NA,NA,NA,NA,31801,25263,6538,6293,25508,41445,41209,236,8537,32908,3200,2493,707,525,2675,2441,1925,516,3,2438,1930,1808,122,40,1890,2566,1977,589,498,2068,102003,96780,5223,8000,94003,10152,10101,51,7859,2293,21241,21231,10,4241,17000,70932,70912,20,36511,34421,1215,1215,NA,7,1208,197090,197090,0,70610,126480,24456,24404,52,12518,11938,5667,5653,14,284,5383,23932,23576,356,591,23341,2259,2252,7,762,1497,44817,44255,562,9873,34944
M14 [Patient Services],'14.8.5',Number of post operative Surgical Site infection,TOTAL,2111,1877,234,0,2111,1,1,NA,NA,1,204,204,NA,NA,204,9,9,0,NA,9,313,313,NA,NA,313,62,62,0,NA,62,28,28,NA,NA,28,18,18,NA,NA,18,9,9,NA,NA,9,4,4,NA,NA,4,250,109,141,NA,250,6,6,NA,NA,6,33,31,2,0,33,36,36,NA,NA,36,7,7,NA,NA,7,124,124,NA,NA,124,11,11,NA,NA,11,307,218,89,NA,307,9,9,NA,NA,9,0,0,NA,NA,0,NA,NA,NA,NA,NA,NA,NA,NA,NA,NA,70,70,NA,NA,70,183,183,0,NA,183,0,0,NA,NA,0,19,17,2,NA,19,0,0,NA,NA,0,0,0,0,NA,0,17,17,NA,NA,17,0,0,NA,NA,0,38,38,NA,NA,38,21,21,NA,NA,21,0,0,NA,NA,0,55,55,NA,NA,55,124,124,NA,NA,124,0,0,NA,NA,0,69,69,NA,NA,69,3,3,NA,NA,3,81,81,0,NA,81
M14 [Patient Services],'14.8.6',Number of blood units issued,TOTAL,236613,217216,19397,39911,196702,332,332,NA,0,332,10370,10370,0,1816,8554,414,414,0,0,414,1374,1227,147,114,1260,3417,3087,330,158,3259,3595,3595,NA,13,3582,3270,2688,582,369,2901,0,0,NA,0,0,12,12,0,0,12,24014,16990,7024,809,23205,6,6,0,0,6,5734,5712,22,370,5364,5229,5229,0,12,5217,1710,1710,0,0,1710,2353,2288,65,65,2288,1628,1524,104,47,1581,15160,9778,5382,2642,12518,3549,2080,1469,959,2590,12,12,NA,NA,12,NA,NA,NA,NA,NA,NA,NA,NA,NA,NA,7297,5578,1719,871,6426,16078,15380,698,2327,13751,839,335,504,498,341,416,235,181,0,416,2173,2173,0,0,2173,311,133,178,168,143,20083,19616,467,186,19897,1596,1585,11,1456,140,5251,5251,0,1497,3754,22652,22652,0,10589,12063,0,0,NA,NA,0,19718,19718,0,3596,16122,3847,3845,2,1420,2427,1915,1725,190,121,1794,19420,19414,6,3,19417,2054,2054,0,1063,991,30784,30468,316,8742,22042
M14 [Patient Services],'14.8.7',Number of blood transfusions done,TOTAL,180655,163623,17032,33863,146792,332,332,NA,0,332,9717,9717,0,1657,8060,429,428,1,0,429,1236,1115,121,89,1147,2356,2076,280,10,2346,6236,6236,NA,43,6193,2954,2639,315,102,2852,26,26,NA,0,26,12,12,0,0,12,13006,5606,7400,1103,11903,11,9,2,2,9,7076,7058,18,347,6729,2559,2559,0,12,2547,1710,1710,0,0,1710,2350,2322,28,28,2322,1441,1277,164,39,1402,10173,7305,2868,2751,7422,3644,2072,1572,947,2697,12,12,NA,NA,12,NA,NA,NA,NA,NA,NA,NA,NA,NA,NA,6512,4704,1808,1050,5462,13817,13195,622,2166,11651,862,216,646,636,226,446,235,211,0,446,2139,2139,0,0,2139,328,164,164,162,166,17377,16864,513,144,17233,4441,4390,51,4321,120,3045,3021,24,1058,1987,18208,18204,4,9418,8790,0,0,NA,NA,0,18566,18566,0,3079,15487,2755,2750,5,1193,1562,1367,1177,190,104,1263,16236,16224,12,5,16231,979,979,0,187,792,8297,8284,13,3210,5087
M14 [Patient Services],'14.9.1',Inpatient Deaths - Male,TOTAL,28472,25561,2911,5229,23243,43,43,NA,0,43,2156,2156,0,149,2007,31,30,1,0,31,388,351,37,11,377,477,469,8,7,470,435,435,NA,0,435,502,443,59,49,453,46,46,NA,0,46,16,16,0,0,16,1706,1017,689,153,1553,23,22,1,0,23,946,918,28,85,861,164,164,0,1,163,199,199,0,0,199,67,67,0,0,67,201,160,41,33,168,2089,1516,573,531,1558,1249,596,653,152,1097,9,9,NA,NA,9,NA,NA,NA,NA,NA,NA,NA,NA,NA,NA,1218,912,306,322,896,2248,2174,74,482,1766,56,14,42,41,15,144,84,60,0,144,96,77,19,0,96,87,43,44,44,43,1356,1169,187,3,1353,89,89,0,68,21,181,181,0,31,150,1891,1891,0,1446,445,15,15,NA,NA,15,2567,2567,0,265,2302,969,969,0,78,891,316,307,9,3,313,1161,1158,3,1,1160,45,45,NA,17,28,5286,5209,77,1257,4029
M14 [Patient Services],'14.9.2',Inpatient Deaths - Female,TOTAL,20920,18950,1970,3198,17722,22,22,NA,0,22,1516,1516,0,96,1420,15,14,1,0,15,294,268,26,10,284,397,389,8,4,393,278,278,NA,0,278,426,385,41,34,392,28,28,NA,0,28,4,4,0,0,4,1071,635,436,111,960,18,18,0,0,18,598,588,10,57,541,61,61,0,0,61,97,97,0,0,97,51,51,0,0,51,167,138,29,26,141,1814,1469,345,334,1480,926,414,512,117,809,12,12,NA,NA,12,NA,NA,NA,NA,NA,NA,NA,NA,NA,NA,1481,1206,275,294,1187,1384,1321,63,278,1106,12,5,7,6,6,95,52,43,0,95,49,41,8,0,49,50,30,20,20,30,907,811,96,3,904,72,70,2,50,22,98,98,0,11,87,980,980,0,720,260,10,10,NA,NA,10,1525,1525,0,163,1362,700,700,0,59,641,206,198,8,6,200,842,841,1,0,842,37,37,NA,7,30,4677,4638,39,792,3885
M14 [Patient Services],'14.10',In-Patient Head Count at midnight,TOTAL,10090572,9435539,655033,1762552,8328020,11587,11587,NA,0,11587,609596,609596,0,101624,507972,5159,3349,1810,0,5159,127979,124437,3542,374,127605,266123,265237,886,13380,252743,98709,98709,NA,2859,95850,104879,103324,1555,973,103906,22780,22780,NA,0,22780,4341,4341,0,0,4341,536984,389075,147909,49463,487521,13412,13412,0,0,13412,166871,166283,588,36606,130265,126066,126066,0,507,125559,97998,97998,0,0,97998,61945,61322,623,688,61257,77946,71681,6265,3888,74058,665001,543492,121509,142388,522613,692067,418049,274018,100058,592009,1040,1040,NA,NA,1040,NA,NA,NA,NA,NA,NA,NA,NA,NA,NA,632409,593215,39194,78462,553947,666033,665600,433,140916,525117,18742,10220,8522,8219,10523,77064,59919,17145,0,77064,26459,23748,2711,1384,25075,13371,8503,4868,4370,9001,389354,381814,7540,1704,387650,99230,99230,0,76589,22641,154267,154054,213,23999,130268,564497,563685,812,182236,382261,8641,8641,NA,NA,8641,1578286,1577936,350,329803,1248483,215785,215785,0,56421,159364,103647,101544,2103,6268,97379,304502,302484,2018,1185,303317,33290,33290,NA,12748,20542,1514512,1504093,10419,385440,1129072
M14 [Patient Services],'14.11',Number of Admission in NBSU ( New Born Stabilisation Unit),TOTAL,48109,45991,2118,12364,35745,96,96,NA,0,96,3302,3302,0,1802,1500,15,15,NA,0,15,687,593,94,26,661,3055,2842,213,63,2992,160,160,NA,160,0,1199,1199,0,24,1175,158,158,NA,0,158,34,34,0,0,34,1283,897,386,285,998,39,39,0,0,39,2753,2664,89,430,2323,1392,1392,0,6,1386,1021,1021,0,0,1021,716,716,0,3,713,346,321,25,2,344,3570,3197,373,501,3069,2823,2158,665,163,2660,6,6,NA,NA,6,NA,NA,NA,NA,NA,NA,NA,NA,NA,NA,1594,1592,2,866,728,4414,4414,0,1449,2965,128,62,66,66,62,1014,874,140,0,1014,33,28,5,5,28,89,89,0,NA,89,693,693,0,0,693,33,33,0,0,33,441,441,0,102,339,4703,4696,7,2130,2573,10,10,NA,NA,10,2084,2084,0,1408,676,3268,3256,12,2298,970,211,211,NA,10,201,2515,2515,0,0,2515,468,468,NA,85,383,3756,3715,41,480,3276
M14 [Patient Services],'14.12.1',Special Newborn Care Unit (SNCU Admissions) - Inborn Male,TOTAL,35663,34548,1115,5187,30476,45,45,NA,NA,45,1616,1616,0,219,1397,16,16,0,NA,16,1352,1329,23,9,1343,847,830,17,3,844,54,54,NA,4,50,667,667,0,0,667,76,76,NA,NA,76,19,19,0,0,19,1193,954,239,272,921,76,75,1,NA,76,1545,1475,70,198,1347,867,867,0,1,866,359,359,0,0,359,690,690,0,0,690,413,412,1,1,412,2668,2420,248,284,2384,1401,1137,264,82,1319,3,3,NA,NA,3,NA,NA,NA,NA,NA,NA,NA,NA,NA,NA,2193,2172,21,198,1995,3046,3046,0,422,2624,47,17,30,30,17,162,97,65,NA,162,48,47,1,1,47,36,36,NA,NA,36,1635,1520,115,0,1635,194,194,0,117,77,580,580,0,11,569,2789,2789,0,1228,1561,30,30,NA,26,4,3811,3811,0,529,3282,1381,1375,6,434,947,145,145,NA,0,145,1787,1783,4,4,1783,177,177,NA,36,141,3695,3685,10,1078,2617
M14 [Patient Services],'14.12.2',Special Newborn Care Unit (SNCU Admissions) - Inborn Female,TOTAL,27709,26759,950,4021,23688,38,38,NA,NA,38,1220,1220,0,195,1025,10,10,NA,NA,10,991,969,22,14,977,543,528,15,2,541,41,41,NA,6,35,510,510,0,0,510,64,64,NA,NA,64,15,15,0,0,15,906,710,196,195,711,53,52,1,NA,53,1136,1076,60,171,965,671,671,0,1,670,279,279,0,0,279,477,477,0,0,477,247,245,2,2,245,2364,2146,218,228,2136,1268,1023,245,76,1192,3,3,NA,NA,3,NA,NA,NA,NA,NA,NA,NA,NA,NA,NA,1680,1666,14,179,1501,2512,2512,0,339,2173,28,15,13,13,15,117,59,58,NA,117,42,41,1,1,41,20,20,NA,NA,20,1247,1156,91,0,1247,158,158,0,95,63,474,474,0,16,458,1937,1937,0,855,1082,27,27,NA,23,4,3224,3224,0,453,2771,1133,1133,0,351,782,93,93,NA,0,93,1210,1208,2,2,1208,144,144,NA,35,109,2827,2815,12,769,2058
M14 [Patient Services],'14.12.3',Outborn – Male,TOTAL,22147,21658,489,3483,18664,5,5,NA,NA,5,828,828,0,55,773,7,7,NA,NA,7,825,802,23,22,803,1217,1085,132,0,1217,8,8,NA,0,8,663,663,0,0,663,70,70,NA,NA,70,0,0,0,0,0,310,227,83,44,266,32,32,0,NA,32,723,718,5,71,652,533,533,0,0,533,216,216,0,0,216,638,636,2,2,636,237,237,0,0,237,1072,955,117,131,941,293,245,48,29,264,0,0,NA,NA,0,NA,NA,NA,NA,NA,NA,NA,NA,NA,NA,2505,2500,5,163,2342,1384,1384,0,128,1256,29,14,15,15,14,78,37,41,NA,78,10,10,0,0,10,16,16,NA,NA,16,1736,1720,16,258,1478,27,27,0,19,8,174,174,0,0,174,2362,2362,0,1312,1050,9,9,NA,6,3,1488,1488,0,261,1227,508,506,2,40,468,61,61,NA,0,61,1627,1627,0,0,1627,86,86,NA,12,74,2370,2370,0,915,1455
M14 [Patient Services],'14.12.4',Outborn - Female,TOTAL,15095,14818,277,2339,12756,3,3,NA,NA,3,663,663,0,48,615,4,4,NA,NA,4,465,453,12,10,455,690,641,49,0,690,8,8,NA,0,8,456,456,0,0,456,59,59,NA,NA,59,0,0,0,0,0,198,156,42,31,167,27,26,1,NA,27,551,544,7,59,492,354,354,0,0,354,102,102,0,0,102,362,360,2,2,360,154,154,0,0,154,792,709,83,90,702,219,189,30,17,202,0,0,NA,NA,0,NA,NA,NA,NA,NA,NA,NA,NA,NA,NA,1632,1629,3,122,1510,1125,1125,0,99,1026,27,16,11,11,16,64,37,27,NA,64,4,4,0,0,4,10,10,NA,NA,10,1127,1118,9,135,992,24,24,0,17,7,157,157,0,0,157,1548,1548,0,864,684,6,6,NA,5,1,1188,1188,0,184,1004,356,355,1,35,321,49,49,NA,0,49,1024,1024,0,0,1024,36,36,NA,7,29,1611,1611,0,603,1008
M14 [Patient Services],'14.12.5',Number of newborns admitted in SNCU - referred by ASHA,TOTAL,4852,4807,45,187,4665,0,0,NA,NA,0,314,314,0,11,303,0,0,0,NA,0,130,130,0,0,130,331,331,0,0,331,0,0,NA,0,0,264,264,0,0,264,0,0,NA,NA,0,0,0,0,0,0,4,1,3,3,1,0,0,0,NA,0,519,511,8,7,512,84,84,0,0,84,4,4,0,0,4,77,77,0,0,77,170,170,0,0,170,188,188,0,5,183,11,2,9,1,10,0,0,NA,NA,0,NA,NA,NA,NA,NA,NA,NA,NA,NA,NA,366,366,0,13,353,136,136,0,9,127,0,0,0,0,0,0,0,0,NA,0,0,0,0,0,0,0,0,NA,NA,0,1221,1196,25,0,1221,0,0,0,0,0,21,21,0,0,21,114,114,0,4,110,0,0,NA,0,0,79,79,0,62,17,90,90,0,64,26,19,19,NA,0,19,606,606,0,0,606,5,5,NA,0,5,99,99,0,8,91
M14 [Patient Services],'14.13',Number of deaths occurring at SNCU,TOTAL,6445,6365,80,1005,5440,2,2,NA,NA,2,288,288,0,0,288,3,3,0,NA,3,273,273,0,0,273,329,283,46,0,329,4,4,NA,0,4,218,218,0,0,218,18,18,NA,NA,18,1,1,0,0,1,126,124,2,5,121,9,9,0,NA,9,293,290,3,28,265,40,40,0,0,40,31,31,0,0,31,137,137,0,0,137,50,49,1,1,49,395,391,4,4,391,28,26,2,0,28,0,0,NA,NA,0,NA,NA,NA,NA,NA,NA,NA,NA,NA,NA,781,781,0,82,699,419,419,0,20,399,7,7,0,0,7,47,34,13,NA,47,1,1,0,0,1,6,6,NA,NA,6,406,397,9,37,369,31,31,0,27,4,23,23,0,0,23,699,699,0,512,187,3,3,NA,3,0,476,476,0,26,450,144,144,0,4,140,24,24,NA,0,24,271,271,0,0,271,31,31,NA,6,25,831,831,0,250,581
M14 [Patient Services],'14.14.1',Number of children admitted in NRC,TOTAL,15792,15764,28,1630,14162,0,0,NA,0,0,316,316,0,14,302,0,0,NA,0,0,122,122,0,0,122,561,561,0,21,540,10,10,NA,NA,10,1359,1359,0,0,1359,8,8,NA,0,8,0,0,0,0,0,71,71,0,0,71,0,0,0,0,0,746,746,0,70,676,189,189,0,11,178,11,11,0,0,11,62,62,0,0,62,702,687,15,17,685,546,546,0,1,545,13,13,0,0,13,0,0,NA,NA,0,NA,NA,NA,NA,NA,NA,NA,NA,NA,NA,6262,6249,13,1146,5116,590,590,0,70,520,0,0,NA,0,0,26,26,0,0,26,0,0,0,0,0,3,3,NA,NA,3,1037,1037,0,45,992,0,0,0,0,0,0,0,0,0,0,499,499,0,163,336,782,782,NA,NA,782,186,186,0,0,186,251,251,0,0,251,5,5,NA,0,5,907,907,0,0,907,24,24,NA,0,24,504,504,0,72,432
M14 [Patient Services],'14.14.2',Number of children discharged with target weight gain from the NRCs,TOTAL,8953,8938,15,881,8072,0,0,NA,0,0,243,243,0,14,229,0,0,NA,0,0,73,73,0,0,73,397,397,0,22,375,3,3,NA,NA,3,977,977,0,0,977,0,0,NA,0,0,0,0,0,0,0,36,36,0,0,36,0,0,0,0,0,340,340,0,38,302,112,112,0,2,110,12,12,0,0,12,40,40,0,0,40,493,478,15,15,478,294,294,0,1,293,6,6,0,0,6,0,0,NA,NA,0,NA,NA,NA,NA,NA,NA,NA,NA,NA,NA,3281,3281,0,644,2637,279,279,0,68,211,0,0,NA,0,0,13,13,0,0,13,0,0,0,0,0,4,4,NA,NA,4,654,654,NA,21,633,0,0,0,0,0,0,0,0,0,0,278,278,0,13,265,287,287,NA,NA,287,120,120,0,0,120,121,121,0,0,121,0,0,NA,0,0,549,549,0,1,548,5,5,NA,0,5,336,336,0,42,294
M14 [Patient Services],'14.15',Number of Rogi Kalyan Samiti (RKS) meetings held,TOTAL,10842,6169,4673,5665,5177,0,0,NA,0,0,641,641,0,51,590,41,41,NA,4,37,340,325,15,15,325,165,165,0,26,139,1,1,NA,1,0,140,140,0,2,138,0,0,NA,0,0,0,0,0,0,0,4660,3,4657,4658,2,7,7,0,0,7,227,227,0,110,117,156,156,0,25,131,15,15,0,0,15,4,4,0,0,4,36,36,0,1,35,279,278,1,22,257,60,60,0,6,54,4,4,NA,NA,4,NA,NA,NA,NA,NA,NA,NA,NA,NA,NA,191,191,0,91,100,187,187,0,54,133,35,35,NA,0,35,4,4,0,0,4,9,9,0,0,9,44,44,0,0,44,125,125,0,60,65,36,36,0,12,24,47,47,0,9,38,876,876,0,114,762,7,7,NA,NA,7,1700,1700,0,221,1479,10,10,0,0,10,11,11,NA,0,11,654,654,0,179,475,11,11,NA,3,8,119,119,0,1,118
M14 [Patient Services],'14.16',Number of Anganwadi centres/ UPHCs reported to have conducted Village Health & Nutrition Day (VHNDs)/ Urban Health & Nutrition Day (UHNDs)/ Outreach / Special Outreach,TOTAL,633408,632788,620,44495,588913,216,216,NA,5,211,48633,48633,NA,785,47848,1163,1163,NA,40,1123,26063,25443,620,730,25333,80911,80911,NA,8471,72440,5,5,NA,5,NA,25068,25068,NA,1833,23235,79,79,NA,15,64,56,56,NA,5,51,979,979,0,888,91,418,418,0,41,377,14721,14721,0,4542,10179,9370,9370,NA,1002,8368,7464,7464,NA,15,7449,8234,8234,NA,300,7934,23477,23477,0,598,22879,19330,19330,NA,1237,18093,19392,19392,NA,2971,16421,5,5,NA,NA,5,NA,NA,NA,NA,NA,NA,NA,NA,NA,NA,63824,63824,0,2652,61172,36381,36381,NA,1814,34567,1864,1864,NA,71,1793,3281,3281,0,29,3252,595,595,NA,193,402,1079,1079,0,79,1000,48817,48817,NA,2251,46566,276,276,NA,83,193,11582,11582,NA,959,10623,4817,4817,NA,958,3859,742,742,NA,12,730,29212,29212,NA,296,28916,26007,26007,NA,1951,24056,4945,4945,NA,210,4735,58509,58509,NA,5437,53072,6184,6184,NA,81,6103,49709,49709,NA,3936,45773
M14 [Patient Services],'14.17',Stock out rate of essential Drugs,TOTAL,11896,11896,0,0,11896,92,92,NA,NA,92,335,335,NA,NA,335,0,0,NA,NA,0,286,286,NA,NA,286,688,688,0,NA,688,0,0,NA,NA,0,7,7,NA,NA,7,0,0,NA,NA,0,0,0,NA,NA,0,325,325,0,NA,325,0,0,NA,NA,0,519,519,0,0,519,1343,1343,NA,NA,1343,0,0,NA,NA,0,286,286,NA,NA,286,256,256,NA,NA,256,0,0,NA,NA,0,34,34,NA,NA,34,0,0,NA,NA,0,NA,NA,NA,NA,NA,NA,NA,NA,NA,NA,1544,1544,NA,NA,1544,243,243,0,NA,243,0,0,NA,NA,0,NA,NA,NA,NA,NA,0,0,NA,NA,0,0,0,NA,NA,0,191,191,NA,NA,191,0,0,NA,NA,0,866,866,NA,NA,866,216,216,NA,NA,216,0,0,NA,NA,0,13,13,NA,NA,13,19,19,NA,NA,19,302,302,NA,NA,302,3846,3846,NA,NA,3846,375,375,NA,NA,375,110,110,NA,NA,110
M14 [Patient Services],'14.18',Blood Units Issued on replacement (Family Donors to be considered as replacement donations),TOTAL,72459,70392,2067,22,72437,0,0,NA,NA,0,3266,3266,NA,NA,3266,7,7,NA,NA,7,3740,3740,NA,NA,3740,2213,2213,0,NA,2213,796,796,NA,NA,796,1923,1923,NA,NA,1923,69,69,NA,NA,69,22,22,NA,NA,22,7013,5510,1503,NA,7013,25,25,NA,NA,25,1458,939,519,22,1436,170,170,NA,NA,170,171,171,NA,NA,171,1941,1941,NA,NA,1941,2108,2108,NA,NA,2108,1634,1630,4,NA,1634,1840,1840,NA,NA,1840,0,0,NA,NA,0,NA,NA,NA,NA,NA,NA,NA,NA,NA,NA,6834,6834,NA,NA,6834,227,227,0,NA,227,181,181,NA,NA,181,396,355,41,NA,396,356,356,NA,NA,356,206,206,NA,NA,206,7220,7220,NA,NA,7220,55,55,NA,NA,55,477,477,NA,NA,477,8228,8228,NA,NA,8228,0,0,NA,NA,0,2,2,NA,NA,2,458,458,NA,NA,458,1241,1241,NA,NA,1241,9716,9716,NA,NA,9716,93,93,NA,NA,93,8373,8373,NA,NA,8373
M14 [Patient Services],'14.19',Total number of blood units issued in year,TOTAL,319881,306781,13100,71,319810,330,330,NA,NA,330,17262,17262,NA,NA,17262,77,77,NA,NA,77,8175,8175,NA,NA,8175,4746,4746,0,NA,4746,11326,11326,NA,NA,11326,4321,4321,NA,NA,4321,1004,1004,NA,NA,1004,184,184,NA,NA,184,26976,18023,8953,NA,26976,281,281,NA,NA,281,12426,9591,2835,71,12355,8686,8686,NA,NA,8686,2755,2755,NA,NA,2755,2291,2291,NA,NA,2291,3318,3318,NA,NA,3318,14167,12963,1204,NA,14167,5768,5768,NA,NA,5768,0,0,NA,NA,0,NA,NA,NA,NA,NA,NA,NA,NA,NA,NA,17491,17491,NA,NA,17491,17362,17362,0,NA,17362,199,199,NA,NA,199,509,401,108,NA,509,3030,3030,NA,NA,3030,956,956,0,NA,956,19536,19536,NA,NA,19536,208,208,NA,NA,208,10475,10475,NA,NA,10475,16949,16949,NA,NA,16949,75,75,NA,NA,75,5460,5460,NA,NA,5460,2782,2782,NA,NA,2782,2590,2590,NA,NA,2590,41570,41570,NA,NA,41570,682,682,NA,NA,682,55914,55914,NA,NA,55914
M14 [Patient Services],'14.20',Patient Satisfaction Score of the facility in percentage (from Mera Aspatal),TOTAL,19121,19121,0,0,19121,0,0,NA,NA,0,1435,1435,NA,NA,1435,0,0,NA,NA,0,173,173,NA,NA,173,1210,1210,0,NA,1210,131,131,NA,NA,131,280,280,NA,NA,280,75,75,NA,NA,75,149,149,NA,NA,149,1062,1062,0,NA,1062,144,144,NA,NA,144,755,755,0,0,755,922,922,NA,NA,922,377,377,NA,NA,377,296,296,NA,NA,296,1161,1161,NA,NA,1161,1433,1433,NA,NA,1433,381,381,NA,NA,381,0,0,NA,NA,0,NA,NA,NA,NA,NA,NA,NA,NA,NA,NA,0,0,NA,NA,0,430,430,0,NA,430,0,0,NA,NA,0,NA,NA,NA,NA,NA,80,80,NA,NA,80,NA,NA,NA,NA,NA,1255,1255,NA,NA,1255,0,0,NA,NA,0,228,228,NA,NA,228,378,378,NA,NA,378,0,0,NA,NA,0,1705,1705,NA,NA,1705,0,0,NA,NA,0,70,70,NA,NA,70,4685,4685,NA,NA,4685,306,306,NA,NA,306,0,0,NA,NA,0
M15 [Laboratory Testing],'15.1',Number of Lab Tests done,TOTAL,67131566,63192652,3938914,14578465,52553101,73508,73508,NA,933,72575,3693702,3693702,0,1110021,2583681,23231,19591,3640,443,22788,1057884,996299,61585,45530,1012354,606030,599880,6150,34290,571740,1758582,1758582,NA,98298,1660284,687970,657793,30177,50848,637122,81137,81137,NA,0,81137,31470,31470,0,994,30476,5648520,4101267,1547253,868197,4780323,163912,163912,0,4261,159651,3901759,3838837,62922,465015,3436744,1708484,1708484,0,153156,1555328,554398,552521,1877,0,554398,1146838,1135972,10866,32544,1114294,639093,306358,332735,325281,313812,3682133,3144432,537701,897874,2784259,4135368,3497944,637424,852740,3282628,26317,26317,NA,NA,26317,NA,NA,NA,NA,NA,NA,NA,NA,NA,NA,2027907,1800157,227750,458990,1568917,3857812,3842434,15378,1356591,2501221,58567,26512,32055,30688,27879,206844,125494,81350,1557,205287,139564,133674,5890,16043,123521,79333,31691,47642,46209,33124,1564997,1375062,189935,72707,1492290,761474,755345,6129,644181,117293,2197630,2196916,714,381247,1816383,4418692,4415563,3129,1912426,2506266,39791,39791,NA,NA,39791,11873765,11873765,0,3233878,8639887,1049447,1045492,3955,372036,677411,175473,155676,19797,10786,164687,5469681,5463401,6280,116513,5353168,244370,243784,586,86345,158025,3345883,3279889,65994,897843,2448040
M15 [Laboratory Testing],'15.2.1',Number of Hb tests conducted,TOTAL,9347791,8523706,824085,1742685,7605106,11111,11111,NA,345,10766,382090,382090,0,84237,297853,7429,4600,2829,60,7369,196020,180895,15125,10577,185443,199156,194256,4900,17041,182115,79276,79276,NA,11084,68192,228251,219714,8537,18570,209681,13634,13634,NA,0,13634,6727,6727,0,269,6458,638844,436373,202471,124855,513989,12353,12182,171,157,12196,624073,612474,11599,74200,549873,249683,249683,0,38064,211619,72907,72426,481,33,72874,116460,113621,2839,4916,111544,121319,102930,18389,18422,102897,589957,434867,155090,196417,393540,537018,288432,248586,98214,438804,2157,2157,NA,NA,2157,NA,NA,NA,NA,NA,NA,NA,NA,NA,NA,607711,549490,58221,127111,480600,701931,698529,3402,184351,517580,6556,3912,2644,1796,4760,33961,22694,11267,268,33693,13193,9070,4123,3789,9404,16420,3855,12565,11407,5013,395736,360355,35381,18231,377505,29971,29461,510,18552,11419,246891,246400,491,34248,212643,562189,559913,2276,119124,443065,5371,5371,NA,NA,5371,1066659,1066659,0,295299,771360,201022,200478,544,67224,133798,20787,19175,1612,1918,18869,749019,745578,3441,40375,708644,42292,42105,187,11526,30766,559617,543213,16404,110005,449612
M15 [Laboratory Testing],'15.2.2',"Out of the total number of Hb tests done, Number having Hb < 7 mg",TOTAL,280677,262390,18287,57298,223379,445,445,NA,3,442,17043,17043,0,4687,12356,94,63,31,0,94,3628,3001,627,474,3154,6123,5598,525,498,5625,5576,5576,NA,107,5469,7746,6673,1073,502,7244,590,590,NA,0,590,156,156,0,1,155,13758,11016,2742,2599,11159,178,178,0,0,178,19280,18778,502,1793,17487,10434,10434,0,1065,9369,657,650,7,0,657,2485,2386,99,165,2320,3746,2889,857,812,2934,18133,13737,4396,5081,13052,4173,2113,2060,978,3195,7,7,NA,NA,7,NA,NA,NA,NA,NA,NA,NA,NA,NA,NA,17375,15435,1940,3343,14032,26682,25194,1488,5825,20857,69,28,41,34,35,884,572,312,4,880,263,138,125,59,204,281,100,181,163,118,10439,9765,674,299,10140,594,569,25,192,402,5847,5838,9,1024,4823,17815,17769,46,4440,13375,72,72,NA,NA,72,30903,30903,0,11189,19714,10545,10504,41,4083,6462,679,654,25,106,573,27630,27549,81,1202,26428,1404,1401,3,875,529,14943,14566,377,5695,9248
M15 [Laboratory Testing],'15.3.1.a',Male HIV - Number Tested,TOTAL,897659,827504,70155,217615,680044,1398,1398,NA,12,1386,43857,43857,0,12510,31347,824,511,313,0,824,7931,7461,470,485,7446,24436,23433,1003,1871,22565,5233,5233,NA,1596,3637,11952,10399,1553,1341,10611,1425,1425,NA,0,1425,314,314,0,6,308,31587,19695,11892,6882,24705,1756,1693,63,14,1742,57012,54822,2190,13642,43370,27028,27028,0,458,26570,8624,8600,24,0,8624,8388,7987,401,518,7870,13053,12192,861,882,12171,89811,68650,21161,27917,61894,36922,19461,17461,10032,26890,142,142,NA,NA,142,NA,NA,NA,NA,NA,NA,NA,NA,NA,NA,26338,21877,4461,8343,17995,105438,105165,273,38118,67320,2450,1813,637,530,1920,1539,853,686,10,1529,1784,1476,308,236,1548,2728,1895,833,669,2059,33201,29738,3463,1308,31893,4044,4015,29,2725,1319,33275,32993,282,6498,26777,47814,47761,53,21619,26195,716,716,NA,NA,716,132377,132377,0,40232,92145,26056,25811,245,7358,18698,3738,3451,287,567,3171,51998,51922,76,1431,50567,3213,3186,27,919,2294,49257,48154,1103,8886,40371
M15 [Laboratory Testing],'15.3.1.b',Male HIV - Number Positive,TOTAL,9525,8964,561,2060,7465,0,0,NA,0,0,922,922,0,318,604,1,1,0,0,1,101,98,3,1,100,619,609,10,15,604,49,49,NA,6,43,117,117,0,8,109,9,9,NA,0,9,1,1,0,0,1,281,226,55,58,223,5,4,1,0,5,838,591,247,303,535,332,332,0,1,331,25,25,0,0,25,31,1,30,30,1,87,87,0,1,86,691,617,74,164,527,317,255,62,12,305,0,0,NA,NA,0,NA,NA,NA,NA,NA,NA,NA,NA,NA,NA,212,209,3,33,179,1034,1034,0,346,688,25,24,1,1,24,53,33,20,0,53,107,97,10,11,96,110,86,24,23,87,196,193,3,7,189,9,9,0,8,1,742,742,0,100,642,447,447,0,221,226,0,0,NA,NA,0,336,336,0,136,200,470,460,10,165,305,30,29,1,1,29,620,617,3,7,613,48,48,NA,13,35,660,656,4,71,589
M15 [Laboratory Testing],'15.3.2.a',Female Non ANC HIV - Number Tested,TOTAL,798957,742720,56237,184040,614917,450,450,NA,12,438,43782,43782,0,13121,30661,1021,675,346,0,1021,9440,8874,566,525,8915,34967,33543,1424,3745,31222,2819,2819,NA,680,2139,13411,11991,1420,1753,11658,1590,1590,NA,0,1590,295,295,0,12,283,24430,16434,7996,5752,18678,1811,1770,41,11,1800,52724,51273,1451,14069,38655,22890,22890,0,568,22322,5932,5802,130,0,5932,5333,4732,601,618,4715,11058,10136,922,1027,10031,81195,66103,15092,21255,59940,32083,17784,14299,7049,25034,96,96,NA,NA,96,NA,NA,NA,NA,NA,NA,NA,NA,NA,NA,36118,32031,4087,9286,26832,93258,92965,293,28007,65251,1856,1191,665,535,1321,2146,1152,994,11,2135,1464,1187,277,273,1191,2418,1521,897,753,1665,16068,13718,2350,437,15631,2743,2696,47,1788,955,22525,22230,295,3939,18586,42349,42289,60,16780,25569,415,415,NA,NA,415,106107,106107,0,30885,75222,26274,26188,86,8919,17355,3197,2984,213,595,2602,55447,54828,619,2320,53127,3754,3679,75,1593,2161,37491,36500,991,7722,29769
M15 [Laboratory Testing],'15.3.2.b',Female Non ANC HIV - Number Positive,TOTAL,5832,5657,175,1216,4616,2,2,NA,0,2,693,693,0,218,475,0,0,0,0,0,127,127,0,1,126,663,649,14,9,654,18,18,NA,1,17,85,83,2,7,78,3,3,NA,0,3,1,1,0,0,1,100,81,19,21,79,4,3,1,0,4,442,433,9,99,343,135,135,0,1,134,21,21,0,0,21,0,0,0,0,0,36,36,0,1,35,600,558,42,110,490,13,12,1,0,13,0,0,NA,NA,0,NA,NA,NA,NA,NA,NA,NA,NA,NA,NA,114,113,1,33,81,747,747,0,196,551,13,12,1,1,12,51,33,18,1,50,64,56,8,9,55,85,53,32,31,54,100,98,2,3,97,9,9,0,9,0,151,151,0,12,139,264,264,0,125,139,0,0,NA,NA,0,215,215,0,70,145,388,385,3,148,240,5,5,0,0,5,527,507,20,65,462,17,17,NA,4,13,139,137,2,41,98
M15 [Laboratory Testing],'15.3.3.a',Number of pregnant women screened for HIV,TOTAL,1695058,1641369,53689,301260,1393798,388,388,NA,0,388,66293,66293,0,15851,50442,1236,1116,120,0,1236,54186,52439,1747,1488,52698,91482,90651,831,7511,83971,3035,3035,NA,1461,1574,52786,51497,1289,5843,46943,1425,1425,NA,0,1425,406,406,0,111,295,33926,31759,2167,16352,17574,2130,1734,396,285,1845,106694,104877,1817,22215,84479,44421,44421,0,6926,37495,12081,12068,13,13,12068,12818,12549,269,461,12357,63624,61109,2515,3170,60454,94957,84407,10550,23234,71723,28967,14892,14075,5522,23445,88,88,NA,NA,88,NA,NA,NA,NA,NA,NA,NA,NA,NA,NA,113698,108664,5034,27282,86416,165138,161259,3879,49649,115489,3339,2859,480,319,3020,7256,6623,633,124,7132,2274,1926,348,281,1993,1874,1596,278,239,1635,51095,48732,2363,2529,48566,3172,3154,18,1519,1653,39021,38916,105,7188,31833,124875,124107,768,27912,96963,1028,1028,NA,214,814,88373,88373,0,25486,62887,62401,62344,57,22488,39913,3788,3774,14,476,3312,196201,192928,3273,9043,187158,11198,11154,44,3063,8135,149384,148778,606,13005,136379
M15 [Laboratory Testing],'15.3.3.b',"Out of the above, number screened positive",TOTAL,7352,7326,26,818,6534,1,1,NA,0,1,294,294,0,28,266,0,0,0,0,0,142,142,0,1,141,464,464,0,7,457,5,5,NA,3,2,32,32,0,6,26,0,0,NA,0,0,0,0,0,0,0,32,32,0,13,19,0,0,0,0,0,2617,2615,2,384,2233,320,320,0,107,213,5,5,0,0,5,0,0,0,0,0,12,12,0,0,12,263,258,5,15,248,2,2,0,0,2,0,0,NA,NA,0,NA,NA,NA,NA,NA,NA,NA,NA,NA,NA,66,51,15,20,46,207,207,0,36,171,3,3,0,0,3,89,88,1,0,89,15,15,0,4,11,19,16,3,4,15,52,52,0,1,51,13,13,0,13,0,38,38,0,8,30,142,142,0,17,125,1,1,NA,1,0,76,76,0,27,49,740,740,0,66,674,2,2,0,0,2,556,556,0,49,507,40,40,NA,2,38,1104,1104,0,6,1098
M15 [Laboratory Testing],'15.3.3.c',"Out of the above number screened positive, number confirmed with HIV infection at Integrated Counselling and Testing Centre (ICTC)",TOTAL,6072,5978,94,1448,4624,0,0,NA,0,0,572,572,0,48,524,0,0,0,0,0,85,77,8,0,85,718,701,17,3,715,5,5,NA,3,2,30,30,0,2,28,0,0,NA,0,0,0,0,0,0,0,22,22,0,8,14,0,0,0,0,0,1021,1021,0,551,470,679,679,0,3,676,5,5,0,0,5,0,0,0,0,0,6,6,0,0,6,415,412,3,48,367,9,7,2,0,9,0,0,NA,NA,0,NA,NA,NA,NA,NA,NA,NA,NA,NA,NA,64,37,27,32,32,82,82,0,32,50,1,1,0,0,1,244,243,1,0,244,11,11,0,4,7,14,14,0,1,13,15,13,2,0,15,0,0,0,0,0,23,23,0,8,15,82,82,0,36,46,1,1,NA,1,0,68,68,0,7,61,915,915,0,615,300,2,2,0,0,2,899,899,0,0,899,23,23,NA,1,22,61,27,34,45,16
M15 [Laboratory Testing],'15.3.4.a',Number of Male STI/RTI attendees tested for syphilis,TOTAL,164558,156803,7755,44741,119817,130,130,NA,0,130,7523,7523,0,2284,5239,182,156,26,0,182,3212,2896,316,126,3086,5778,5555,223,8,5770,965,965,NA,68,897,3755,3709,46,257,3498,42,42,NA,0,42,12,12,0,0,12,1596,1241,355,694,902,60,53,7,7,53,10553,10492,61,2311,8242,4766,4766,0,654,4112,2657,2627,30,0,2657,239,239,0,3,236,3178,3040,138,112,3066,10002,9201,801,2412,7590,4843,2872,1971,718,4125,56,56,NA,NA,56,NA,NA,NA,NA,NA,NA,NA,NA,NA,NA,15665,12841,2824,8419,7246,18196,18196,0,7808,10388,56,52,4,0,56,466,437,29,0,466,254,214,40,41,213,451,311,140,127,324,4634,4377,257,283,4351,1158,1158,0,212,946,4358,4358,0,846,3512,12252,12236,16,2436,9816,81,81,NA,NA,81,18645,18645,0,9337,9308,5827,5614,213,3320,2507,1183,1182,1,508,675,18239,17996,243,765,17474,487,481,6,30,457,3057,3049,8,955,2102
M15 [Laboratory Testing],'15.3.4.b',Number of Male STI/RTI attendees found sero Positive for syphilis,TOTAL,8611,8433,178,712,7899,5,5,NA,0,5,160,160,0,5,155,14,14,0,0,14,57,57,0,37,20,520,517,3,0,520,31,31,NA,1,30,17,17,0,1,16,0,0,NA,0,0,0,0,0,0,0,43,32,11,13,30,4,3,1,1,3,2461,2459,2,7,2454,279,279,0,1,278,4,4,0,0,4,0,0,0,0,0,83,83,0,0,83,328,328,0,1,327,22,19,3,2,20,1,1,NA,NA,1,NA,NA,NA,NA,NA,NA,NA,NA,NA,NA,324,276,48,180,144,822,822,0,75,747,0,0,0,0,0,23,15,8,0,23,6,6,0,0,6,19,15,4,3,16,18,18,0,1,17,1,1,0,0,1,261,261,0,221,40,100,100,0,28,72,3,3,NA,NA,3,251,251,0,35,216,576,478,98,9,567,7,7,0,2,5,1930,1930,0,51,1879,6,6,NA,1,5,235,235,0,37,198
M15 [Laboratory Testing],'15.3.4.c',Number of Female (Non ANC)STI/RTI attendees tested for syphilis,TOTAL,167206,161314,5892,37518,129688,105,105,NA,0,105,9130,9130,0,2854,6276,371,245,126,0,371,2645,2551,94,84,2561,5899,5265,634,758,5141,890,890,NA,181,709,4160,4096,64,270,3890,54,54,NA,0,54,34,34,0,0,34,5407,4963,444,587,4820,88,86,2,0,88,4438,4317,121,1054,3384,6944,6944,0,149,6795,1576,1533,43,0,1576,335,247,88,88,247,2454,2352,102,90,2364,9733,8824,909,1847,7886,5568,3559,2009,1089,4479,18,18,NA,NA,18,NA,NA,NA,NA,NA,NA,NA,NA,NA,NA,9823,9723,100,296,9527,18119,18115,4,7284,10835,43,43,0,0,43,839,586,253,0,839,210,159,51,51,159,482,319,163,145,337,4561,4131,430,319,4242,774,744,30,116,658,5882,5882,0,597,5285,22599,22564,35,6710,15889,54,54,NA,NA,54,15822,15822,0,6587,9235,4214,4214,0,2991,1223,1292,1246,46,556,736,15357,15221,136,591,14766,949,949,0,122,827,6337,6329,8,2102,4235
M15 [Laboratory Testing],'15.3.4.d',Number of Female (Non ANC) STI/RTI attendees found sero Positive for syphilis,TOTAL,3028,2986,42,363,2665,0,0,NA,0,0,173,173,0,5,168,30,30,0,0,30,14,13,1,2,12,59,56,3,0,59,23,23,NA,1,22,14,14,0,0,14,0,0,NA,0,0,0,0,0,0,0,15,15,0,7,8,0,0,0,0,0,98,98,0,11,87,17,17,0,1,16,28,28,0,0,28,0,0,0,0,0,5,5,0,0,5,471,445,26,26,445,148,143,5,0,148,0,0,NA,NA,0,NA,NA,NA,NA,NA,NA,NA,NA,NA,NA,17,16,1,1,16,75,75,0,32,43,0,0,NA,0,0,34,29,5,0,34,2,2,0,0,2,7,6,1,2,5,6,6,0,0,6,14,14,0,0,14,17,17,0,3,14,222,222,0,14,208,0,0,NA,NA,0,448,448,0,234,214,44,44,0,6,38,1,1,0,0,1,1007,1007,0,6,1001,1,1,NA,0,1,38,38,0,12,26
M15 [Laboratory Testing],'15.4.1',Widal tests - Number Tested,TOTAL,841170,802626,38544,169984,671186,522,522,NA,0,522,33669,33669,0,8364,25305,2428,1859,569,30,2398,21079,19521,1558,926,20153,8128,7963,165,210,7918,2267,2267,NA,946,1321,36915,35480,1435,1856,35059,1506,1506,NA,0,1506,535,535,0,33,502,26661,19185,7476,10091,16570,142,141,1,0,142,33001,32590,411,8239,24762,26159,26159,0,2959,23200,7533,7441,92,0,7533,8786,8371,415,562,8224,11092,9717,1375,851,10241,57020,45855,11165,15243,41777,11301,7365,3936,1785,9516,147,147,NA,NA,147,NA,NA,NA,NA,NA,NA,NA,NA,NA,NA,44930,40642,4288,11236,33694,67052,66999,53,22652,44400,700,567,133,80,620,5816,4677,1139,3,5813,1436,990,446,321,1115,2151,1287,864,639,1512,27164,25863,1301,1236,25928,437,379,58,103,334,32030,31938,92,4823,27207,119585,119298,287,22067,97518,147,147,NA,NA,147,43425,43425,0,22848,20577,26718,26591,127,8777,17941,2878,2832,46,260,2618,150899,150074,825,11952,138947,5646,5527,119,1614,4032,21265,21097,168,9278,11987
M15 [Laboratory Testing],'15.4.2',Widal tests - Number Positive,TOTAL,125730,119592,6138,23425,102305,23,23,NA,0,23,3563,3563,0,840,2723,593,415,178,9,584,2270,2037,233,179,2091,1891,1883,8,114,1777,280,280,NA,178,102,9140,8542,598,621,8519,25,25,NA,0,25,24,24,0,4,20,3146,1682,1464,2070,1076,5,4,1,0,5,2473,2415,58,689,1784,5170,5170,0,584,4586,1087,1045,42,0,1087,942,924,18,47,895,2127,1977,150,54,2073,9617,7934,1683,2210,7407,421,175,246,81,340,50,50,NA,NA,50,NA,NA,NA,NA,NA,NA,NA,NA,NA,NA,4473,3948,525,1236,3237,11677,11674,3,3554,8123,100,98,2,2,98,1138,947,191,1,1137,165,83,82,40,125,421,253,168,77,344,4565,4383,182,174,4391,27,16,11,13,14,4023,3998,25,437,3586,10730,10727,3,1825,8905,0,0,NA,NA,0,3350,3350,0,1488,1862,6671,6613,58,2568,4103,616,615,1,48,568,30998,30811,187,2694,28304,1315,1294,21,398,917,2614,2614,0,1190,1424
M15 [Laboratory Testing],'15.5.1',Radiology - X-ray,TOTAL,3469653,3073864,395789,707707,2761946,4860,4860,NA,NA,4860,111207,111207,0,20214,90993,5432,3382,2050,NA,5432,71375,65136,6239,4152,67223,80908,75287,5621,4176,76732,50099,50099,NA,2783,47316,43077,34946,8131,6234,36843,5731,5731,NA,NA,5731,2043,2043,0,0,2043,350889,217919,132970,52962,297927,8098,8098,0,NA,8098,205536,196598,8938,46640,158896,108266,108266,0,724,107542,70735,70514,221,0,70735,86932,85131,1801,2140,84792,13200,11841,1359,413,12787,215250,146059,69191,64101,151149,199638,128153,71485,30775,168863,1342,1342,NA,NA,1342,NA,NA,NA,NA,NA,NA,NA,NA,NA,NA,139038,109533,29505,39205,99833,266590,265499,1091,65726,200864,6263,852,5411,5079,1184,11813,5031,6782,NA,11813,8351,5546,2805,1882,6469,5737,1812,3925,3800,1937,89570,69220,20350,2006,87564,19130,18952,178,16485,2645,98043,97822,221,21291,76752,308890,308695,195,160666,148224,1515,1515,NA,NA,1515,239731,239731,0,38007,201724,57902,57790,112,14264,43638,20219,18985,1234,1288,18931,241782,240405,1377,182,241600,26534,26380,154,8935,17599,293927,279484,14443,93577,200350
M15 [Laboratory Testing],'15.5.2',Radiology - Ultrasonography (USG),TOTAL,1219940,1045008,174932,253001,966939,1389,1389,NA,NA,1389,47689,47689,0,6375,41314,3698,1920,1778,NA,3698,14183,14183,NA,NA,14183,14843,11871,2972,0,14843,14107,14107,NA,306,13801,8764,8637,127,0,8764,5347,5347,NA,NA,5347,1440,1440,NA,NA,1440,109705,52552,57153,12659,97046,3356,3356,NA,NA,3356,61617,58505,3112,17740,43877,24379,24379,NA,0,24379,17615,17615,0,NA,17615,31854,31854,NA,NA,31854,10694,10694,NA,NA,10694,95066,46636,48430,42707,52359,52585,11572,41013,6913,45672,482,482,NA,NA,482,NA,NA,NA,NA,NA,NA,NA,NA,NA,NA,42188,37918,4270,5105,37083,82497,82497,0,5623,76874,968,968,NA,NA,968,11122,2239,8883,NA,11122,3437,1947,1490,1224,2213,721,480,241,NA,721,14893,14893,NA,NA,14893,7446,7443,3,5470,1976,21709,21709,NA,5204,16505,100571,100381,190,63881,36690,815,815,NA,NA,815,120474,120474,NA,23705,96769,39414,39414,NA,9995,29419,4947,4162,785,89,4858,97840,97840,NA,NA,97840,16332,15448,884,4118,12214,135753,132152,3601,41887,93866
M16 [Details of deaths reported with probable causes:],'16.1',Infant deaths within 24 hrs(1 to 23 Hrs) of birth,TOTAL,3406,3326,80,485,2921,1,1,NA,0,1,158,157,1,3,155,4,4,0,0,4,91,88,3,4,87,164,150,14,2,162,17,17,NA,0,17,105,103,2,7,98,3,3,NA,0,3,1,1,NA,0,1,69,67,2,2,67,9,9,0,0,9,281,278,3,34,247,183,183,0,21,162,22,22,0,0,22,20,20,0,0,20,86,86,0,0,86,162,146,16,22,140,16,16,0,0,16,1,1,NA,NA,1,NA,NA,NA,NA,NA,NA,NA,NA,NA,NA,455,430,25,83,372,246,241,5,34,212,0,0,0,0,0,34,31,3,1,33,6,6,0,1,5,0,0,0,0,0,149,146,3,20,129,5,5,0,5,0,25,25,0,2,23,326,326,0,85,241,4,4,NA,3,1,149,148,1,13,136,46,46,0,6,40,17,17,0,0,17,172,172,0,0,172,22,22,NA,0,22,357,355,2,137,220
M16 [Details of deaths reported with probable causes:],'16.2.1',Infant Deaths up to 4 weeks due to Sepsis,TOTAL,1477,1430,47,216,1261,0,0,NA,0,0,93,93,0,0,93,0,0,0,0,0,67,57,10,8,59,44,40,4,3,41,0,0,NA,0,0,32,32,0,0,32,2,2,NA,0,2,0,0,NA,0,0,62,60,2,3,59,1,1,0,0,1,133,127,6,8,125,46,46,0,4,42,8,8,0,0,8,18,18,0,0,18,33,33,0,0,33,115,108,7,8,107,8,7,1,0,8,0,0,NA,NA,0,NA,NA,NA,NA,NA,NA,NA,NA,NA,NA,145,142,3,18,127,134,131,3,9,125,0,0,0,0,0,14,9,5,0,14,2,2,0,0,2,0,0,0,0,0,65,60,5,7,58,5,5,0,4,1,5,5,0,2,3,195,195,0,122,73,0,0,NA,0,0,76,76,NA,2,74,8,8,0,0,8,6,6,0,0,6,31,31,0,0,31,6,6,NA,3,3,123,122,1,15,108
M16 [Details of deaths reported with probable causes:],'16.2.2',Infant Deaths up to 4 weeks due to Asphyxia,TOTAL,1968,1918,50,239,1729,1,1,NA,0,1,120,119,1,2,118,0,0,0,0,0,116,113,3,1,115,86,78,8,5,81,1,1,NA,0,1,78,72,6,7,71,1,1,NA,0,1,0,0,NA,0,0,28,27,1,1,27,2,2,0,0,2,143,141,2,9,134,29,29,0,3,26,6,6,0,0,6,25,25,0,0,25,33,33,0,0,33,143,139,4,8,135,18,18,0,0,18,0,0,NA,NA,0,NA,NA,NA,NA,NA,NA,NA,NA,NA,NA,215,213,2,22,193,130,125,5,15,115,2,2,0,0,2,14,9,5,0,14,3,1,2,2,1,4,3,1,1,3,183,174,9,11,172,6,6,0,4,2,7,7,0,0,7,132,132,0,92,40,0,0,0,0,0,119,119,NA,4,115,16,16,0,1,15,4,4,0,1,3,91,90,1,0,91,4,4,NA,1,3,208,208,0,49,159
M16 [Details of deaths reported with probable causes:],'16.2.3',Infant Deaths up to 4 weeks due to Other causes,TOTAL,5710,5543,167,627,5083,0,0,NA,0,0,213,210,3,5,208,0,0,0,0,0,168,163,5,2,166,258,224,34,25,233,43,43,NA,0,43,181,178,3,10,171,12,12,NA,0,12,0,0,NA,0,0,88,77,11,5,83,6,6,0,0,6,502,499,3,56,446,260,260,0,20,240,34,34,0,0,34,72,72,0,0,72,143,143,0,1,142,270,241,29,31,239,47,29,18,6,41,0,0,NA,NA,0,NA,NA,NA,NA,NA,NA,NA,NA,NA,NA,811,789,22,38,773,418,395,23,29,389,6,6,0,0,6,37,30,7,0,37,9,8,1,0,9,4,3,1,1,3,270,263,7,10,260,13,13,0,12,1,57,57,0,5,52,785,785,0,274,511,1,1,0,0,1,268,268,NA,25,243,94,94,0,3,91,10,10,0,1,9,212,212,0,0,212,27,27,NA,2,25,391,391,0,66,325
M16 [Details of deaths reported with probable causes:],'16.3.1',Number of Infant Deaths (1 -12 months) due to Pneumonia,TOTAL,724,710,14,69,655,0,0,NA,0,0,15,15,0,0,15,0,0,0,0,0,30,30,0,0,30,20,20,0,2,18,1,1,NA,0,1,42,42,0,0,42,0,0,NA,0,0,0,0,NA,0,0,41,40,1,1,40,0,0,0,0,0,65,65,0,3,62,20,20,0,5,15,4,4,0,0,4,8,8,0,0,8,12,12,0,0,12,24,22,2,2,22,9,8,1,0,9,0,0,NA,NA,0,NA,NA,NA,NA,NA,NA,NA,NA,NA,NA,93,92,1,3,90,50,45,5,9,41,0,0,0,0,0,21,21,0,0,21,4,3,1,1,3,2,0,2,2,0,44,43,1,0,44,1,1,0,1,0,6,6,0,2,4,75,75,0,33,42,1,1,NA,0,1,17,17,NA,0,17,8,8,0,0,8,4,4,0,1,3,15,15,0,0,15,2,2,NA,0,2,90,90,0,4,86
M16 [Details of deaths reported with probable causes:],'16.3.2',Number of Infant Deaths (1 -12 months) due to Diarrhoea,TOTAL,101,100,1,18,83,0,0,NA,0,0,0,0,0,0,0,0,0,0,0,0,1,1,0,0,1,7,7,0,1,6,0,0,NA,0,0,2,2,0,0,2,0,0,NA,0,0,0,0,NA,0,0,1,1,0,1,0,0,0,0,0,0,4,4,0,0,4,11,11,0,1,10,1,1,0,0,1,0,0,0,0,0,3,3,0,0,3,2,2,0,0,2,1,1,0,0,1,0,0,NA,NA,0,NA,NA,NA,NA,NA,NA,NA,NA,NA,NA,11,11,0,0,11,6,5,1,2,4,0,0,0,0,0,5,5,0,0,5,0,0,0,0,0,0,0,0,0,0,1,1,0,0,1,0,0,0,0,0,2,2,0,0,2,19,19,0,12,7,8,8,NA,0,8,2,2,NA,1,1,6,6,0,0,6,0,0,0,0,0,4,4,0,0,4,1,1,NA,0,1,3,3,0,0,3
M16 [Details of deaths reported with probable causes:],'16.3.3',Number of Infant Deaths (1 -12 months) due to Fever related,TOTAL,253,246,7,25,228,0,0,NA,0,0,6,6,0,0,6,0,0,0,0,0,20,17,3,3,17,16,16,0,1,15,0,0,NA,0,0,8,8,0,0,8,0,0,NA,0,0,0,0,NA,0,0,6,6,0,1,5,0,0,0,0,0,20,20,0,3,17,15,15,0,1,14,2,2,0,0,2,0,0,0,0,0,5,5,0,0,5,4,4,0,0,4,0,0,0,0,0,0,0,NA,NA,0,NA,NA,NA,NA,NA,NA,NA,NA,NA,NA,29,27,2,3,26,24,23,1,1,23,0,0,0,0,0,10,10,0,0,10,2,1,1,0,2,0,0,0,0,0,7,7,0,1,6,0,0,0,0,0,2,2,0,0,2,39,39,0,11,28,0,0,NA,0,0,2,2,NA,0,2,6,6,0,0,6,0,0,0,0,0,14,14,0,0,14,4,4,NA,0,4,12,12,0,0,12
M16 [Details of deaths reported with probable causes:],'16.3.4',Number of Infant Deaths (1 -12 months) due to Measles,TOTAL,17,16,1,5,12,0,0,NA,0,0,0,0,0,0,0,0,0,0,0,0,1,1,0,0,1,4,4,0,0,4,0,0,NA,0,0,0,0,0,0,0,0,0,NA,0,0,0,0,NA,0,0,0,0,0,0,0,0,0,0,0,0,1,1,0,0,1,0,0,0,0,0,0,0,0,0,0,0,0,0,0,0,1,1,0,0,1,2,2,0,0,2,0,0,0,0,0,0,0,NA,NA,0,NA,NA,NA,NA,NA,NA,NA,NA,NA,NA,2,2,0,0,2,0,0,0,0,0,0,0,0,0,0,0,0,0,0,0,0,0,0,0,0,1,0,1,1,0,0,0,0,0,0,0,0,0,0,0,0,0,0,0,0,4,4,0,4,0,0,0,NA,0,0,0,0,NA,0,0,1,1,0,0,1,0,0,0,0,0,0,0,0,0,0,0,0,NA,0,0,0,0,0,0,0
M16 [Details of deaths reported with probable causes:],'16.3.5',Number of Infant Deaths (1 -12 months) due to Others,TOTAL,3479,3357,122,245,3234,0,0,NA,0,0,102,98,4,5,97,0,0,0,0,0,143,136,7,1,142,124,124,0,11,113,47,47,NA,0,47,123,123,0,2,121,4,4,NA,0,4,0,0,NA,0,0,47,42,5,5,42,2,2,0,0,2,295,283,12,22,273,199,199,0,14,185,17,17,0,0,17,24,24,0,0,24,78,78,0,0,78,181,160,21,26,155,30,26,4,1,29,0,0,NA,NA,0,NA,NA,NA,NA,NA,NA,NA,NA,NA,NA,408,392,16,23,385,254,212,42,11,243,2,2,0,0,2,27,23,4,0,27,5,5,0,0,5,3,1,2,2,1,186,181,5,1,185,6,6,0,5,1,36,36,0,4,32,517,517,0,86,431,5,5,0,2,3,174,174,NA,7,167,59,59,0,2,57,31,31,0,1,30,76,76,0,0,76,14,14,NA,0,14,260,260,0,14,246
M16 [Details of deaths reported with probable causes:],'16.4.1',Number of Child Deaths (1 -5 years) due to Pneumonia,TOTAL,251,238,13,27,224,0,0,NA,0,0,14,14,0,0,14,0,0,0,0,0,15,12,3,2,13,7,7,0,0,7,3,3,NA,0,3,6,6,0,0,6,0,0,NA,0,0,0,0,NA,0,0,16,16,0,0,16,0,0,0,0,0,21,21,0,0,21,4,4,0,1,3,2,2,0,0,2,5,5,0,0,5,4,4,0,0,4,10,8,2,3,7,1,1,0,0,1,0,0,NA,NA,0,NA,NA,NA,NA,NA,NA,NA,NA,NA,NA,19,17,2,2,17,23,19,4,5,18,0,0,0,0,0,10,8,2,0,10,2,2,0,0,2,1,1,0,0,1,16,16,0,0,16,0,0,0,0,0,1,1,0,0,1,22,22,0,10,12,0,0,NA,0,0,4,4,NA,0,4,3,3,0,1,2,0,0,0,0,0,10,10,0,0,10,0,0,NA,0,0,32,32,0,3,29
M16 [Details of deaths reported with probable causes:],'16.4.2',Number of Child Deaths (1 -5 years) due to Diarrhoea,TOTAL,43,43,0,1,42,0,0,NA,0,0,0,0,0,0,0,0,0,0,0,0,0,0,0,0,0,2,2,0,0,2,0,0,NA,0,0,2,2,0,0,2,0,0,NA,0,0,0,0,NA,0,0,0,0,0,0,0,0,0,0,0,0,6,6,0,0,6,4,4,0,0,4,3,3,0,0,3,0,0,0,0,0,2,2,0,0,2,1,1,0,0,1,0,0,0,0,0,0,0,NA,NA,0,NA,NA,NA,NA,NA,NA,NA,NA,NA,NA,3,3,0,0,3,0,0,0,0,0,0,0,0,0,0,0,0,0,0,0,0,0,0,0,0,0,0,0,0,0,5,5,0,0,5,0,0,0,0,0,1,1,0,0,1,8,8,0,1,7,0,0,NA,0,0,0,0,NA,0,0,1,1,0,0,1,0,0,0,0,0,4,4,0,0,4,1,1,NA,0,1,0,0,0,0,0
M16 [Details of deaths reported with probable causes:],'16.4.3',Number of Child Deaths (1 -5 years) due to Fever related,TOTAL,137,129,8,12,125,0,0,NA,0,0,2,2,0,0,2,1,1,0,0,1,13,13,0,0,13,5,5,0,0,5,0,0,NA,0,0,6,6,0,0,6,0,0,NA,0,0,0,0,NA,0,0,8,8,0,0,8,0,0,0,0,0,10,10,0,0,10,4,4,0,0,4,2,2,0,0,2,0,0,0,0,0,5,4,1,0,5,4,3,1,1,3,1,0,1,0,1,0,0,NA,NA,0,NA,NA,NA,NA,NA,NA,NA,NA,NA,NA,20,18,2,6,14,16,14,2,2,14,0,0,0,0,0,4,4,0,0,4,1,0,1,1,0,0,0,0,0,0,4,4,0,0,4,0,0,0,0,0,1,1,0,0,1,15,15,0,1,14,0,0,NA,0,0,1,1,NA,0,1,2,2,0,0,2,0,0,0,0,0,7,7,0,0,7,1,1,NA,1,0,4,4,0,0,4
M16 [Details of deaths reported with probable causes:],'16.4.4',Number of Child Deaths (1 -5 years) due to Measles,TOTAL,12,12,0,0,12,0,0,NA,0,0,1,1,0,0,1,0,0,0,0,0,0,0,0,0,0,1,1,0,0,1,0,0,NA,0,0,0,0,0,0,0,0,0,NA,0,0,0,0,NA,0,0,0,0,0,0,0,0,0,0,0,0,0,0,0,0,0,2,2,0,0,2,0,0,0,0,0,0,0,0,0,0,2,2,0,0,2,0,0,0,0,0,0,0,0,0,0,0,0,NA,NA,0,NA,NA,NA,NA,NA,NA,NA,NA,NA,NA,0,0,0,0,0,0,0,0,0,0,0,0,0,0,0,1,1,0,0,1,0,0,0,0,0,0,0,0,0,0,0,0,0,0,0,0,0,0,0,0,0,0,0,0,0,0,0,0,0,0,0,0,NA,0,0,0,0,NA,0,0,0,0,0,0,0,0,0,0,0,0,0,0,0,0,0,1,1,NA,0,1,4,4,0,0,4
M16 [Details of deaths reported with probable causes:],'16.4.5',Number of Child Deaths (1 -5 years) due to Others,TOTAL,1967,1920,47,114,1853,0,0,NA,0,0,62,58,4,4,58,0,0,0,0,0,68,64,4,4,64,74,73,1,6,68,16,16,NA,0,16,81,80,1,3,78,3,3,NA,0,3,0,0,NA,0,0,31,28,3,3,28,0,0,0,0,0,157,157,0,6,151,92,92,0,9,83,5,5,0,0,5,11,11,0,0,11,50,50,0,0,50,78,75,3,4,74,15,15,0,0,15,0,0,NA,NA,0,NA,NA,NA,NA,NA,NA,NA,NA,NA,NA,309,291,18,23,286,163,155,8,6,157,2,1,1,1,1,27,26,1,0,27,1,1,0,0,1,1,1,0,0,1,118,115,3,1,117,0,0,0,0,0,13,13,0,0,13,255,255,0,36,219,1,1,NA,1,0,97,97,NA,3,94,14,14,0,0,14,4,4,0,0,4,55,55,0,0,55,3,3,NA,0,3,161,161,0,4,157
M16 [Details of deaths reported with probable causes:],'16.5.1',Number of Maternal Deaths due to Bleeding,TOTAL,225,221,4,19,206,0,0,NA,0,0,4,4,0,0,4,0,0,0,0,0,8,7,1,1,7,18,18,0,0,18,0,0,NA,0,0,5,5,0,1,4,0,0,NA,0,0,0,0,NA,0,0,4,4,0,1,3,0,0,0,0,0,11,11,0,1,10,6,6,0,3,3,0,0,0,0,0,1,1,0,0,1,18,18,0,0,18,6,6,0,0,6,0,0,0,0,0,0,0,NA,NA,0,NA,NA,NA,NA,NA,NA,NA,NA,NA,NA,20,20,0,0,20,11,8,3,2,9,0,0,0,0,0,4,4,0,0,4,0,0,0,0,0,1,1,0,0,1,9,9,0,0,9,0,0,0,0,0,1,1,0,0,1,13,13,0,5,8,0,0,NA,0,0,7,7,NA,2,5,2,2,0,1,1,0,0,NA,0,0,63,63,0,0,63,3,3,NA,0,3,10,10,0,2,8
M16 [Details of deaths reported with probable causes:],'16.5.2',Number of Maternal Deaths due to High fever,TOTAL,34,32,2,3,31,0,0,NA,0,0,0,0,0,0,0,0,0,0,0,0,0,0,0,0,0,1,1,0,0,1,0,0,NA,0,0,0,0,0,0,0,0,0,NA,0,0,0,0,NA,0,0,0,0,0,0,0,0,0,0,0,0,3,3,0,0,3,1,1,0,1,0,0,0,0,0,0,0,0,0,0,0,4,3,1,0,4,3,3,0,0,3,0,0,0,0,0,0,0,NA,NA,0,NA,NA,NA,NA,NA,NA,NA,NA,NA,NA,2,2,0,0,2,0,0,0,0,0,0,0,0,0,0,0,0,0,0,0,0,0,0,0,0,0,0,0,0,0,0,0,0,0,0,0,0,0,0,0,1,1,0,0,1,3,3,0,1,2,0,0,NA,0,0,1,0,1,1,0,0,0,0,0,0,0,0,NA,0,0,14,14,0,0,14,1,1,NA,0,1,0,0,0,0,0
M16 [Details of deaths reported with probable causes:],'16.5.3',Number of Maternal Deaths due to Abortion,TOTAL,16,14,2,1,15,0,0,NA,0,0,0,0,0,0,0,0,0,0,0,0,5,5,0,0,5,2,2,0,0,2,0,0,NA,0,0,0,0,0,0,0,0,0,NA,0,0,0,0,NA,0,0,2,2,0,0,2,0,0,0,0,0,0,0,0,0,0,0,0,0,0,0,0,0,0,0,0,0,0,0,0,0,0,0,0,0,0,0,0,0,0,0,0,0,0,0,0,0,0,NA,NA,0,NA,NA,NA,NA,NA,NA,NA,NA,NA,NA,1,1,0,0,1,1,0,1,0,1,0,0,0,0,0,0,0,0,0,0,0,0,0,0,0,1,0,1,1,0,2,2,0,0,2,0,0,0,0,0,0,0,0,0,0,1,1,0,0,1,0,0,NA,0,0,0,0,NA,0,0,0,0,0,0,0,0,0,NA,0,0,0,0,0,0,0,0,0,NA,0,0,1,1,0,0,1
M16 [Details of deaths reported with probable causes:],'16.5.4',Number of Maternal Deaths due to Obstructed/prolonged labour,TOTAL,28,27,1,3,25,0,0,NA,0,0,0,0,0,0,0,0,0,0,0,0,2,2,0,0,2,1,1,0,1,0,0,0,NA,0,0,2,2,0,0,2,0,0,NA,0,0,0,0,NA,0,0,0,0,0,0,0,0,0,0,0,0,0,0,0,0,0,0,0,0,0,0,0,0,0,0,0,0,0,0,0,0,5,5,0,0,5,0,0,0,0,0,1,1,0,0,1,0,0,NA,NA,0,NA,NA,NA,NA,NA,NA,NA,NA,NA,NA,4,4,0,0,4,0,0,0,0,0,0,0,0,0,0,2,1,1,0,2,0,0,0,0,0,0,0,0,0,0,2,2,0,0,2,0,0,0,0,0,0,0,0,0,0,1,1,0,0,1,0,0,NA,0,0,1,1,NA,0,1,0,0,0,0,0,0,0,NA,0,0,4,4,0,0,4,0,0,NA,0,0,3,3,0,2,1
M16 [Details of deaths reported with probable causes:],'16.5.5',Number of Maternal Deaths due to Severe hypertesnion/fits,TOTAL,127,123,4,16,111,0,0,NA,0,0,7,7,0,0,7,0,0,0,0,0,7,7,0,0,7,3,3,0,0,3,0,0,NA,0,0,4,4,0,0,4,0,0,NA,0,0,0,0,NA,0,0,3,3,0,0,3,0,0,0,0,0,4,4,0,1,3,5,5,0,1,4,0,0,0,0,0,1,1,0,0,1,6,6,0,1,5,17,16,1,1,16,0,0,0,0,0,0,0,NA,NA,0,NA,NA,NA,NA,NA,NA,NA,NA,NA,NA,11,10,1,1,10,9,9,0,2,7,0,0,0,0,0,1,1,0,0,1,0,0,0,0,0,1,0,1,1,0,5,5,0,0,5,0,0,0,0,0,2,2,0,0,2,5,5,0,2,3,0,0,NA,0,0,6,5,1,2,4,6,6,0,3,3,0,0,NA,0,0,18,18,0,0,18,2,2,NA,0,2,4,4,0,1,3
M16 [Details of deaths reported with probable causes:],'16.5.6',Number of Maternal Deaths due to Other Causes (including causes not known),TOTAL,963,917,46,79,884,1,1,NA,0,1,11,7,4,4,7,0,0,0,0,0,46,45,1,0,46,66,66,0,7,59,0,0,NA,0,0,28,27,1,1,27,0,0,NA,0,0,0,0,NA,0,0,23,23,0,1,22,0,0,0,0,0,40,39,1,9,31,27,27,0,1,26,5,5,0,0,5,7,7,0,0,7,47,47,0,0,47,40,33,7,7,33,10,10,0,0,10,0,0,NA,NA,0,NA,NA,NA,NA,NA,NA,NA,NA,NA,NA,109,107,2,6,103,79,63,16,6,73,3,3,0,0,3,10,6,4,0,10,0,0,0,0,0,1,0,1,1,0,49,49,0,0,49,2,2,0,2,0,18,17,1,4,14,37,37,0,8,29,1,0,1,0,1,42,36,6,9,33,23,23,0,0,23,3,3,NA,0,3,160,160,0,2,158,9,9,NA,0,9,66,65,1,11,55
M16 [Details of deaths reported with probable causes:],'16.6',Total Facility Based Maternal Death Reviews (FBMDR) done,TOTAL,373,355,18,25,348,0,0,NA,NA,0,7,6,1,1,6,0,0,0,NA,0,38,38,0,0,38,12,12,0,0,12,1,1,NA,0,1,10,9,1,1,9,0,0,NA,NA,0,0,0,NA,NA,0,4,4,0,0,4,0,0,0,NA,0,7,7,0,0,7,6,6,0,0,6,1,1,0,0,1,3,3,0,0,3,21,21,0,NA,21,16,13,3,3,13,0,0,0,0,0,0,0,NA,NA,0,NA,NA,NA,NA,NA,NA,NA,NA,NA,NA,39,37,2,0,39,58,47,11,2,56,3,3,0,0,3,0,0,0,NA,0,0,0,0,0,0,0,0,0,0,0,18,18,0,0,18,1,1,0,1,0,9,9,0,1,8,16,16,0,5,11,0,0,NA,NA,0,7,7,NA,0,7,0,0,0,0,0,0,0,NA,0,0,43,43,0,0,43,0,0,NA,0,0,53,53,0,11,42
M16 [Details of deaths reported with probable causes:],'16.7.1',Number of Adolscent / Adult deaths due to Diarrhoeal diseases,TOTAL,345,323,22,87,258,2,2,NA,0,2,18,18,0,0,18,0,0,0,0,0,12,12,0,0,12,4,4,0,0,4,0,0,NA,0,0,7,6,1,0,7,0,0,NA,0,0,0,0,NA,0,0,14,3,11,3,11,1,1,0,0,1,20,20,0,2,18,5,5,0,0,5,0,0,0,0,0,0,0,0,0,0,1,0,1,0,1,9,9,0,0,9,0,0,0,0,0,0,0,NA,NA,0,NA,NA,NA,NA,NA,NA,NA,NA,NA,NA,10,10,0,0,10,30,21,9,14,16,0,0,0,0,0,11,11,0,0,11,0,0,0,0,0,0,0,0,0,0,19,19,0,1,18,0,0,0,0,0,8,8,0,1,7,86,86,0,61,25,0,0,NA,0,0,6,6,NA,0,6,18,18,0,0,18,0,0,NA,0,0,39,39,0,0,39,4,4,NA,0,4,21,21,0,5,16
M16 [Details of deaths reported with probable causes:],'16.7.2',Number of Adolscent / Adult deaths due to Tuberculosis,TOTAL,2117,2056,61,276,1841,1,1,NA,0,1,228,228,0,3,225,1,1,0,0,1,44,41,3,0,44,1,1,0,0,1,13,13,NA,0,13,34,34,0,0,34,0,0,NA,0,0,1,1,NA,0,1,22,12,10,5,17,1,1,0,0,1,130,127,3,4,126,135,135,0,12,123,14,14,0,0,14,0,0,0,0,0,13,12,1,0,13,112,110,2,14,98,9,6,3,3,6,0,0,NA,NA,0,NA,NA,NA,NA,NA,NA,NA,NA,NA,NA,144,142,2,3,141,224,196,28,60,164,0,0,0,0,0,19,16,3,1,18,3,1,2,2,1,5,3,2,2,3,75,73,2,5,70,5,5,0,3,2,127,127,0,10,117,278,278,0,118,160,0,0,NA,NA,0,161,161,NA,6,155,71,71,0,7,64,1,1,NA,0,1,89,89,0,0,89,7,7,NA,0,7,149,149,0,18,131
M16 [Details of deaths reported with probable causes:],'16.7.3',Number of Adolscent / Adult deaths due to Respiratory diseases including infections (other than TB),TOTAL,6633,6078,555,994,5639,0,0,NA,0,0,389,389,0,28,361,5,5,0,0,5,126,121,5,1,125,18,18,0,0,18,23,23,NA,0,23,65,65,0,1,64,2,2,NA,0,2,0,0,NA,0,0,179,75,104,30,149,3,3,0,0,3,577,571,6,15,562,225,225,0,18,207,47,47,0,0,47,29,29,0,0,29,22,22,0,0,22,727,677,50,80,647,129,65,64,20,109,1,1,NA,NA,1,NA,NA,NA,NA,NA,NA,NA,NA,NA,NA,310,270,40,42,268,1207,952,255,309,898,5,5,0,0,5,37,32,5,2,35,25,22,3,2,23,6,4,2,2,4,149,144,5,3,146,9,8,1,4,5,145,145,0,16,129,380,380,0,84,296,7,7,NA,0,7,370,370,NA,50,320,93,93,0,12,81,27,19,8,0,27,218,218,0,1,217,37,37,NA,0,37,1041,1034,7,274,767
M16 [Details of deaths reported with probable causes:],'16.7.4',Number of Adolscent / Adult deaths due to Other Fever Related,TOTAL,1659,1555,104,346,1313,0,0,NA,0,0,45,45,0,4,41,2,2,0,0,2,71,69,2,1,70,13,13,0,0,13,1,1,NA,0,1,66,66,0,8,58,0,0,NA,0,0,0,0,NA,0,0,21,15,6,1,20,0,0,0,0,0,52,52,0,2,50,56,56,0,20,36,10,10,0,0,10,3,3,0,0,3,25,25,0,0,25,76,58,18,18,58,1,1,0,0,1,0,0,NA,NA,0,NA,NA,NA,NA,NA,NA,NA,NA,NA,NA,110,108,2,3,107,141,82,59,73,68,3,3,0,0,3,40,31,9,1,39,5,4,1,4,1,5,4,1,1,4,123,117,6,3,120,44,44,0,43,1,259,259,0,27,232,182,182,0,131,51,2,2,NA,0,2,61,61,NA,0,61,19,19,0,1,18,0,0,NA,0,0,137,137,0,0,137,25,25,NA,0,25,61,61,0,5,56
M16 [Details of deaths reported with probable causes:],'16.7.5',Number of Adolscent / Adult deaths due to HIV/AIDS,TOTAL,603,588,15,45,558,0,0,NA,0,0,105,105,0,4,101,0,0,0,0,0,16,16,0,0,16,0,0,0,0,0,2,2,NA,0,2,8,8,0,3,5,0,0,NA,0,0,0,0,NA,0,0,7,7,0,0,7,0,0,0,0,0,20,20,0,0,20,18,18,0,1,17,0,0,0,0,0,0,0,0,0,0,1,1,0,0,1,109,107,2,5,104,2,2,0,0,2,0,0,NA,NA,0,NA,NA,NA,NA,NA,NA,NA,NA,NA,NA,10,10,0,0,10,109,105,4,9,100,3,3,0,0,3,0,0,0,0,0,12,6,6,6,6,4,1,3,3,1,12,12,0,0,12,0,0,0,0,0,24,24,0,3,21,16,16,0,8,8,0,0,NA,NA,0,39,39,NA,1,38,44,44,0,0,44,0,0,NA,0,0,12,12,0,0,12,1,1,NA,0,1,29,29,0,2,27
M16 [Details of deaths reported with probable causes:],'16.7.6',Number of Adolscent / Adult deaths due to Heart disease/Hypertension related,TOTAL,24068,23020,1048,2232,21836,24,24,NA,0,24,1771,1771,0,128,1643,4,2,2,0,4,406,379,27,5,401,8,8,0,0,8,237,237,NA,0,237,273,268,5,15,258,8,8,NA,0,8,6,6,NA,1,5,274,95,179,54,220,57,55,2,0,57,669,666,3,65,604,865,865,0,56,809,182,182,0,2,180,66,55,11,11,55,38,37,1,0,38,2174,2040,134,252,1922,328,207,121,90,238,10,10,NA,NA,10,NA,NA,NA,NA,NA,NA,NA,NA,NA,NA,762,719,43,59,703,3712,3256,456,578,3134,28,28,0,5,23,58,50,8,8,50,33,28,5,7,26,26,16,10,10,16,988,967,21,29,959,58,57,1,30,28,3012,3012,0,184,2828,713,713,0,144,569,16,16,NA,0,16,3829,3829,NA,133,3696,425,425,0,46,379,65,59,6,3,62,230,229,1,1,229,42,42,NA,0,42,2671,2659,12,316,2355
M16 [Details of deaths reported with probable causes:],'16.7.7',Number of Adolscent / Adult deaths due to Cancer,TOTAL,6079,5673,406,441,5638,5,5,NA,0,5,305,303,2,14,291,6,6,0,0,6,158,158,0,1,157,4,4,0,2,2,31,31,NA,0,31,83,82,1,6,77,1,1,NA,0,1,1,1,NA,0,1,168,32,136,11,157,3,3,0,0,3,258,251,7,12,246,401,401,0,30,371,102,102,0,0,102,16,16,0,0,16,9,9,0,0,9,722,681,41,58,664,178,128,50,37,141,2,2,NA,NA,2,NA,NA,NA,NA,NA,NA,NA,NA,NA,NA,320,287,33,19,301,778,664,114,98,680,19,19,0,1,18,105,92,13,7,98,71,68,3,23,48,15,9,6,6,9,272,272,0,4,268,16,16,0,11,5,406,406,0,25,381,227,227,0,23,204,11,11,NA,0,11,483,483,NA,6,477,130,130,0,7,123,19,19,NA,3,16,40,40,0,0,40,20,20,NA,0,20,694,694,0,37,657
M16 [Details of deaths reported with probable causes:],'16.7.8',Number of Adolscent / Adult deaths due to Neurological disease including strokes,TOTAL,7217,6929,288,709,6508,1,1,NA,0,1,623,618,5,39,584,3,3,0,0,3,153,143,10,2,151,6,6,0,0,6,7,7,NA,0,7,69,69,0,4,65,6,6,NA,0,6,3,3,NA,0,3,85,43,42,4,81,5,5,0,0,5,95,93,2,4,91,63,63,0,3,60,19,19,0,0,19,8,8,0,0,8,7,7,0,0,7,1082,1032,50,77,1005,93,51,42,18,75,1,1,NA,NA,1,NA,NA,NA,NA,NA,NA,NA,NA,NA,NA,248,213,35,32,216,1176,1095,81,114,1062,3,3,0,0,3,45,37,8,3,42,12,9,3,3,9,10,5,5,5,5,344,341,3,7,337,15,15,0,7,8,119,119,0,21,98,154,154,0,60,94,3,3,NA,0,3,497,497,NA,13,484,128,128,0,7,121,26,24,2,2,24,51,51,0,0,51,11,11,NA,0,11,2046,2046,0,284,1762
M16 [Details of deaths reported with probable causes:],'16.7.9',Number of Adolscent / Adult deaths due to Accidents/Burn cases,TOTAL,7225,7139,86,474,6751,6,6,NA,0,6,468,468,0,23,445,3,3,0,0,3,112,107,5,1,111,26,26,0,0,26,23,23,NA,0,23,275,274,1,6,269,11,11,NA,0,11,0,0,NA,0,0,77,64,13,2,75,6,6,0,0,6,242,242,0,12,230,304,304,0,23,281,78,78,0,0,78,12,12,0,0,12,46,46,0,0,46,563,545,18,34,529,44,33,11,4,40,0,0,NA,NA,0,NA,NA,NA,NA,NA,NA,NA,NA,NA,NA,700,686,14,20,680,836,820,16,45,791,9,9,0,1,8,21,19,2,1,20,15,14,1,4,11,5,2,3,3,2,185,183,2,6,179,62,62,0,59,3,289,289,0,30,259,511,511,0,91,420,5,5,NA,0,5,1146,1146,NA,38,1108,291,291,0,12,279,16,16,NA,2,14,197,197,0,1,196,22,22,NA,1,21,619,619,0,55,564
M16 [Details of deaths reported with probable causes:],'16.7.10',Number of Adolscent / Adult deaths due to Suicide,TOTAL,4365,4330,35,259,4106,2,2,NA,0,2,247,247,0,11,236,0,0,0,0,0,95,90,5,0,95,8,8,0,2,6,7,7,NA,0,7,180,178,2,4,176,3,3,NA,0,3,4,4,NA,1,3,53,50,3,1,52,3,3,0,0,3,200,200,0,23,177,170,170,0,15,155,27,27,0,0,27,2,2,0,0,2,14,14,0,0,14,484,472,12,25,459,38,34,4,3,35,0,0,NA,NA,0,NA,NA,NA,NA,NA,NA,NA,NA,NA,NA,353,351,2,11,342,530,525,5,13,517,3,3,0,1,2,18,17,1,1,17,9,9,0,4,5,0,0,0,0,0,108,107,1,5,103,4,4,0,2,2,148,148,0,12,136,200,200,0,39,161,8,8,NA,NA,8,640,640,NA,26,614,228,228,0,7,221,21,21,NA,0,21,35,35,0,2,33,10,10,NA,0,10,513,513,0,51,462
M16 [Details of deaths reported with probable causes:],'16.7.11',Number of Adolscent / Adult deaths due to Animal bites and stings,TOTAL,501,500,1,19,482,0,0,NA,0,0,16,16,0,1,15,0,0,0,0,0,22,21,1,0,22,3,3,0,0,3,0,0,NA,0,0,32,32,0,0,32,0,0,NA,0,0,0,0,NA,0,0,0,0,0,0,0,1,1,0,0,1,23,23,0,0,23,13,13,0,2,11,4,4,0,0,4,0,0,0,0,0,14,14,0,0,14,36,36,0,2,34,10,10,0,0,10,0,0,NA,NA,0,NA,NA,NA,NA,NA,NA,NA,NA,NA,NA,82,82,0,0,82,59,59,0,0,59,0,0,0,0,0,1,1,0,0,1,0,0,0,0,0,0,0,0,0,0,32,32,0,1,31,0,0,0,0,0,14,14,0,1,13,40,40,0,1,39,0,0,NA,0,0,41,41,NA,1,40,14,14,0,1,13,0,0,NA,0,0,6,6,0,0,6,0,0,NA,0,0,38,38,0,9,29
M16 [Details of deaths reported with probable causes:],'16.7.12',Number of Adolscent / Adult deaths due to Known Acute Disease,TOTAL,7356,6983,373,741,6615,7,7,NA,0,7,475,475,0,43,432,0,0,0,0,0,193,181,12,0,193,13,13,0,0,13,1,1,NA,0,1,254,252,2,13,241,24,24,NA,0,24,2,2,NA,0,2,245,185,60,7,238,7,7,0,0,7,109,101,8,10,99,110,110,0,14,96,57,57,0,0,57,32,32,0,0,32,22,22,0,0,22,844,776,68,100,744,55,30,25,8,47,2,2,NA,NA,2,NA,NA,NA,NA,NA,NA,NA,NA,NA,NA,653,618,35,63,590,1292,1153,139,220,1072,6,6,0,0,6,35,20,15,0,35,30,25,5,4,26,14,14,0,0,14,414,412,2,13,401,21,21,0,15,6,217,215,2,19,198,332,332,0,63,269,4,4,NA,0,4,572,572,NA,9,563,116,116,0,8,108,31,31,NA,0,31,89,89,0,0,89,16,16,NA,0,16,1062,1062,0,132,930
M16 [Details of deaths reported with probable causes:],'16.7.13',Number of Adolscent / Adult deaths due to Known Chronic Disease,TOTAL,19515,19001,514,1397,18118,16,16,NA,0,16,1372,1372,0,42,1330,7,7,0,0,7,303,290,13,7,296,24,24,0,0,24,15,15,NA,0,15,806,805,1,44,762,16,16,NA,0,16,8,8,NA,0,8,297,199,98,20,277,36,35,1,0,36,1070,1070,0,45,1025,268,268,0,29,239,244,244,0,0,244,45,45,0,0,45,33,33,0,0,33,1525,1479,46,73,1452,191,141,50,18,173,0,0,NA,NA,0,NA,NA,NA,NA,NA,NA,NA,NA,NA,NA,1006,974,32,54,952,3015,2793,222,467,2548,44,44,0,7,37,153,144,9,10,143,70,58,12,11,59,29,7,22,22,7,1426,1424,2,20,1406,31,31,0,14,17,604,601,3,71,533,849,849,0,56,793,25,25,NA,0,25,2061,2061,NA,52,2009,423,423,0,17,406,71,71,NA,3,68,139,139,0,0,139,43,43,NA,0,43,3250,3247,3,315,2935
M16 [Details of deaths reported with probable causes:],'16.7.14',Number of Adolscent / Adult deaths due to Causes not known,TOTAL,77048,76567,481,3148,73900,33,33,NA,0,33,11811,11796,15,331,11480,6,5,1,0,6,1172,1121,51,11,1161,243,243,0,44,199,8,8,NA,0,8,1649,1644,5,48,1601,19,19,NA,0,19,15,15,NA,0,15,255,206,49,47,208,46,46,0,0,46,2742,2742,0,105,2637,5459,5459,0,240,5219,1137,1137,0,1,1136,153,152,1,1,152,359,359,0,0,359,9226,9173,53,425,8801,372,321,51,75,297,6,6,NA,NA,6,NA,NA,NA,NA,NA,NA,NA,NA,NA,NA,3633,3615,18,122,3511,6711,6506,205,505,6206,107,92,15,26,81,332,331,1,19,313,46,45,1,8,38,2,2,0,0,2,7697,7683,14,179,7518,30,30,0,10,20,3819,3819,0,348,3471,2232,2232,0,74,2158,16,16,NA,NA,16,4838,4838,NA,184,4654,3560,3560,0,137,3423,620,619,1,13,607,985,985,0,1,984,179,179,NA,1,178,7530,7530,0,193,7337
M16 [Details of deaths reported with probable causes:],'16.8.1',Number of Deaths due to Malaria- Plasmodium Vivax,TOTAL,38,38,0,6,32,0,0,NA,0,0,4,4,0,0,4,0,0,0,0,0,0,0,0,0,0,0,0,0,0,0,0,0,NA,0,0,4,4,0,0,4,0,0,NA,0,0,0,0,NA,0,0,0,0,0,0,0,0,0,0,0,0,0,0,0,0,0,0,0,0,0,0,0,0,0,0,0,0,0,0,0,0,0,0,0,0,0,6,6,0,0,6,0,0,0,0,0,0,0,NA,NA,0,NA,NA,NA,NA,NA,NA,NA,NA,NA,NA,1,1,0,0,1,1,1,0,0,1,0,0,0,0,0,0,0,0,0,0,0,0,0,0,0,0,0,0,0,0,0,0,0,0,0,0,0,0,0,0,0,0,0,0,0,16,16,0,6,10,0,0,NA,NA,0,0,0,NA,0,0,0,0,0,0,0,0,0,NA,0,0,3,3,0,0,3,0,0,NA,0,0,3,3,0,0,3
M16 [Details of deaths reported with probable causes:],'16.8.2',Number of Deaths due to Malaria- Plasmodium Falciparum,TOTAL,116,116,0,0,116,0,0,NA,0,0,1,1,0,0,1,0,0,0,0,0,1,1,0,0,1,0,0,0,0,0,0,0,NA,0,0,0,0,0,0,0,0,0,NA,0,0,0,0,NA,0,0,0,0,0,0,0,0,0,0,0,0,7,7,0,0,7,1,1,0,0,1,0,0,0,0,0,0,0,0,0,0,1,1,0,0,1,1,1,0,0,1,0,0,0,0,0,0,0,NA,NA,0,NA,NA,NA,NA,NA,NA,NA,NA,NA,NA,11,11,0,0,11,2,2,0,0,2,0,0,0,0,0,7,7,0,0,7,0,0,0,0,0,0,0,0,0,0,1,1,0,0,1,0,0,0,0,0,0,0,0,0,0,2,2,0,0,2,0,0,NA,NA,0,0,0,NA,0,0,13,13,0,0,13,0,0,NA,0,0,66,66,0,0,66,0,0,NA,0,0,2,2,0,0,2
M16 [Details of deaths reported with probable causes:],'16.8.3',Number of Deaths due to Kala Azar,TOTAL,0,0,0,0,0,0,0,NA,0,0,0,0,0,0,0,0,0,0,0,0,0,0,0,0,0,0,0,0,0,0,0,0,NA,0,0,0,0,0,0,0,0,0,NA,0,0,0,0,NA,0,0,0,0,0,0,0,0,0,0,0,0,0,0,0,0,0,0,0,0,0,0,0,0,0,0,0,0,0,0,0,0,0,0,0,0,0,0,0,0,0,0,0,0,0,0,0,0,0,NA,NA,0,NA,NA,NA,NA,NA,NA,NA,NA,NA,NA,0,0,0,0,0,0,0,0,0,0,0,0,0,0,0,0,0,0,0,0,0,0,0,0,0,0,0,0,0,0,0,0,NA,NA,0,0,0,0,0,0,0,0,0,0,0,0,0,0,0,0,0,0,NA,NA,0,0,0,NA,0,0,0,0,0,0,0,0,0,NA,0,0,0,0,0,0,0,0,0,NA,0,0,0,0,0,0,0
M16 [Details of deaths reported with probable causes:],'16.8.4',Number of Deaths due to Dengue,TOTAL,6,4,2,1,5,0,0,NA,0,0,0,0,0,0,0,0,0,0,0,0,0,0,0,0,0,0,0,0,0,0,0,0,NA,0,0,0,0,0,0,0,0,0,NA,0,0,0,0,NA,0,0,0,0,0,0,0,0,0,0,0,0,0,0,0,0,0,0,0,0,0,0,0,0,0,0,0,0,0,0,0,0,0,0,0,0,0,0,0,0,0,0,2,0,2,0,2,0,0,NA,NA,0,NA,NA,NA,NA,NA,NA,NA,NA,NA,NA,0,0,0,0,0,3,3,0,1,2,0,0,0,0,0,0,0,0,0,0,0,0,0,0,0,0,0,0,0,0,0,0,0,0,0,0,0,0,0,0,0,0,0,0,0,0,0,0,0,0,0,0,NA,NA,0,0,0,NA,0,0,0,0,0,0,0,0,0,NA,0,0,1,1,0,0,1,0,0,NA,0,0,0,0,0,0,0
M16 [Details of deaths reported with probable causes:],'16.8.5',Number of Deaths due to Acute Encephelitis Syndrome (AES),TOTAL,50,50,0,6,44,1,1,NA,0,1,0,0,0,0,0,0,0,0,0,0,9,9,0,0,9,0,0,0,0,0,13,13,NA,0,13,0,0,0,0,0,0,0,NA,0,0,0,0,NA,0,0,0,0,0,0,0,0,0,0,0,0,0,0,0,0,0,0,0,0,0,0,0,0,0,0,0,0,0,0,0,0,0,0,0,0,0,1,1,0,0,1,0,0,0,0,0,0,0,NA,NA,0,NA,NA,NA,NA,NA,NA,NA,NA,NA,NA,0,0,0,0,0,6,6,0,0,6,0,0,0,0,0,0,0,0,0,0,0,0,0,0,0,0,0,0,0,0,0,0,0,0,0,0,0,0,0,0,0,0,0,0,0,4,4,0,4,0,0,0,NA,NA,0,5,5,NA,0,5,3,3,0,1,2,0,0,NA,0,0,0,0,0,0,0,0,0,NA,0,0,8,8,0,1,7
M16 [Details of deaths reported with probable causes:],'16.8.6',Number of Deaths due to Japanese Encephalitis (JE),TOTAL,22,22,0,6,16,0,0,NA,0,0,0,0,0,0,0,0,0,0,0,0,2,2,0,0,2,0,0,0,0,0,0,0,NA,0,0,0,0,0,0,0,0,0,NA,0,0,0,0,NA,0,0,0,0,0,0,0,0,0,0,0,0,0,0,0,0,0,0,0,0,0,0,0,0,0,0,0,0,0,0,0,0,0,0,0,0,0,0,0,0,0,0,6,6,0,0,6,0,0,NA,NA,0,NA,NA,NA,NA,NA,NA,NA,NA,NA,NA,0,0,0,0,0,0,0,0,0,0,0,0,0,0,0,0,0,0,0,0,0,0,0,0,0,0,0,0,0,0,0,0,0,0,0,0,0,0,0,0,0,0,0,0,0,14,14,0,6,8,0,0,NA,NA,0,0,0,NA,0,0,0,0,0,0,0,0,0,NA,0,0,0,0,0,0,0,0,0,NA,0,0,0,0,0,0,0
M17 [Vaccines],'17.1',Vaccine - DPT,1. Balance From Previous Month,2202287,NA,NA,NA,NA,3220,NA,NA,NA,NA,46090,NA,NA,NA,NA,3579,NA,NA,NA,NA,16256,NA,NA,NA,NA,105307,NA,NA,NA,NA,7100,NA,NA,NA,NA,53930,NA,NA,NA,NA,7920,NA,NA,NA,NA,2110,NA,NA,NA,NA,41330,NA,NA,NA,NA,13340,NA,NA,NA,NA,220410,NA,NA,NA,NA,69140,NA,NA,NA,NA,9038,NA,NA,NA,NA,40867,NA,NA,NA,NA,24490,NA,NA,NA,NA,5160,NA,NA,NA,NA,51170,NA,NA,NA,NA,530,NA,NA,NA,NA,NA,NA,NA,NA,NA,NA,NA,NA,NA,NA,219659,NA,NA,NA,NA,157010,NA,NA,NA,NA,7475,NA,NA,NA,NA,7690,NA,NA,NA,NA,10993,NA,NA,NA,NA,7950,NA,NA,NA,NA,49811,NA,NA,NA,NA,10496,NA,NA,NA,NA,103640,NA,NA,NA,NA,85000,NA,NA,NA,NA,5102,NA,NA,NA,NA,330358,NA,NA,NA,NA,107860,NA,NA,NA,NA,1336,NA,NA,NA,NA,290830,NA,NA,NA,NA,35710,NA,NA,NA,NA,50380,NA,NA,NA,NA
M17 [Vaccines],17.1',Vaccine - DPT,2. Stocks Received,1892030,NA,NA,NA,NA,340,NA,NA,NA,NA,75500,NA,NA,NA,NA,2380,NA,NA,NA,NA,39824,NA,NA,NA,NA,82800,NA,NA,NA,NA,0,NA,NA,NA,NA,71010,NA,NA,NA,NA,NA,NA,NA,NA,NA,0,NA,NA,NA,NA,43000,NA,NA,NA,NA,NA,NA,NA,NA,NA,112640,NA,NA,NA,NA,115200,NA,NA,NA,NA,1980,NA,NA,NA,NA,34420,NA,NA,NA,NA,128400,NA,NA,NA,NA,91450,NA,NA,NA,NA,37500,NA,NA,NA,NA,0,NA,NA,NA,NA,NA,NA,NA,NA,NA,NA,NA,NA,NA,NA,127950,NA,NA,NA,NA,141499,NA,NA,NA,NA,3300,NA,NA,NA,NA,6301,NA,NA,NA,NA,3100,NA,NA,NA,NA,8350,NA,NA,NA,NA,60650,NA,NA,NA,NA,0,NA,NA,NA,NA,90000,NA,NA,NA,NA,42500,NA,NA,NA,NA,47,NA,NA,NA,NA,107795,NA,NA,NA,NA,83400,NA,NA,NA,NA,5434,NA,NA,NA,NA,186260,NA,NA,NA,NA,25000,NA,NA,NA,NA,164000,NA,NA,NA,NA
M17 [Vaccines],17.1',Vaccine - DPT,3. Unusable Stock,133319,NA,NA,NA,NA,485,NA,NA,NA,NA,30680,NA,NA,NA,NA,40,NA,NA,NA,NA,0,NA,NA,NA,NA,615,NA,NA,NA,NA,0,NA,NA,NA,NA,6110,NA,NA,NA,NA,NA,NA,NA,NA,NA,0,NA,NA,NA,NA,0,NA,NA,NA,NA,NA,NA,NA,NA,NA,23900,NA,NA,NA,NA,8385,NA,NA,NA,NA,0,NA,NA,NA,NA,90,NA,NA,NA,NA,0,NA,NA,NA,NA,0,NA,NA,NA,NA,0,NA,NA,NA,NA,0,NA,NA,NA,NA,NA,NA,NA,NA,NA,NA,NA,NA,NA,NA,11056,NA,NA,NA,NA,0,NA,NA,NA,NA,0,NA,NA,NA,NA,4440,NA,NA,NA,NA,0,NA,NA,NA,NA,0,NA,NA,NA,NA,0,NA,NA,NA,NA,0,NA,NA,NA,NA,4500,NA,NA,NA,NA,0,NA,NA,NA,NA,4,NA,NA,NA,NA,6841,NA,NA,NA,NA,3630,NA,NA,NA,NA,0,NA,NA,NA,NA,31243,NA,NA,NA,NA,0,NA,NA,NA,NA,1300,NA,NA,NA,NA
M17 [Vaccines],17.1',Vaccine - DPT,4. Stock Distributed,1904688,NA,NA,NA,NA,374,NA,NA,NA,NA,71160,NA,NA,NA,NA,2560,NA,NA,NA,NA,38254,NA,NA,NA,NA,79664,NA,NA,NA,NA,2610,NA,NA,NA,NA,47720,NA,NA,NA,NA,1400,NA,NA,NA,NA,530,NA,NA,NA,NA,56820,NA,NA,NA,NA,2630,NA,NA,NA,NA,88800,NA,NA,NA,NA,87640,NA,NA,NA,NA,3601,NA,NA,NA,NA,48293,NA,NA,NA,NA,94881,NA,NA,NA,NA,75950,NA,NA,NA,NA,60940,NA,NA,NA,NA,100,NA,NA,NA,NA,NA,NA,NA,NA,NA,NA,NA,NA,NA,NA,154215,NA,NA,NA,NA,154475,NA,NA,NA,NA,2970,NA,NA,NA,NA,5007,NA,NA,NA,NA,3340,NA,NA,NA,NA,4260,NA,NA,NA,NA,87870,NA,NA,NA,NA,1136,NA,NA,NA,NA,84860,NA,NA,NA,NA,40440,NA,NA,NA,NA,275,NA,NA,NA,NA,114965,NA,NA,NA,NA,76830,NA,NA,NA,NA,4383,NA,NA,NA,NA,210415,NA,NA,NA,NA,27320,NA,NA,NA,NA,168000,NA,NA,NA,NA
M17 [Vaccines],17.1',Vaccine - DPT,5. Total Stock,2056310,NA,NA,NA,NA,2701,NA,NA,NA,NA,19750,NA,NA,NA,NA,3359,NA,NA,NA,NA,17826,NA,NA,NA,NA,107828,NA,NA,NA,NA,4490,NA,NA,NA,NA,71110,NA,NA,NA,NA,6520,NA,NA,NA,NA,1580,NA,NA,NA,NA,27510,NA,NA,NA,NA,10710,NA,NA,NA,NA,220350,NA,NA,NA,NA,88315,NA,NA,NA,NA,7417,NA,NA,NA,NA,26904,NA,NA,NA,NA,58009,NA,NA,NA,NA,20660,NA,NA,NA,NA,27730,NA,NA,NA,NA,430,NA,NA,NA,NA,NA,NA,NA,NA,NA,NA,NA,NA,NA,NA,182338,NA,NA,NA,NA,144034,NA,NA,NA,NA,7805,NA,NA,NA,NA,4544,NA,NA,NA,NA,10753,NA,NA,NA,NA,12040,NA,NA,NA,NA,22591,NA,NA,NA,NA,9360,NA,NA,NA,NA,104280,NA,NA,NA,NA,87060,NA,NA,NA,NA,4870,NA,NA,NA,NA,316347,NA,NA,NA,NA,110800,NA,NA,NA,NA,2387,NA,NA,NA,NA,235432,NA,NA,NA,NA,33390,NA,NA,NA,NA,45080,NA,NA,NA,NA
M17 [Vaccines],'17.2',Vaccine - Pentavalent,1. Balance From Previous Month,5407037,NA,NA,NA,NA,2075,NA,NA,NA,NA,206630,NA,NA,NA,NA,6346,NA,NA,NA,NA,297867,NA,NA,NA,NA,252526,NA,NA,NA,NA,19340,NA,NA,NA,NA,198100,NA,NA,NA,NA,4330,NA,NA,NA,NA,4200,NA,NA,NA,NA,64120,NA,NA,NA,NA,9090,NA,NA,NA,NA,415110,NA,NA,NA,NA,185440,NA,NA,NA,NA,8515,NA,NA,NA,NA,19852,NA,NA,NA,NA,91622,NA,NA,NA,NA,83960,NA,NA,NA,NA,104150,NA,NA,NA,NA,1100,NA,NA,NA,NA,NA,NA,NA,NA,NA,NA,NA,NA,NA,NA,385032,NA,NA,NA,NA,855012,NA,NA,NA,NA,8024,NA,NA,NA,NA,7452,NA,NA,NA,NA,6014,NA,NA,NA,NA,7050,NA,NA,NA,NA,149840,NA,NA,NA,NA,6657,NA,NA,NA,NA,97770,NA,NA,NA,NA,121660,NA,NA,NA,NA,1472,NA,NA,NA,NA,413061,NA,NA,NA,NA,189320,NA,NA,NA,NA,1197,NA,NA,NA,NA,948043,NA,NA,NA,NA,44640,NA,NA,NA,NA,190420,NA,NA,NA,NA
M17 [Vaccines],17.2',Vaccine - Pentavalent,2. Stocks Received,4124080,NA,NA,NA,NA,416,NA,NA,NA,NA,284440,NA,NA,NA,NA,5584,NA,NA,NA,NA,126761,NA,NA,NA,NA,139544,NA,NA,NA,NA,0,NA,NA,NA,NA,167040,NA,NA,NA,NA,NA,NA,NA,NA,NA,0,NA,NA,NA,NA,76080,NA,NA,NA,NA,5000,NA,NA,NA,NA,167740,NA,NA,NA,NA,245350,NA,NA,NA,NA,7047,NA,NA,NA,NA,51870,NA,NA,NA,NA,174460,NA,NA,NA,NA,279420,NA,NA,NA,NA,75930,NA,NA,NA,NA,0,NA,NA,NA,NA,NA,NA,NA,NA,NA,NA,NA,NA,NA,NA,332556,NA,NA,NA,NA,238449,NA,NA,NA,NA,6350,NA,NA,NA,NA,11202,NA,NA,NA,NA,5296,NA,NA,NA,NA,15090,NA,NA,NA,NA,113500,NA,NA,NA,NA,60,NA,NA,NA,NA,135040,NA,NA,NA,NA,73540,NA,NA,NA,NA,160,NA,NA,NA,NA,290160,NA,NA,NA,NA,156220,NA,NA,NA,NA,8565,NA,NA,NA,NA,702930,NA,NA,NA,NA,52600,NA,NA,NA,NA,175680,NA,NA,NA,NA
M17 [Vaccines],17.2',Vaccine - Pentavalent,3. Unusable Stock,364657,NA,NA,NA,NA,208,NA,NA,NA,NA,127590,NA,NA,NA,NA,393,NA,NA,NA,NA,0,NA,NA,NA,NA,2768,NA,NA,NA,NA,0,NA,NA,NA,NA,14040,NA,NA,NA,NA,NA,NA,NA,NA,NA,0,NA,NA,NA,NA,0,NA,NA,NA,NA,NA,NA,NA,NA,NA,40790,NA,NA,NA,NA,26220,NA,NA,NA,NA,0,NA,NA,NA,NA,1000,NA,NA,NA,NA,0,NA,NA,NA,NA,2210,NA,NA,NA,NA,680,NA,NA,NA,NA,0,NA,NA,NA,NA,NA,NA,NA,NA,NA,NA,NA,NA,NA,NA,1690,NA,NA,NA,NA,315,NA,NA,NA,NA,30,NA,NA,NA,NA,0,NA,NA,NA,NA,0,NA,NA,NA,NA,640,NA,NA,NA,NA,12500,NA,NA,NA,NA,0,NA,NA,NA,NA,7530,NA,NA,NA,NA,0,NA,NA,NA,NA,1,NA,NA,NA,NA,11770,NA,NA,NA,NA,11750,NA,NA,NA,NA,0,NA,NA,NA,NA,81592,NA,NA,NA,NA,0,NA,NA,NA,NA,20940,NA,NA,NA,NA
M17 [Vaccines],17.2',Vaccine - Pentavalent,4. Stock Distributed,4120096,NA,NA,NA,NA,798,NA,NA,NA,NA,215970,NA,NA,NA,NA,5356,NA,NA,NA,NA,119668,NA,NA,NA,NA,210293,NA,NA,NA,NA,3990,NA,NA,NA,NA,120890,NA,NA,NA,NA,2210,NA,NA,NA,NA,890,NA,NA,NA,NA,90860,NA,NA,NA,NA,4820,NA,NA,NA,NA,188540,NA,NA,NA,NA,146370,NA,NA,NA,NA,7405,NA,NA,NA,NA,55650,NA,NA,NA,NA,176456,NA,NA,NA,NA,256310,NA,NA,NA,NA,121110,NA,NA,NA,NA,430,NA,NA,NA,NA,NA,NA,NA,NA,NA,NA,NA,NA,NA,NA,366353,NA,NA,NA,NA,371535,NA,NA,NA,NA,10377,NA,NA,NA,NA,10880,NA,NA,NA,NA,5733,NA,NA,NA,NA,11270,NA,NA,NA,NA,175330,NA,NA,NA,NA,3586,NA,NA,NA,NA,110530,NA,NA,NA,NA,98860,NA,NA,NA,NA,580,NA,NA,NA,NA,275893,NA,NA,NA,NA,144180,NA,NA,NA,NA,7190,NA,NA,NA,NA,541663,NA,NA,NA,NA,38710,NA,NA,NA,NA,219410,NA,NA,NA,NA
M17 [Vaccines],17.2',Vaccine - Pentavalent,5. Total Stock,5046364,NA,NA,NA,NA,1485,NA,NA,NA,NA,147510,NA,NA,NA,NA,6181,NA,NA,NA,NA,304960,NA,NA,NA,NA,179009,NA,NA,NA,NA,15350,NA,NA,NA,NA,230210,NA,NA,NA,NA,2120,NA,NA,NA,NA,3310,NA,NA,NA,NA,49340,NA,NA,NA,NA,9270,NA,NA,NA,NA,353520,NA,NA,NA,NA,258200,NA,NA,NA,NA,8157,NA,NA,NA,NA,15072,NA,NA,NA,NA,89626,NA,NA,NA,NA,104860,NA,NA,NA,NA,58290,NA,NA,NA,NA,670,NA,NA,NA,NA,NA,NA,NA,NA,NA,NA,NA,NA,NA,NA,349545,NA,NA,NA,NA,721611,NA,NA,NA,NA,3967,NA,NA,NA,NA,7774,NA,NA,NA,NA,5577,NA,NA,NA,NA,10230,NA,NA,NA,NA,75510,NA,NA,NA,NA,3131,NA,NA,NA,NA,114750,NA,NA,NA,NA,96340,NA,NA,NA,NA,1051,NA,NA,NA,NA,415558,NA,NA,NA,NA,189610,NA,NA,NA,NA,2572,NA,NA,NA,NA,1027718,NA,NA,NA,NA,58530,NA,NA,NA,NA,125750,NA,NA,NA,NA
M17 [Vaccines],'17.3',Vaccine - OPV,1. Balance From Previous Month,11168585,NA,NA,NA,NA,5612,NA,NA,NA,NA,398260,NA,NA,NA,NA,11716,NA,NA,NA,NA,473216,NA,NA,NA,NA,493366,NA,NA,NA,NA,44880,NA,NA,NA,NA,260240,NA,NA,NA,NA,8480,NA,NA,NA,NA,6640,NA,NA,NA,NA,97960,NA,NA,NA,NA,37380,NA,NA,NA,NA,829960,NA,NA,NA,NA,298820,NA,NA,NA,NA,10945,NA,NA,NA,NA,258944,NA,NA,NA,NA,254884,NA,NA,NA,NA,469500,NA,NA,NA,NA,108800,NA,NA,NA,NA,1000,NA,NA,NA,NA,NA,NA,NA,NA,NA,NA,NA,NA,NA,NA,659245,NA,NA,NA,NA,1112784,NA,NA,NA,NA,14118,NA,NA,NA,NA,24543,NA,NA,NA,NA,15258,NA,NA,NA,NA,39470,NA,NA,NA,NA,476950,NA,NA,NA,NA,42116,NA,NA,NA,NA,327620,NA,NA,NA,NA,339710,NA,NA,NA,NA,4163,NA,NA,NA,NA,968049,NA,NA,NA,NA,453660,NA,NA,NA,NA,1036,NA,NA,NA,NA,2106430,NA,NA,NA,NA,79730,NA,NA,NA,NA,433100,NA,NA,NA,NA
M17 [Vaccines],17.3',Vaccine - OPV,2. Stocks Received,10911657,NA,NA,NA,NA,620,NA,NA,NA,NA,377480,NA,NA,NA,NA,4530,NA,NA,NA,NA,230355,NA,NA,NA,NA,417675,NA,NA,NA,NA,0,NA,NA,NA,NA,236760,NA,NA,NA,NA,NA,NA,NA,NA,NA,0,NA,NA,NA,NA,114500,NA,NA,NA,NA,NA,NA,NA,NA,NA,273220,NA,NA,NA,NA,163460,NA,NA,NA,NA,10609,NA,NA,NA,NA,44580,NA,NA,NA,NA,285180,NA,NA,NA,NA,354880,NA,NA,NA,NA,181000,NA,NA,NA,NA,0,NA,NA,NA,NA,NA,NA,NA,NA,NA,NA,NA,NA,NA,NA,561540,NA,NA,NA,NA,246470,NA,NA,NA,NA,4864,NA,NA,NA,NA,2650,NA,NA,NA,NA,3050,NA,NA,NA,NA,38320,NA,NA,NA,NA,173600,NA,NA,NA,NA,0,NA,NA,NA,NA,279000,NA,NA,NA,NA,254880,NA,NA,NA,NA,8,NA,NA,NA,NA,282400,NA,NA,NA,NA,180000,NA,NA,NA,NA,12266,NA,NA,NA,NA,5849760,NA,NA,NA,NA,90000,NA,NA,NA,NA,238000,NA,NA,NA,NA
M17 [Vaccines],17.3',Vaccine - OPV,3. Unusable Stock,574749,NA,NA,NA,NA,1136,NA,NA,NA,NA,119360,NA,NA,NA,NA,662,NA,NA,NA,NA,0,NA,NA,NA,NA,2258,NA,NA,NA,NA,0,NA,NA,NA,NA,19880,NA,NA,NA,NA,NA,NA,NA,NA,NA,0,NA,NA,NA,NA,0,NA,NA,NA,NA,NA,NA,NA,NA,NA,55750,NA,NA,NA,NA,10910,NA,NA,NA,NA,0,NA,NA,NA,NA,5180,NA,NA,NA,NA,0,NA,NA,NA,NA,17000,NA,NA,NA,NA,0,NA,NA,NA,NA,0,NA,NA,NA,NA,NA,NA,NA,NA,NA,NA,NA,NA,NA,NA,13020,NA,NA,NA,NA,255,NA,NA,NA,NA,0,NA,NA,NA,NA,0,NA,NA,NA,NA,0,NA,NA,NA,NA,0,NA,NA,NA,NA,0,NA,NA,NA,NA,0,NA,NA,NA,NA,42000,NA,NA,NA,NA,0,NA,NA,NA,NA,0,NA,NA,NA,NA,23230,NA,NA,NA,NA,7960,NA,NA,NA,NA,0,NA,NA,NA,NA,181248,NA,NA,NA,NA,0,NA,NA,NA,NA,74900,NA,NA,NA,NA
M17 [Vaccines],17.3',Vaccine - OPV,4. Stock Distributed,5750127,NA,NA,NA,NA,1274,NA,NA,NA,NA,323560,NA,NA,NA,NA,4420,NA,NA,NA,NA,146207,NA,NA,NA,NA,366411,NA,NA,NA,NA,6120,NA,NA,NA,NA,151620,NA,NA,NA,NA,3090,NA,NA,NA,NA,1880,NA,NA,NA,NA,124220,NA,NA,NA,NA,2100,NA,NA,NA,NA,249260,NA,NA,NA,NA,187595,NA,NA,NA,NA,8417,NA,NA,NA,NA,230915,NA,NA,NA,NA,280865,NA,NA,NA,NA,348510,NA,NA,NA,NA,182900,NA,NA,NA,NA,160,NA,NA,NA,NA,NA,NA,NA,NA,NA,NA,NA,NA,NA,NA,563103,NA,NA,NA,NA,350120,NA,NA,NA,NA,9467,NA,NA,NA,NA,10838,NA,NA,NA,NA,7595,NA,NA,NA,NA,9091,NA,NA,NA,NA,199920,NA,NA,NA,NA,5497,NA,NA,NA,NA,195340,NA,NA,NA,NA,141380,NA,NA,NA,NA,651,NA,NA,NA,NA,276730,NA,NA,NA,NA,186540,NA,NA,NA,NA,7187,NA,NA,NA,NA,793254,NA,NA,NA,NA,56090,NA,NA,NA,NA,317800,NA,NA,NA,NA
M17 [Vaccines],17.3',Vaccine - OPV,5. Total Stock,15755366,NA,NA,NA,NA,3822,NA,NA,NA,NA,332820,NA,NA,NA,NA,11164,NA,NA,NA,NA,557364,NA,NA,NA,NA,542372,NA,NA,NA,NA,38760,NA,NA,NA,NA,325500,NA,NA,NA,NA,5390,NA,NA,NA,NA,4760,NA,NA,NA,NA,88240,NA,NA,NA,NA,35280,NA,NA,NA,NA,798170,NA,NA,NA,NA,263775,NA,NA,NA,NA,13137,NA,NA,NA,NA,67429,NA,NA,NA,NA,259199,NA,NA,NA,NA,458870,NA,NA,NA,NA,106900,NA,NA,NA,NA,840,NA,NA,NA,NA,NA,NA,NA,NA,NA,NA,NA,NA,NA,NA,644662,NA,NA,NA,NA,1008879,NA,NA,NA,NA,9515,NA,NA,NA,NA,16355,NA,NA,NA,NA,10713,NA,NA,NA,NA,68699,NA,NA,NA,NA,450630,NA,NA,NA,NA,36619,NA,NA,NA,NA,369280,NA,NA,NA,NA,453210,NA,NA,NA,NA,3520,NA,NA,NA,NA,950489,NA,NA,NA,NA,439160,NA,NA,NA,NA,6115,NA,NA,NA,NA,6981688,NA,NA,NA,NA,113640,NA,NA,NA,NA,278400,NA,NA,NA,NA
M17 [Vaccines],'17.4',Vaccine - TT,1. Balance From Previous Month,2837839,NA,NA,NA,NA,3545,NA,NA,NA,NA,27890,NA,NA,NA,NA,12244,NA,NA,NA,NA,20409,NA,NA,NA,NA,209542,NA,NA,NA,NA,2270,NA,NA,NA,NA,19890,NA,NA,NA,NA,0,NA,NA,NA,NA,0,NA,NA,NA,NA,6220,NA,NA,NA,NA,NA,NA,NA,NA,NA,249230,NA,NA,NA,NA,26450,NA,NA,NA,NA,610,NA,NA,NA,NA,63279,NA,NA,NA,NA,1990,NA,NA,NA,NA,207060,NA,NA,NA,NA,15190,NA,NA,NA,NA,170,NA,NA,NA,NA,NA,NA,NA,NA,NA,NA,NA,NA,NA,NA,277613,NA,NA,NA,NA,224290,NA,NA,NA,NA,11486,NA,NA,NA,NA,3012,NA,NA,NA,NA,30,NA,NA,NA,NA,1350,NA,NA,NA,NA,77360,NA,NA,NA,NA,101,NA,NA,NA,NA,616200,NA,NA,NA,NA,140180,NA,NA,NA,NA,350,NA,NA,NA,NA,230044,NA,NA,NA,NA,19800,NA,NA,NA,NA,1704,NA,NA,NA,NA,285200,NA,NA,NA,NA,37570,NA,NA,NA,NA,45560,NA,NA,NA,NA
M17 [Vaccines],17.4',Vaccine - TT,2. Stocks Received,1017782,NA,NA,NA,NA,520,NA,NA,NA,NA,112480,NA,NA,NA,NA,3570,NA,NA,NA,NA,36540,NA,NA,NA,NA,56960,NA,NA,NA,NA,0,NA,NA,NA,NA,5500,NA,NA,NA,NA,1000,NA,NA,NA,NA,0,NA,NA,NA,NA,13500,NA,NA,NA,NA,NA,NA,NA,NA,NA,29250,NA,NA,NA,NA,9500,NA,NA,NA,NA,590,NA,NA,NA,NA,43000,NA,NA,NA,NA,62500,NA,NA,NA,NA,76910,NA,NA,NA,NA,7500,NA,NA,NA,NA,2000,NA,NA,NA,NA,NA,NA,NA,NA,NA,NA,NA,NA,NA,NA,95000,NA,NA,NA,NA,94614,NA,NA,NA,NA,5840,NA,NA,NA,NA,74,NA,NA,NA,NA,6000,NA,NA,NA,NA,2600,NA,NA,NA,NA,17620,NA,NA,NA,NA,0,NA,NA,NA,NA,41000,NA,NA,NA,NA,35000,NA,NA,NA,NA,1026,NA,NA,NA,NA,102960,NA,NA,NA,NA,0,NA,NA,NA,NA,478,NA,NA,NA,NA,105200,NA,NA,NA,NA,8050,NA,NA,NA,NA,41000,NA,NA,NA,NA
M17 [Vaccines],17.4',Vaccine - TT,3. Unusable Stock,63269,NA,NA,NA,NA,482,NA,NA,NA,NA,1280,NA,NA,NA,NA,20,NA,NA,NA,NA,0,NA,NA,NA,NA,1618,NA,NA,NA,NA,0,NA,NA,NA,NA,0,NA,NA,NA,NA,NA,NA,NA,NA,NA,0,NA,NA,NA,NA,0,NA,NA,NA,NA,NA,NA,NA,NA,NA,2970,NA,NA,NA,NA,0,NA,NA,NA,NA,0,NA,NA,NA,NA,6250,NA,NA,NA,NA,0,NA,NA,NA,NA,180,NA,NA,NA,NA,0,NA,NA,NA,NA,0,NA,NA,NA,NA,NA,NA,NA,NA,NA,NA,NA,NA,NA,NA,390,NA,NA,NA,NA,245,NA,NA,NA,NA,0,NA,NA,NA,NA,0,NA,NA,NA,NA,0,NA,NA,NA,NA,0,NA,NA,NA,NA,0,NA,NA,NA,NA,0,NA,NA,NA,NA,28650,NA,NA,NA,NA,0,NA,NA,NA,NA,1,NA,NA,NA,NA,6235,NA,NA,NA,NA,60,NA,NA,NA,NA,0,NA,NA,NA,NA,14888,NA,NA,NA,NA,0,NA,NA,NA,NA,0,NA,NA,NA,NA
M17 [Vaccines],17.4',Vaccine - TT,4. Stock Distributed,2101032,NA,NA,NA,NA,497,NA,NA,NA,NA,97910,NA,NA,NA,NA,4748,NA,NA,NA,NA,30559,NA,NA,NA,NA,124132,NA,NA,NA,NA,2270,NA,NA,NA,NA,19560,NA,NA,NA,NA,860,NA,NA,NA,NA,0,NA,NA,NA,NA,15540,NA,NA,NA,NA,NA,NA,NA,NA,NA,123170,NA,NA,NA,NA,27520,NA,NA,NA,NA,674,NA,NA,NA,NA,79769,NA,NA,NA,NA,41240,NA,NA,NA,NA,114910,NA,NA,NA,NA,16350,NA,NA,NA,NA,260,NA,NA,NA,NA,NA,NA,NA,NA,NA,NA,NA,NA,NA,NA,189715,NA,NA,NA,NA,89780,NA,NA,NA,NA,14203,NA,NA,NA,NA,2795,NA,NA,NA,NA,1140,NA,NA,NA,NA,2640,NA,NA,NA,NA,65190,NA,NA,NA,NA,101,NA,NA,NA,NA,504590,NA,NA,NA,NA,76890,NA,NA,NA,NA,472,NA,NA,NA,NA,106698,NA,NA,NA,NA,11730,NA,NA,NA,NA,2147,NA,NA,NA,NA,239222,NA,NA,NA,NA,34050,NA,NA,NA,NA,59700,NA,NA,NA,NA
M17 [Vaccines],17.4',Vaccine - TT,5. Total Stock,1691320,NA,NA,NA,NA,3086,NA,NA,NA,NA,41180,NA,NA,NA,NA,11046,NA,NA,NA,NA,26390,NA,NA,NA,NA,140752,NA,NA,NA,NA,0,NA,NA,NA,NA,5830,NA,NA,NA,NA,140,NA,NA,NA,NA,0,NA,NA,NA,NA,4180,NA,NA,NA,NA,0,NA,NA,NA,NA,152340,NA,NA,NA,NA,8430,NA,NA,NA,NA,526,NA,NA,NA,NA,20260,NA,NA,NA,NA,23250,NA,NA,NA,NA,168880,NA,NA,NA,NA,6340,NA,NA,NA,NA,1910,NA,NA,NA,NA,NA,NA,NA,NA,NA,NA,NA,NA,NA,NA,182508,NA,NA,NA,NA,228879,NA,NA,NA,NA,3123,NA,NA,NA,NA,291,NA,NA,NA,NA,4890,NA,NA,NA,NA,1310,NA,NA,NA,NA,29790,NA,NA,NA,NA,0,NA,NA,NA,NA,123960,NA,NA,NA,NA,98290,NA,NA,NA,NA,903,NA,NA,NA,NA,220071,NA,NA,NA,NA,8010,NA,NA,NA,NA,35,NA,NA,NA,NA,136290,NA,NA,NA,NA,11570,NA,NA,NA,NA,26860,NA,NA,NA,NA
M17 [Vaccines],'17.5',Vaccine - DT,1. Balance From Previous Month,256068,NA,NA,NA,NA,0,NA,NA,NA,NA,20160,NA,NA,NA,NA,50,NA,NA,NA,NA,0,NA,NA,NA,NA,1450,NA,NA,NA,NA,0,NA,NA,NA,NA,20000,NA,NA,NA,NA,0,NA,NA,NA,NA,0,NA,NA,NA,NA,0,NA,NA,NA,NA,6390,NA,NA,NA,NA,15560,NA,NA,NA,NA,38020,NA,NA,NA,NA,2900,NA,NA,NA,NA,5000,NA,NA,NA,NA,11900,NA,NA,NA,NA,200,NA,NA,NA,NA,19340,NA,NA,NA,NA,0,NA,NA,NA,NA,NA,NA,NA,NA,NA,NA,NA,NA,NA,NA,43768,NA,NA,NA,NA,4000,NA,NA,NA,NA,0,NA,NA,NA,NA,0,NA,NA,NA,NA,465,NA,NA,NA,NA,390,NA,NA,NA,NA,0,NA,NA,NA,NA,0,NA,NA,NA,NA,0,NA,NA,NA,NA,0,NA,NA,NA,NA,0,NA,NA,NA,NA,42025,NA,NA,NA,NA,0,NA,NA,NA,NA,450,NA,NA,NA,NA,24000,NA,NA,NA,NA,0,NA,NA,NA,NA,0,NA,NA,NA,NA
M17 [Vaccines],17.5',Vaccine - DT,2. Stocks Received,481450,NA,NA,NA,NA,0,NA,NA,NA,NA,24480,NA,NA,NA,NA,500,NA,NA,NA,NA,4300,NA,NA,NA,NA,5150,NA,NA,NA,NA,20000,NA,NA,NA,NA,18000,NA,NA,NA,NA,NA,NA,NA,NA,NA,1250,NA,NA,NA,NA,21000,NA,NA,NA,NA,NA,NA,NA,NA,NA,20000,NA,NA,NA,NA,39800,NA,NA,NA,NA,190,NA,NA,NA,NA,7000,NA,NA,NA,NA,41000,NA,NA,NA,NA,16320,NA,NA,NA,NA,15600,NA,NA,NA,NA,0,NA,NA,NA,NA,NA,NA,NA,NA,NA,NA,NA,NA,NA,NA,15000,NA,NA,NA,NA,0,NA,NA,NA,NA,0,NA,NA,NA,NA,0,NA,NA,NA,NA,5500,NA,NA,NA,NA,0,NA,NA,NA,NA,0,NA,NA,NA,NA,400,NA,NA,NA,NA,0,NA,NA,NA,NA,0,NA,NA,NA,NA,0,NA,NA,NA,NA,42060,NA,NA,NA,NA,0,NA,NA,NA,NA,2900,NA,NA,NA,NA,35000,NA,NA,NA,NA,1000,NA,NA,NA,NA,145000,NA,NA,NA,NA
M17 [Vaccines],17.5',Vaccine - DT,3. Unusable Stock,4437,NA,NA,NA,NA,0,NA,NA,NA,NA,50,NA,NA,NA,NA,0,NA,NA,NA,NA,0,NA,NA,NA,NA,0,NA,NA,NA,NA,0,NA,NA,NA,NA,0,NA,NA,NA,NA,NA,NA,NA,NA,NA,0,NA,NA,NA,NA,0,NA,NA,NA,NA,NA,NA,NA,NA,NA,0,NA,NA,NA,NA,4120,NA,NA,NA,NA,0,NA,NA,NA,NA,0,NA,NA,NA,NA,0,NA,NA,NA,NA,0,NA,NA,NA,NA,0,NA,NA,NA,NA,0,NA,NA,NA,NA,NA,NA,NA,NA,NA,NA,NA,NA,NA,NA,0,NA,NA,NA,NA,0,NA,NA,NA,NA,0,NA,NA,NA,NA,0,NA,NA,NA,NA,0,NA,NA,NA,NA,0,NA,NA,NA,NA,0,NA,NA,NA,NA,0,NA,NA,NA,NA,0,NA,NA,NA,NA,0,NA,NA,NA,NA,0,NA,NA,NA,NA,267,NA,NA,NA,NA,0,NA,NA,NA,NA,0,NA,NA,NA,NA,0,NA,NA,NA,NA,0,NA,NA,NA,NA,0,NA,NA,NA,NA
M17 [Vaccines],17.5',Vaccine - DT,4. Stock Distributed,329147,NA,NA,NA,NA,0,NA,NA,NA,NA,39690,NA,NA,NA,NA,370,NA,NA,NA,NA,4120,NA,NA,NA,NA,5460,NA,NA,NA,NA,500,NA,NA,NA,NA,4900,NA,NA,NA,NA,0,NA,NA,NA,NA,280,NA,NA,NA,NA,12590,NA,NA,NA,NA,1440,NA,NA,NA,NA,0,NA,NA,NA,NA,54410,NA,NA,NA,NA,0,NA,NA,NA,NA,7050,NA,NA,NA,NA,37380,NA,NA,NA,NA,2560,NA,NA,NA,NA,5290,NA,NA,NA,NA,0,NA,NA,NA,NA,NA,NA,NA,NA,NA,NA,NA,NA,NA,NA,25918,NA,NA,NA,NA,4000,NA,NA,NA,NA,0,NA,NA,NA,NA,0,NA,NA,NA,NA,2879,NA,NA,NA,NA,390,NA,NA,NA,NA,0,NA,NA,NA,NA,82,NA,NA,NA,NA,0,NA,NA,NA,NA,0,NA,NA,NA,NA,0,NA,NA,NA,NA,43561,NA,NA,NA,NA,0,NA,NA,NA,NA,3267,NA,NA,NA,NA,27500,NA,NA,NA,NA,100,NA,NA,NA,NA,45410,NA,NA,NA,NA
M17 [Vaccines],17.5',Vaccine - DT,5. Total Stock,403934,NA,NA,NA,NA,0,NA,NA,NA,NA,4900,NA,NA,NA,NA,180,NA,NA,NA,NA,180,NA,NA,NA,NA,1140,NA,NA,NA,NA,19500,NA,NA,NA,NA,33100,NA,NA,NA,NA,0,NA,NA,NA,NA,970,NA,NA,NA,NA,8410,NA,NA,NA,NA,4950,NA,NA,NA,NA,35560,NA,NA,NA,NA,19290,NA,NA,NA,NA,3090,NA,NA,NA,NA,4950,NA,NA,NA,NA,15520,NA,NA,NA,NA,13960,NA,NA,NA,NA,29650,NA,NA,NA,NA,0,NA,NA,NA,NA,NA,NA,NA,NA,NA,NA,NA,NA,NA,NA,32850,NA,NA,NA,NA,0,NA,NA,NA,NA,0,NA,NA,NA,NA,0,NA,NA,NA,NA,3086,NA,NA,NA,NA,0,NA,NA,NA,NA,0,NA,NA,NA,NA,318,NA,NA,NA,NA,0,NA,NA,NA,NA,0,NA,NA,NA,NA,0,NA,NA,NA,NA,40257,NA,NA,NA,NA,0,NA,NA,NA,NA,83,NA,NA,NA,NA,31500,NA,NA,NA,NA,900,NA,NA,NA,NA,99590,NA,NA,NA,NA
M17 [Vaccines],'17.6',Vaccine - BCG,1. Balance From Previous Month,4163352,NA,NA,NA,NA,1330,NA,NA,NA,NA,259330,NA,NA,NA,NA,3714,NA,NA,NA,NA,282170,NA,NA,NA,NA,135527,NA,NA,NA,NA,11910,NA,NA,NA,NA,128150,NA,NA,NA,NA,9300,NA,NA,NA,NA,2660,NA,NA,NA,NA,57670,NA,NA,NA,NA,6330,NA,NA,NA,NA,349790,NA,NA,NA,NA,231830,NA,NA,NA,NA,6866,NA,NA,NA,NA,30919,NA,NA,NA,NA,67615,NA,NA,NA,NA,104020,NA,NA,NA,NA,41260,NA,NA,NA,NA,90,NA,NA,NA,NA,NA,NA,NA,NA,NA,NA,NA,NA,NA,NA,400215,NA,NA,NA,NA,510980,NA,NA,NA,NA,3922,NA,NA,NA,NA,7328,NA,NA,NA,NA,13069,NA,NA,NA,NA,360,NA,NA,NA,NA,193450,NA,NA,NA,NA,7639,NA,NA,NA,NA,87960,NA,NA,NA,NA,71420,NA,NA,NA,NA,6837,NA,NA,NA,NA,226026,NA,NA,NA,NA,214370,NA,NA,NA,NA,515,NA,NA,NA,NA,445690,NA,NA,NA,NA,40570,NA,NA,NA,NA,202520,NA,NA,NA,NA
M17 [Vaccines],17.6',Vaccine - BCG,2. Stocks Received,3041831,NA,NA,NA,NA,570,NA,NA,NA,NA,165000,NA,NA,NA,NA,6160,NA,NA,NA,NA,113180,NA,NA,NA,NA,149718,NA,NA,NA,NA,0,NA,NA,NA,NA,128050,NA,NA,NA,NA,NA,NA,NA,NA,NA,0,NA,NA,NA,NA,27000,NA,NA,NA,NA,3000,NA,NA,NA,NA,161580,NA,NA,NA,NA,159080,NA,NA,NA,NA,4025,NA,NA,NA,NA,25550,NA,NA,NA,NA,144500,NA,NA,NA,NA,159920,NA,NA,NA,NA,56500,NA,NA,NA,NA,1000,NA,NA,NA,NA,NA,NA,NA,NA,NA,NA,NA,NA,NA,NA,228000,NA,NA,NA,NA,180122,NA,NA,NA,NA,4870,NA,NA,NA,NA,11100,NA,NA,NA,NA,3550,NA,NA,NA,NA,9040,NA,NA,NA,NA,162420,NA,NA,NA,NA,100,NA,NA,NA,NA,66000,NA,NA,NA,NA,52500,NA,NA,NA,NA,30,NA,NA,NA,NA,89380,NA,NA,NA,NA,83000,NA,NA,NA,NA,5576,NA,NA,NA,NA,716810,NA,NA,NA,NA,24500,NA,NA,NA,NA,100000,NA,NA,NA,NA
M17 [Vaccines],17.6',Vaccine - BCG,3. Unusable Stock,332981,NA,NA,NA,NA,256,NA,NA,NA,NA,107710,NA,NA,NA,NA,113,NA,NA,NA,NA,0,NA,NA,NA,NA,1850,NA,NA,NA,NA,0,NA,NA,NA,NA,8600,NA,NA,NA,NA,NA,NA,NA,NA,NA,0,NA,NA,NA,NA,0,NA,NA,NA,NA,NA,NA,NA,NA,NA,37400,NA,NA,NA,NA,4860,NA,NA,NA,NA,0,NA,NA,NA,NA,1150,NA,NA,NA,NA,0,NA,NA,NA,NA,0,NA,NA,NA,NA,0,NA,NA,NA,NA,0,NA,NA,NA,NA,NA,NA,NA,NA,NA,NA,NA,NA,NA,NA,13640,NA,NA,NA,NA,115,NA,NA,NA,NA,0,NA,NA,NA,NA,0,NA,NA,NA,NA,0,NA,NA,NA,NA,20,NA,NA,NA,NA,0,NA,NA,NA,NA,0,NA,NA,NA,NA,4500,NA,NA,NA,NA,0,NA,NA,NA,NA,1,NA,NA,NA,NA,10544,NA,NA,NA,NA,6520,NA,NA,NA,NA,0,NA,NA,NA,NA,100922,NA,NA,NA,NA,0,NA,NA,NA,NA,34780,NA,NA,NA,NA
M17 [Vaccines],17.6',Vaccine - BCG,4. Stock Distributed,2833747,NA,NA,NA,NA,324,NA,NA,NA,NA,145690,NA,NA,NA,NA,5473,NA,NA,NA,NA,125685,NA,NA,NA,NA,146280,NA,NA,NA,NA,2800,NA,NA,NA,NA,106490,NA,NA,NA,NA,2300,NA,NA,NA,NA,780,NA,NA,NA,NA,37590,NA,NA,NA,NA,1800,NA,NA,NA,NA,153700,NA,NA,NA,NA,130560,NA,NA,NA,NA,7146,NA,NA,NA,NA,33500,NA,NA,NA,NA,131198,NA,NA,NA,NA,146300,NA,NA,NA,NA,49100,NA,NA,NA,NA,260,NA,NA,NA,NA,NA,NA,NA,NA,NA,NA,NA,NA,NA,NA,252410,NA,NA,NA,NA,242502,NA,NA,NA,NA,6418,NA,NA,NA,NA,7156,NA,NA,NA,NA,4375,NA,NA,NA,NA,5780,NA,NA,NA,NA,133280,NA,NA,NA,NA,4124,NA,NA,NA,NA,60480,NA,NA,NA,NA,57670,NA,NA,NA,NA,161,NA,NA,NA,NA,87690,NA,NA,NA,NA,79340,NA,NA,NA,NA,4302,NA,NA,NA,NA,511233,NA,NA,NA,NA,31290,NA,NA,NA,NA,118560,NA,NA,NA,NA
M17 [Vaccines],17.6',Vaccine - BCG,5. Total Stock,4038455,NA,NA,NA,NA,1320,NA,NA,NA,NA,170930,NA,NA,NA,NA,4288,NA,NA,NA,NA,269665,NA,NA,NA,NA,137115,NA,NA,NA,NA,9110,NA,NA,NA,NA,141110,NA,NA,NA,NA,7000,NA,NA,NA,NA,1880,NA,NA,NA,NA,47080,NA,NA,NA,NA,7530,NA,NA,NA,NA,320270,NA,NA,NA,NA,255490,NA,NA,NA,NA,3745,NA,NA,NA,NA,21819,NA,NA,NA,NA,80917,NA,NA,NA,NA,117640,NA,NA,NA,NA,48660,NA,NA,NA,NA,830,NA,NA,NA,NA,NA,NA,NA,NA,NA,NA,NA,NA,NA,NA,362165,NA,NA,NA,NA,448485,NA,NA,NA,NA,2374,NA,NA,NA,NA,11272,NA,NA,NA,NA,12244,NA,NA,NA,NA,3600,NA,NA,NA,NA,222590,NA,NA,NA,NA,3615,NA,NA,NA,NA,88980,NA,NA,NA,NA,66250,NA,NA,NA,NA,6705,NA,NA,NA,NA,217172,NA,NA,NA,NA,211510,NA,NA,NA,NA,1789,NA,NA,NA,NA,550345,NA,NA,NA,NA,33780,NA,NA,NA,NA,149180,NA,NA,NA,NA
M17 [Vaccines],'17.7',Vaccine - Measles,1. Balance From Previous Month,311147,NA,NA,NA,NA,170,NA,NA,NA,NA,0,NA,NA,NA,NA,526,NA,NA,NA,NA,30820,NA,NA,NA,NA,10365,NA,NA,NA,NA,0,NA,NA,NA,NA,530,NA,NA,NA,NA,0,NA,NA,NA,NA,0,NA,NA,NA,NA,0,NA,NA,NA,NA,NA,NA,NA,NA,NA,18920,NA,NA,NA,NA,6490,NA,NA,NA,NA,0,NA,NA,NA,NA,4055,NA,NA,NA,NA,0,NA,NA,NA,NA,0,NA,NA,NA,NA,0,NA,NA,NA,NA,0,NA,NA,NA,NA,NA,NA,NA,NA,NA,NA,NA,NA,NA,NA,16075,NA,NA,NA,NA,34970,NA,NA,NA,NA,0,NA,NA,NA,NA,2433,NA,NA,NA,NA,500,NA,NA,NA,NA,0,NA,NA,NA,NA,0,NA,NA,NA,NA,0,NA,NA,NA,NA,0,NA,NA,NA,NA,65830,NA,NA,NA,NA,9617,NA,NA,NA,NA,166,NA,NA,NA,NA,4250,NA,NA,NA,NA,0,NA,NA,NA,NA,62370,NA,NA,NA,NA,0,NA,NA,NA,NA,43060,NA,NA,NA,NA
M17 [Vaccines],17.7',Vaccine - Measles,2. Stocks Received,229695,NA,NA,NA,NA,170,NA,NA,NA,NA,0,NA,NA,NA,NA,520,NA,NA,NA,NA,13500,NA,NA,NA,NA,21905,NA,NA,NA,NA,0,NA,NA,NA,NA,13000,NA,NA,NA,NA,NA,NA,NA,NA,NA,0,NA,NA,NA,NA,0,NA,NA,NA,NA,NA,NA,NA,NA,NA,15000,NA,NA,NA,NA,9500,NA,NA,NA,NA,0,NA,NA,NA,NA,11050,NA,NA,NA,NA,0,NA,NA,NA,NA,0,NA,NA,NA,NA,0,NA,NA,NA,NA,0,NA,NA,NA,NA,NA,NA,NA,NA,NA,NA,NA,NA,NA,NA,0,NA,NA,NA,NA,19000,NA,NA,NA,NA,0,NA,NA,NA,NA,50,NA,NA,NA,NA,500,NA,NA,NA,NA,0,NA,NA,NA,NA,0,NA,NA,NA,NA,0,NA,NA,NA,NA,0,NA,NA,NA,NA,45000,NA,NA,NA,NA,500,NA,NA,NA,NA,0,NA,NA,NA,NA,35000,NA,NA,NA,NA,0,NA,NA,NA,NA,45000,NA,NA,NA,NA,0,NA,NA,NA,NA,0,NA,NA,NA,NA
M17 [Vaccines],17.7',Vaccine - Measles,3. Unusable Stock,295,NA,NA,NA,NA,70,NA,NA,NA,NA,0,NA,NA,NA,NA,0,NA,NA,NA,NA,0,NA,NA,NA,NA,0,NA,NA,NA,NA,0,NA,NA,NA,NA,0,NA,NA,NA,NA,NA,NA,NA,NA,NA,0,NA,NA,NA,NA,0,NA,NA,NA,NA,NA,NA,NA,NA,NA,0,NA,NA,NA,NA,0,NA,NA,NA,NA,0,NA,NA,NA,NA,225,NA,NA,NA,NA,0,NA,NA,NA,NA,0,NA,NA,NA,NA,0,NA,NA,NA,NA,0,NA,NA,NA,NA,NA,NA,NA,NA,NA,NA,NA,NA,NA,NA,0,NA,NA,NA,NA,0,NA,NA,NA,NA,0,NA,NA,NA,NA,0,NA,NA,NA,NA,0,NA,NA,NA,NA,0,NA,NA,NA,NA,0,NA,NA,NA,NA,0,NA,NA,NA,NA,0,NA,NA,NA,NA,0,NA,NA,NA,NA,0,NA,NA,NA,NA,0,NA,NA,NA,NA,0,NA,NA,NA,NA,0,NA,NA,NA,NA,0,NA,NA,NA,NA,0,NA,NA,NA,NA,0,NA,NA,NA,NA
M17 [Vaccines],17.7',Vaccine - Measles,4. Stock Distributed,239096,NA,NA,NA,NA,124,NA,NA,NA,NA,0,NA,NA,NA,NA,538,NA,NA,NA,NA,3600,NA,NA,NA,NA,23725,NA,NA,NA,NA,0,NA,NA,NA,NA,10990,NA,NA,NA,NA,0,NA,NA,NA,NA,0,NA,NA,NA,NA,0,NA,NA,NA,NA,NA,NA,NA,NA,NA,16480,NA,NA,NA,NA,7950,NA,NA,NA,NA,0,NA,NA,NA,NA,8545,NA,NA,NA,NA,0,NA,NA,NA,NA,0,NA,NA,NA,NA,0,NA,NA,NA,NA,0,NA,NA,NA,NA,NA,NA,NA,NA,NA,NA,NA,NA,NA,NA,9000,NA,NA,NA,NA,17830,NA,NA,NA,NA,0,NA,NA,NA,NA,1852,NA,NA,NA,NA,500,NA,NA,NA,NA,0,NA,NA,NA,NA,0,NA,NA,NA,NA,0,NA,NA,NA,NA,0,NA,NA,NA,NA,45250,NA,NA,NA,NA,102,NA,NA,NA,NA,0,NA,NA,NA,NA,23150,NA,NA,NA,NA,0,NA,NA,NA,NA,59080,NA,NA,NA,NA,0,NA,NA,NA,NA,10380,NA,NA,NA,NA
M17 [Vaccines],17.7',Vaccine - Measles,5. Total Stock,301451,NA,NA,NA,NA,146,NA,NA,NA,NA,0,NA,NA,NA,NA,508,NA,NA,NA,NA,40720,NA,NA,NA,NA,8545,NA,NA,NA,NA,0,NA,NA,NA,NA,2540,NA,NA,NA,NA,0,NA,NA,NA,NA,0,NA,NA,NA,NA,0,NA,NA,NA,NA,0,NA,NA,NA,NA,17440,NA,NA,NA,NA,8040,NA,NA,NA,NA,0,NA,NA,NA,NA,6335,NA,NA,NA,NA,0,NA,NA,NA,NA,0,NA,NA,NA,NA,0,NA,NA,NA,NA,0,NA,NA,NA,NA,NA,NA,NA,NA,NA,NA,NA,NA,NA,NA,7075,NA,NA,NA,NA,36140,NA,NA,NA,NA,0,NA,NA,NA,NA,631,NA,NA,NA,NA,500,NA,NA,NA,NA,0,NA,NA,NA,NA,0,NA,NA,NA,NA,0,NA,NA,NA,NA,0,NA,NA,NA,NA,65580,NA,NA,NA,NA,10015,NA,NA,NA,NA,166,NA,NA,NA,NA,16100,NA,NA,NA,NA,0,NA,NA,NA,NA,48290,NA,NA,NA,NA,0,NA,NA,NA,NA,32680,NA,NA,NA,NA
M17 [Vaccines],'17.8',Vaccine - JE,1. Balance From Previous Month,730620,NA,NA,NA,NA,0,NA,NA,NA,NA,87365,NA,NA,NA,NA,1495,NA,NA,NA,NA,31928,NA,NA,NA,NA,26803,NA,NA,NA,NA,0,NA,NA,NA,NA,3020,NA,NA,NA,NA,0,NA,NA,NA,NA,0,NA,NA,NA,NA,0,NA,NA,NA,NA,8800,NA,NA,NA,NA,0,NA,NA,NA,NA,38270,NA,NA,NA,NA,0,NA,NA,NA,NA,0,NA,NA,NA,NA,9803,NA,NA,NA,NA,31505,NA,NA,NA,NA,8650,NA,NA,NA,NA,0,NA,NA,NA,NA,NA,NA,NA,NA,NA,NA,NA,NA,NA,NA,1700,NA,NA,NA,NA,109565,NA,NA,NA,NA,5176,NA,NA,NA,NA,1317,NA,NA,NA,NA,0,NA,NA,NA,NA,3585,NA,NA,NA,NA,36437,NA,NA,NA,NA,0,NA,NA,NA,NA,0,NA,NA,NA,NA,0,NA,NA,NA,NA,0,NA,NA,NA,NA,167305,NA,NA,NA,NA,95430,NA,NA,NA,NA,1171,NA,NA,NA,NA,39370,NA,NA,NA,NA,0,NA,NA,NA,NA,21925,NA,NA,NA,NA
M17 [Vaccines],17.8',Vaccine - JE,2. Stocks Received,1023373,NA,NA,NA,NA,0,NA,NA,NA,NA,69500,NA,NA,NA,NA,2700,NA,NA,NA,NA,42600,NA,NA,NA,NA,98601,NA,NA,NA,NA,0,NA,NA,NA,NA,4000,NA,NA,NA,NA,NA,NA,NA,NA,NA,0,NA,NA,NA,NA,0,NA,NA,NA,NA,NA,NA,NA,NA,NA,0,NA,NA,NA,NA,43500,NA,NA,NA,NA,0,NA,NA,NA,NA,0,NA,NA,NA,NA,43400,NA,NA,NA,NA,10500,NA,NA,NA,NA,5000,NA,NA,NA,NA,0,NA,NA,NA,NA,NA,NA,NA,NA,NA,NA,NA,NA,NA,NA,1500,NA,NA,NA,NA,44000,NA,NA,NA,NA,3600,NA,NA,NA,NA,4130,NA,NA,NA,NA,0,NA,NA,NA,NA,8830,NA,NA,NA,NA,132950,NA,NA,NA,NA,0,NA,NA,NA,NA,0,NA,NA,NA,NA,0,NA,NA,NA,NA,0,NA,NA,NA,NA,79695,NA,NA,NA,NA,103700,NA,NA,NA,NA,7167,NA,NA,NA,NA,63000,NA,NA,NA,NA,0,NA,NA,NA,NA,255000,NA,NA,NA,NA
M17 [Vaccines],17.8',Vaccine - JE,3. Unusable Stock,63771,NA,NA,NA,NA,0,NA,NA,NA,NA,44925,NA,NA,NA,NA,0,NA,NA,NA,NA,0,NA,NA,NA,NA,0,NA,NA,NA,NA,0,NA,NA,NA,NA,0,NA,NA,NA,NA,NA,NA,NA,NA,NA,0,NA,NA,NA,NA,0,NA,NA,NA,NA,NA,NA,NA,NA,NA,0,NA,NA,NA,NA,0,NA,NA,NA,NA,0,NA,NA,NA,NA,0,NA,NA,NA,NA,0,NA,NA,NA,NA,0,NA,NA,NA,NA,0,NA,NA,NA,NA,0,NA,NA,NA,NA,NA,NA,NA,NA,NA,NA,NA,NA,NA,NA,0,NA,NA,NA,NA,25,NA,NA,NA,NA,0,NA,NA,NA,NA,185,NA,NA,NA,NA,0,NA,NA,NA,NA,0,NA,NA,NA,NA,0,NA,NA,NA,NA,0,NA,NA,NA,NA,0,NA,NA,NA,NA,0,NA,NA,NA,NA,0,NA,NA,NA,NA,7205,NA,NA,NA,NA,4550,NA,NA,NA,NA,0,NA,NA,NA,NA,6881,NA,NA,NA,NA,0,NA,NA,NA,NA,0,NA,NA,NA,NA
M17 [Vaccines],17.8',Vaccine - JE,4. Stock Distributed,967777,NA,NA,NA,NA,0,NA,NA,NA,NA,69540,NA,NA,NA,NA,1570,NA,NA,NA,NA,51892,NA,NA,NA,NA,89858,NA,NA,NA,NA,0,NA,NA,NA,NA,908,NA,NA,NA,NA,0,NA,NA,NA,NA,0,NA,NA,NA,NA,0,NA,NA,NA,NA,4650,NA,NA,NA,NA,0,NA,NA,NA,NA,35325,NA,NA,NA,NA,0,NA,NA,NA,NA,0,NA,NA,NA,NA,32375,NA,NA,NA,NA,33930,NA,NA,NA,NA,10750,NA,NA,NA,NA,0,NA,NA,NA,NA,NA,NA,NA,NA,NA,NA,NA,NA,NA,NA,1700,NA,NA,NA,NA,63280,NA,NA,NA,NA,4105,NA,NA,NA,NA,2991,NA,NA,NA,NA,0,NA,NA,NA,NA,4810,NA,NA,NA,NA,134614,NA,NA,NA,NA,0,NA,NA,NA,NA,0,NA,NA,NA,NA,0,NA,NA,NA,NA,0,NA,NA,NA,NA,73876,NA,NA,NA,NA,86180,NA,NA,NA,NA,6034,NA,NA,NA,NA,71014,NA,NA,NA,NA,0,NA,NA,NA,NA,188375,NA,NA,NA,NA
M17 [Vaccines],17.8',Vaccine - JE,5. Total Stock,722445,NA,NA,NA,NA,0,NA,NA,NA,NA,42400,NA,NA,NA,NA,2625,NA,NA,NA,NA,22636,NA,NA,NA,NA,35546,NA,NA,NA,NA,0,NA,NA,NA,NA,6112,NA,NA,NA,NA,0,NA,NA,NA,NA,0,NA,NA,NA,NA,0,NA,NA,NA,NA,4150,NA,NA,NA,NA,0,NA,NA,NA,NA,46445,NA,NA,NA,NA,0,NA,NA,NA,NA,0,NA,NA,NA,NA,20828,NA,NA,NA,NA,8075,NA,NA,NA,NA,2900,NA,NA,NA,NA,0,NA,NA,NA,NA,NA,NA,NA,NA,NA,NA,NA,NA,NA,NA,1500,NA,NA,NA,NA,90260,NA,NA,NA,NA,4671,NA,NA,NA,NA,2271,NA,NA,NA,NA,0,NA,NA,NA,NA,7605,NA,NA,NA,NA,34773,NA,NA,NA,NA,0,NA,NA,NA,NA,0,NA,NA,NA,NA,0,NA,NA,NA,NA,0,NA,NA,NA,NA,165919,NA,NA,NA,NA,108400,NA,NA,NA,NA,2304,NA,NA,NA,NA,24475,NA,NA,NA,NA,0,NA,NA,NA,NA,88550,NA,NA,NA,NA
M17 [Vaccines],'17.9',Vaccine - Hepatitis B,1. Balance From Previous Month,539714,NA,NA,NA,NA,567,NA,NA,NA,NA,40210,NA,NA,NA,NA,578,NA,NA,NA,NA,13994,NA,NA,NA,NA,6035,NA,NA,NA,NA,0,NA,NA,NA,NA,10600,NA,NA,NA,NA,2000,NA,NA,NA,NA,1340,NA,NA,NA,NA,3068,NA,NA,NA,NA,380,NA,NA,NA,NA,38220,NA,NA,NA,NA,9210,NA,NA,NA,NA,414,NA,NA,NA,NA,5607,NA,NA,NA,NA,8756,NA,NA,NA,NA,2740,NA,NA,NA,NA,10810,NA,NA,NA,NA,820,NA,NA,NA,NA,NA,NA,NA,NA,NA,NA,NA,NA,NA,NA,69817,NA,NA,NA,NA,38102,NA,NA,NA,NA,644,NA,NA,NA,NA,476,NA,NA,NA,NA,1130,NA,NA,NA,NA,1910,NA,NA,NA,NA,11150,NA,NA,NA,NA,8616,NA,NA,NA,NA,1820,NA,NA,NA,NA,55590,NA,NA,NA,NA,9448,NA,NA,NA,NA,93448,NA,NA,NA,NA,22440,NA,NA,NA,NA,64,NA,NA,NA,NA,40480,NA,NA,NA,NA,9190,NA,NA,NA,NA,20040,NA,NA,NA,NA
M17 [Vaccines],17.9',Vaccine - Hepatitis B,2. Stocks Received,1017856,NA,NA,NA,NA,400,NA,NA,NA,NA,42060,NA,NA,NA,NA,1100,NA,NA,NA,NA,40896,NA,NA,NA,NA,24962,NA,NA,NA,NA,16760,NA,NA,NA,NA,45120,NA,NA,NA,NA,NA,NA,NA,NA,NA,0,NA,NA,NA,NA,33500,NA,NA,NA,NA,7000,NA,NA,NA,NA,35370,NA,NA,NA,NA,42750,NA,NA,NA,NA,2865,NA,NA,NA,NA,7010,NA,NA,NA,NA,66380,NA,NA,NA,NA,97850,NA,NA,NA,NA,9450,NA,NA,NA,NA,0,NA,NA,NA,NA,NA,NA,NA,NA,NA,NA,NA,NA,NA,NA,78620,NA,NA,NA,NA,41321,NA,NA,NA,NA,2093,NA,NA,NA,NA,5270,NA,NA,NA,NA,3750,NA,NA,NA,NA,5560,NA,NA,NA,NA,85480,NA,NA,NA,NA,50,NA,NA,NA,NA,53700,NA,NA,NA,NA,10000,NA,NA,NA,NA,236,NA,NA,NA,NA,67270,NA,NA,NA,NA,32200,NA,NA,NA,NA,2853,NA,NA,NA,NA,43000,NA,NA,NA,NA,19980,NA,NA,NA,NA,93000,NA,NA,NA,NA
M17 [Vaccines],17.9',Vaccine - Hepatitis B,3. Unusable Stock,52413,NA,NA,NA,NA,219,NA,NA,NA,NA,15430,NA,NA,NA,NA,190,NA,NA,NA,NA,0,NA,NA,NA,NA,0,NA,NA,NA,NA,0,NA,NA,NA,NA,2110,NA,NA,NA,NA,NA,NA,NA,NA,NA,0,NA,NA,NA,NA,0,NA,NA,NA,NA,NA,NA,NA,NA,NA,5090,NA,NA,NA,NA,3900,NA,NA,NA,NA,0,NA,NA,NA,NA,60,NA,NA,NA,NA,0,NA,NA,NA,NA,0,NA,NA,NA,NA,0,NA,NA,NA,NA,0,NA,NA,NA,NA,NA,NA,NA,NA,NA,NA,NA,NA,NA,NA,1620,NA,NA,NA,NA,0,NA,NA,NA,NA,60,NA,NA,NA,NA,356,NA,NA,NA,NA,0,NA,NA,NA,NA,0,NA,NA,NA,NA,0,NA,NA,NA,NA,0,NA,NA,NA,NA,2320,NA,NA,NA,NA,0,NA,NA,NA,NA,1,NA,NA,NA,NA,11329,NA,NA,NA,NA,1800,NA,NA,NA,NA,0,NA,NA,NA,NA,2218,NA,NA,NA,NA,0,NA,NA,NA,NA,5710,NA,NA,NA,NA
M17 [Vaccines],17.9',Vaccine - Hepatitis B,4. Stock Distributed,885999,NA,NA,NA,NA,336,NA,NA,NA,NA,55230,NA,NA,NA,NA,932,NA,NA,NA,NA,39004,NA,NA,NA,NA,23453,NA,NA,NA,NA,3380,NA,NA,NA,NA,34670,NA,NA,NA,NA,1200,NA,NA,NA,NA,320,NA,NA,NA,NA,21470,NA,NA,NA,NA,2530,NA,NA,NA,NA,33820,NA,NA,NA,NA,18250,NA,NA,NA,NA,2483,NA,NA,NA,NA,9625,NA,NA,NA,NA,46771,NA,NA,NA,NA,71410,NA,NA,NA,NA,13700,NA,NA,NA,NA,220,NA,NA,NA,NA,NA,NA,NA,NA,NA,NA,NA,NA,NA,NA,86554,NA,NA,NA,NA,59583,NA,NA,NA,NA,1560,NA,NA,NA,NA,4174,NA,NA,NA,NA,1759,NA,NA,NA,NA,2900,NA,NA,NA,NA,68600,NA,NA,NA,NA,4312,NA,NA,NA,NA,28970,NA,NA,NA,NA,12770,NA,NA,NA,NA,114,NA,NA,NA,NA,66507,NA,NA,NA,NA,34690,NA,NA,NA,NA,2330,NA,NA,NA,NA,53212,NA,NA,NA,NA,11630,NA,NA,NA,NA,67530,NA,NA,NA,NA
M17 [Vaccines],17.9',Vaccine - Hepatitis B,5. Total Stock,645385,NA,NA,NA,NA,412,NA,NA,NA,NA,29730,NA,NA,NA,NA,596,NA,NA,NA,NA,15886,NA,NA,NA,NA,7573,NA,NA,NA,NA,13380,NA,NA,NA,NA,20980,NA,NA,NA,NA,800,NA,NA,NA,NA,1020,NA,NA,NA,NA,15098,NA,NA,NA,NA,4850,NA,NA,NA,NA,36630,NA,NA,NA,NA,29800,NA,NA,NA,NA,796,NA,NA,NA,NA,2932,NA,NA,NA,NA,25575,NA,NA,NA,NA,22510,NA,NA,NA,NA,6560,NA,NA,NA,NA,600,NA,NA,NA,NA,NA,NA,NA,NA,NA,NA,NA,NA,NA,NA,84372,NA,NA,NA,NA,16980,NA,NA,NA,NA,977,NA,NA,NA,NA,1370,NA,NA,NA,NA,3621,NA,NA,NA,NA,4570,NA,NA,NA,NA,28030,NA,NA,NA,NA,4354,NA,NA,NA,NA,27850,NA,NA,NA,NA,52820,NA,NA,NA,NA,9569,NA,NA,NA,NA,82882,NA,NA,NA,NA,18550,NA,NA,NA,NA,587,NA,NA,NA,NA,22985,NA,NA,NA,NA,17540,NA,NA,NA,NA,32600,NA,NA,NA,NA
M17 [Vaccines],'17.10',Vaccine - Typhoid,1. Balance From Previous Month,26003,NA,NA,NA,NA,13,NA,NA,NA,NA,0,NA,NA,NA,NA,0,NA,NA,NA,NA,250,NA,NA,NA,NA,1400,NA,NA,NA,NA,0,NA,NA,NA,NA,0,NA,NA,NA,NA,0,NA,NA,NA,NA,0,NA,NA,NA,NA,0,NA,NA,NA,NA,NA,NA,NA,NA,NA,0,NA,NA,NA,NA,0,NA,NA,NA,NA,0,NA,NA,NA,NA,0,NA,NA,NA,NA,0,NA,NA,NA,NA,0,NA,NA,NA,NA,0,NA,NA,NA,NA,0,NA,NA,NA,NA,NA,NA,NA,NA,NA,NA,NA,NA,NA,NA,9888,NA,NA,NA,NA,0,NA,NA,NA,NA,NA,NA,NA,NA,NA,0,NA,NA,NA,NA,0,NA,NA,NA,NA,0,NA,NA,NA,NA,0,NA,NA,NA,NA,0,NA,NA,NA,NA,0,NA,NA,NA,NA,0,NA,NA,NA,NA,0,NA,NA,NA,NA,0,NA,NA,NA,NA,0,NA,NA,NA,NA,0,NA,NA,NA,NA,14452,NA,NA,NA,NA,0,NA,NA,NA,NA,0,NA,NA,NA,NA
M17 [Vaccines],17.10',Vaccine - Typhoid,2. Stocks Received,15900,NA,NA,NA,NA,0,NA,NA,NA,NA,0,NA,NA,NA,NA,0,NA,NA,NA,NA,300,NA,NA,NA,NA,3600,NA,NA,NA,NA,0,NA,NA,NA,NA,0,NA,NA,NA,NA,NA,NA,NA,NA,NA,0,NA,NA,NA,NA,0,NA,NA,NA,NA,NA,NA,NA,NA,NA,0,NA,NA,NA,NA,0,NA,NA,NA,NA,0,NA,NA,NA,NA,0,NA,NA,NA,NA,0,NA,NA,NA,NA,0,NA,NA,NA,NA,0,NA,NA,NA,NA,0,NA,NA,NA,NA,NA,NA,NA,NA,NA,NA,NA,NA,NA,NA,8000,NA,NA,NA,NA,0,NA,NA,NA,NA,NA,NA,NA,NA,NA,0,NA,NA,NA,NA,0,NA,NA,NA,NA,0,NA,NA,NA,NA,0,NA,NA,NA,NA,0,NA,NA,NA,NA,0,NA,NA,NA,NA,0,NA,NA,NA,NA,0,NA,NA,NA,NA,0,NA,NA,NA,NA,0,NA,NA,NA,NA,0,NA,NA,NA,NA,4000,NA,NA,NA,NA,0,NA,NA,NA,NA,0,NA,NA,NA,NA
M17 [Vaccines],17.10',Vaccine - Typhoid,3. Unusable Stock,13,NA,NA,NA,NA,13,NA,NA,NA,NA,0,NA,NA,NA,NA,0,NA,NA,NA,NA,0,NA,NA,NA,NA,0,NA,NA,NA,NA,0,NA,NA,NA,NA,0,NA,NA,NA,NA,NA,NA,NA,NA,NA,0,NA,NA,NA,NA,0,NA,NA,NA,NA,NA,NA,NA,NA,NA,0,NA,NA,NA,NA,0,NA,NA,NA,NA,0,NA,NA,NA,NA,0,NA,NA,NA,NA,0,NA,NA,NA,NA,0,NA,NA,NA,NA,0,NA,NA,NA,NA,0,NA,NA,NA,NA,NA,NA,NA,NA,NA,NA,NA,NA,NA,NA,0,NA,NA,NA,NA,0,NA,NA,NA,NA,NA,NA,NA,NA,NA,0,NA,NA,NA,NA,0,NA,NA,NA,NA,0,NA,NA,NA,NA,0,NA,NA,NA,NA,0,NA,NA,NA,NA,0,NA,NA,NA,NA,0,NA,NA,NA,NA,0,NA,NA,NA,NA,0,NA,NA,NA,NA,0,NA,NA,NA,NA,NA,NA,NA,NA,NA,0,NA,NA,NA,NA,0,NA,NA,NA,NA,0,NA,NA,NA,NA
M17 [Vaccines],17.10',Vaccine - Typhoid,4. Stock Distributed,19848,NA,NA,NA,NA,0,NA,NA,NA,NA,0,NA,NA,NA,NA,0,NA,NA,NA,NA,380,NA,NA,NA,NA,4600,NA,NA,NA,NA,0,NA,NA,NA,NA,0,NA,NA,NA,NA,0,NA,NA,NA,NA,0,NA,NA,NA,NA,0,NA,NA,NA,NA,NA,NA,NA,NA,NA,0,NA,NA,NA,NA,0,NA,NA,NA,NA,0,NA,NA,NA,NA,0,NA,NA,NA,NA,0,NA,NA,NA,NA,0,NA,NA,NA,NA,0,NA,NA,NA,NA,0,NA,NA,NA,NA,NA,NA,NA,NA,NA,NA,NA,NA,NA,NA,7812,NA,NA,NA,NA,0,NA,NA,NA,NA,NA,NA,NA,NA,NA,0,NA,NA,NA,NA,0,NA,NA,NA,NA,0,NA,NA,NA,NA,0,NA,NA,NA,NA,0,NA,NA,NA,NA,0,NA,NA,NA,NA,0,NA,NA,NA,NA,0,NA,NA,NA,NA,0,NA,NA,NA,NA,0,NA,NA,NA,NA,0,NA,NA,NA,NA,7056,NA,NA,NA,NA,0,NA,NA,NA,NA,0,NA,NA,NA,NA
M17 [Vaccines],17.10',Vaccine - Typhoid,5. Total Stock,21642,NA,NA,NA,NA,0,NA,NA,NA,NA,0,NA,NA,NA,NA,0,NA,NA,NA,NA,170,NA,NA,NA,NA,0,NA,NA,NA,NA,0,NA,NA,NA,NA,0,NA,NA,NA,NA,0,NA,NA,NA,NA,0,NA,NA,NA,NA,0,NA,NA,NA,NA,NA,NA,NA,NA,NA,0,NA,NA,NA,NA,0,NA,NA,NA,NA,0,NA,NA,NA,NA,0,NA,NA,NA,NA,0,NA,NA,NA,NA,0,NA,NA,NA,NA,0,NA,NA,NA,NA,0,NA,NA,NA,NA,NA,NA,NA,NA,NA,NA,NA,NA,NA,NA,10076,NA,NA,NA,NA,0,NA,NA,NA,NA,NA,NA,NA,NA,NA,0,NA,NA,NA,NA,0,NA,NA,NA,NA,0,NA,NA,NA,NA,0,NA,NA,NA,NA,0,NA,NA,NA,NA,0,NA,NA,NA,NA,0,NA,NA,NA,NA,0,NA,NA,NA,NA,0,NA,NA,NA,NA,0,NA,NA,NA,NA,0,NA,NA,NA,NA,11396,NA,NA,NA,NA,0,NA,NA,NA,NA,0,NA,NA,NA,NA
M17 [Vaccines],'17.11',Vaccine - Vitamin K,1. Balance From Previous Month,312995,NA,NA,NA,NA,727,NA,NA,NA,NA,0,NA,NA,NA,NA,0,NA,NA,NA,NA,8610,NA,NA,NA,NA,0,NA,NA,NA,NA,0,NA,NA,NA,NA,0,NA,NA,NA,NA,3071,NA,NA,NA,NA,0,NA,NA,NA,NA,0,NA,NA,NA,NA,NA,NA,NA,NA,NA,4590,NA,NA,NA,NA,0,NA,NA,NA,NA,5539,NA,NA,NA,NA,375,NA,NA,NA,NA,0,NA,NA,NA,NA,0,NA,NA,NA,NA,0,NA,NA,NA,NA,0,NA,NA,NA,NA,NA,NA,NA,NA,NA,NA,NA,NA,NA,NA,57942,NA,NA,NA,NA,72145,NA,NA,NA,NA,NA,NA,NA,NA,NA,101,NA,NA,NA,NA,0,NA,NA,NA,NA,0,NA,NA,NA,NA,17010,NA,NA,NA,NA,0,NA,NA,NA,NA,0,NA,NA,NA,NA,18650,NA,NA,NA,NA,100,NA,NA,NA,NA,75975,NA,NA,NA,NA,0,NA,NA,NA,NA,0,NA,NA,NA,NA,1000,NA,NA,NA,NA,0,NA,NA,NA,NA,47160,NA,NA,NA,NA
M17 [Vaccines],17.11',Vaccine - Vitamin K,2. Stocks Received,48506,NA,NA,NA,NA,100,NA,NA,NA,NA,0,NA,NA,NA,NA,0,NA,NA,NA,NA,0,NA,NA,NA,NA,0,NA,NA,NA,NA,0,NA,NA,NA,NA,0,NA,NA,NA,NA,NA,NA,NA,NA,NA,0,NA,NA,NA,NA,0,NA,NA,NA,NA,NA,NA,NA,NA,NA,0,NA,NA,NA,NA,0,NA,NA,NA,NA,0,NA,NA,NA,NA,0,NA,NA,NA,NA,0,NA,NA,NA,NA,0,NA,NA,NA,NA,0,NA,NA,NA,NA,0,NA,NA,NA,NA,NA,NA,NA,NA,NA,NA,NA,NA,NA,NA,14000,NA,NA,NA,NA,16300,NA,NA,NA,NA,NA,NA,NA,NA,NA,0,NA,NA,NA,NA,0,NA,NA,NA,NA,0,NA,NA,NA,NA,10240,NA,NA,NA,NA,0,NA,NA,NA,NA,0,NA,NA,NA,NA,0,NA,NA,NA,NA,0,NA,NA,NA,NA,7866,NA,NA,NA,NA,0,NA,NA,NA,NA,0,NA,NA,NA,NA,0,NA,NA,NA,NA,0,NA,NA,NA,NA,0,NA,NA,NA,NA
M17 [Vaccines],17.11',Vaccine - Vitamin K,3. Unusable Stock,434,NA,NA,NA,NA,75,NA,NA,NA,NA,0,NA,NA,NA,NA,0,NA,NA,NA,NA,0,NA,NA,NA,NA,0,NA,NA,NA,NA,0,NA,NA,NA,NA,0,NA,NA,NA,NA,NA,NA,NA,NA,NA,0,NA,NA,NA,NA,0,NA,NA,NA,NA,NA,NA,NA,NA,NA,0,NA,NA,NA,NA,0,NA,NA,NA,NA,0,NA,NA,NA,NA,0,NA,NA,NA,NA,0,NA,NA,NA,NA,0,NA,NA,NA,NA,0,NA,NA,NA,NA,0,NA,NA,NA,NA,NA,NA,NA,NA,NA,NA,NA,NA,NA,NA,0,NA,NA,NA,NA,0,NA,NA,NA,NA,NA,NA,NA,NA,NA,0,NA,NA,NA,NA,0,NA,NA,NA,NA,0,NA,NA,NA,NA,0,NA,NA,NA,NA,0,NA,NA,NA,NA,0,NA,NA,NA,NA,0,NA,NA,NA,NA,0,NA,NA,NA,NA,359,NA,NA,NA,NA,0,NA,NA,NA,NA,NA,NA,NA,NA,NA,0,NA,NA,NA,NA,0,NA,NA,NA,NA,0,NA,NA,NA,NA
M17 [Vaccines],17.11',Vaccine - Vitamin K,4. Stock Distributed,84785,NA,NA,NA,NA,86,NA,NA,NA,NA,0,NA,NA,NA,NA,0,NA,NA,NA,NA,700,NA,NA,NA,NA,0,NA,NA,NA,NA,0,NA,NA,NA,NA,0,NA,NA,NA,NA,1500,NA,NA,NA,NA,0,NA,NA,NA,NA,0,NA,NA,NA,NA,NA,NA,NA,NA,NA,740,NA,NA,NA,NA,0,NA,NA,NA,NA,631,NA,NA,NA,NA,131,NA,NA,NA,NA,0,NA,NA,NA,NA,0,NA,NA,NA,NA,0,NA,NA,NA,NA,0,NA,NA,NA,NA,NA,NA,NA,NA,NA,NA,NA,NA,NA,NA,21770,NA,NA,NA,NA,21507,NA,NA,NA,NA,NA,NA,NA,NA,NA,0,NA,NA,NA,NA,0,NA,NA,NA,NA,0,NA,NA,NA,NA,5560,NA,NA,NA,NA,0,NA,NA,NA,NA,0,NA,NA,NA,NA,1500,NA,NA,NA,NA,2,NA,NA,NA,NA,11358,NA,NA,NA,NA,0,NA,NA,NA,NA,0,NA,NA,NA,NA,1000,NA,NA,NA,NA,0,NA,NA,NA,NA,18300,NA,NA,NA,NA
M17 [Vaccines],17.11',Vaccine - Vitamin K,5. Total Stock,228481,NA,NA,NA,NA,666,NA,NA,NA,NA,0,NA,NA,NA,NA,0,NA,NA,NA,NA,7910,NA,NA,NA,NA,0,NA,NA,NA,NA,0,NA,NA,NA,NA,0,NA,NA,NA,NA,1571,NA,NA,NA,NA,0,NA,NA,NA,NA,0,NA,NA,NA,NA,NA,NA,NA,NA,NA,3850,NA,NA,NA,NA,0,NA,NA,NA,NA,4908,NA,NA,NA,NA,244,NA,NA,NA,NA,0,NA,NA,NA,NA,0,NA,NA,NA,NA,0,NA,NA,NA,NA,0,NA,NA,NA,NA,NA,NA,NA,NA,NA,NA,NA,NA,NA,NA,50172,NA,NA,NA,NA,19138,NA,NA,NA,NA,NA,NA,NA,NA,NA,0,NA,NA,NA,NA,0,NA,NA,NA,NA,0,NA,NA,NA,NA,21690,NA,NA,NA,NA,0,NA,NA,NA,NA,0,NA,NA,NA,NA,17150,NA,NA,NA,NA,98,NA,NA,NA,NA,71924,NA,NA,NA,NA,0,NA,NA,NA,NA,0,NA,NA,NA,NA,300,NA,NA,NA,NA,0,NA,NA,NA,NA,28860,NA,NA,NA,NA
M17 [Vaccines],'17.12',Rotavirus,1. Balance From Previous Month,1659407,NA,NA,NA,NA,0,NA,NA,NA,NA,89210,NA,NA,NA,NA,0,NA,NA,NA,NA,175007,NA,NA,NA,NA,0,NA,NA,NA,NA,0,NA,NA,NA,NA,0,NA,NA,NA,NA,0,NA,NA,NA,NA,0,NA,NA,NA,NA,0,NA,NA,NA,NA,NA,NA,NA,NA,NA,17862,NA,NA,NA,NA,61580,NA,NA,NA,NA,12091,NA,NA,NA,NA,0,NA,NA,NA,NA,71744,NA,NA,NA,NA,0,NA,NA,NA,NA,0,NA,NA,NA,NA,0,NA,NA,NA,NA,NA,NA,NA,NA,NA,NA,NA,NA,NA,NA,195804,NA,NA,NA,NA,0,NA,NA,NA,NA,NA,NA,NA,NA,NA,0,NA,NA,NA,NA,0,NA,NA,NA,NA,0,NA,NA,NA,NA,19282,NA,NA,NA,NA,0,NA,NA,NA,NA,0,NA,NA,NA,NA,35970,NA,NA,NA,NA,0,NA,NA,NA,NA,284754,NA,NA,NA,NA,0,NA,NA,NA,NA,683,NA,NA,NA,NA,695420,NA,NA,NA,NA,0,NA,NA,NA,NA,0,NA,NA,NA,NA
M17 [Vaccines],17.12',Rotavirus,2. Stocks Received,3264139,NA,NA,NA,NA,75,NA,NA,NA,NA,322900,NA,NA,NA,NA,0,NA,NA,NA,NA,169467,NA,NA,NA,NA,0,NA,NA,NA,NA,0,NA,NA,NA,NA,0,NA,NA,NA,NA,NA,NA,NA,NA,NA,0,NA,NA,NA,NA,0,NA,NA,NA,NA,NA,NA,NA,NA,NA,100,NA,NA,NA,NA,572000,NA,NA,NA,NA,6504,NA,NA,NA,NA,0,NA,NA,NA,NA,229600,NA,NA,NA,NA,0,NA,NA,NA,NA,0,NA,NA,NA,NA,0,NA,NA,NA,NA,NA,NA,NA,NA,NA,NA,NA,NA,NA,NA,435380,NA,NA,NA,NA,3500,NA,NA,NA,NA,NA,NA,NA,NA,NA,0,NA,NA,NA,NA,0,NA,NA,NA,NA,0,NA,NA,NA,NA,290180,NA,NA,NA,NA,0,NA,NA,NA,NA,0,NA,NA,NA,NA,149400,NA,NA,NA,NA,0,NA,NA,NA,NA,411200,NA,NA,NA,NA,0,NA,NA,NA,NA,12533,NA,NA,NA,NA,661300,NA,NA,NA,NA,0,NA,NA,NA,NA,0,NA,NA,NA,NA
M17 [Vaccines],17.12',Rotavirus,3. Unusable Stock,280711,NA,NA,NA,NA,0,NA,NA,NA,NA,99680,NA,NA,NA,NA,0,NA,NA,NA,NA,0,NA,NA,NA,NA,0,NA,NA,NA,NA,0,NA,NA,NA,NA,0,NA,NA,NA,NA,NA,NA,NA,NA,NA,0,NA,NA,NA,NA,0,NA,NA,NA,NA,NA,NA,NA,NA,NA,0,NA,NA,NA,NA,34050,NA,NA,NA,NA,0,NA,NA,NA,NA,0,NA,NA,NA,NA,0,NA,NA,NA,NA,0,NA,NA,NA,NA,0,NA,NA,NA,NA,0,NA,NA,NA,NA,NA,NA,NA,NA,NA,NA,NA,NA,NA,NA,2350,NA,NA,NA,NA,0,NA,NA,NA,NA,NA,NA,NA,NA,NA,0,NA,NA,NA,NA,0,NA,NA,NA,NA,0,NA,NA,NA,NA,50,NA,NA,NA,NA,0,NA,NA,NA,NA,0,NA,NA,NA,NA,0,NA,NA,NA,NA,0,NA,NA,NA,NA,19161,NA,NA,NA,NA,0,NA,NA,NA,NA,0,NA,NA,NA,NA,125420,NA,NA,NA,NA,0,NA,NA,NA,NA,0,NA,NA,NA,NA
M17 [Vaccines],17.12',Rotavirus,4. Stock Distributed,2567573,NA,NA,NA,NA,0,NA,NA,NA,NA,270650,NA,NA,NA,NA,0,NA,NA,NA,NA,183296,NA,NA,NA,NA,0,NA,NA,NA,NA,0,NA,NA,NA,NA,0,NA,NA,NA,NA,0,NA,NA,NA,NA,0,NA,NA,NA,NA,0,NA,NA,NA,NA,NA,NA,NA,NA,NA,5120,NA,NA,NA,NA,253500,NA,NA,NA,NA,9538,NA,NA,NA,NA,0,NA,NA,NA,NA,136360,NA,NA,NA,NA,0,NA,NA,NA,NA,0,NA,NA,NA,NA,0,NA,NA,NA,NA,NA,NA,NA,NA,NA,NA,NA,NA,NA,NA,466540,NA,NA,NA,NA,1320,NA,NA,NA,NA,NA,NA,NA,NA,NA,0,NA,NA,NA,NA,0,NA,NA,NA,NA,0,NA,NA,NA,NA,277190,NA,NA,NA,NA,0,NA,NA,NA,NA,0,NA,NA,NA,NA,133070,NA,NA,NA,NA,0,NA,NA,NA,NA,331623,NA,NA,NA,NA,0,NA,NA,NA,NA,10566,NA,NA,NA,NA,488800,NA,NA,NA,NA,0,NA,NA,NA,NA,0,NA,NA,NA,NA
M17 [Vaccines],17.12',Rotavirus,5. Total Stock,2265767,NA,NA,NA,NA,75,NA,NA,NA,NA,151510,NA,NA,NA,NA,0,NA,NA,NA,NA,161178,NA,NA,NA,NA,0,NA,NA,NA,NA,0,NA,NA,NA,NA,0,NA,NA,NA,NA,0,NA,NA,NA,NA,0,NA,NA,NA,NA,0,NA,NA,NA,NA,NA,NA,NA,NA,NA,12842,NA,NA,NA,NA,346030,NA,NA,NA,NA,9057,NA,NA,NA,NA,0,NA,NA,NA,NA,163384,NA,NA,NA,NA,0,NA,NA,NA,NA,0,NA,NA,NA,NA,0,NA,NA,NA,NA,NA,NA,NA,NA,NA,NA,NA,NA,NA,NA,178044,NA,NA,NA,NA,2080,NA,NA,NA,NA,NA,NA,NA,NA,NA,0,NA,NA,NA,NA,0,NA,NA,NA,NA,0,NA,NA,NA,NA,32222,NA,NA,NA,NA,0,NA,NA,NA,NA,0,NA,NA,NA,NA,47690,NA,NA,NA,NA,0,NA,NA,NA,NA,345170,NA,NA,NA,NA,0,NA,NA,NA,NA,2650,NA,NA,NA,NA,813835,NA,NA,NA,NA,0,NA,NA,NA,NA,0,NA,NA,NA,NA
M17 [Vaccines],'17.13',Inactivated Polio Vaccine,1. Balance From Previous Month,2319696,NA,NA,NA,NA,2672,NA,NA,NA,NA,190250,NA,NA,NA,NA,1907,NA,NA,NA,NA,84449,NA,NA,NA,NA,63519,NA,NA,NA,NA,1015,NA,NA,NA,NA,50400,NA,NA,NA,NA,2450,NA,NA,NA,NA,3100,NA,NA,NA,NA,36300,NA,NA,NA,NA,5100,NA,NA,NA,NA,305550,NA,NA,NA,NA,17802,NA,NA,NA,NA,14126,NA,NA,NA,NA,20047,NA,NA,NA,NA,29155,NA,NA,NA,NA,97825,NA,NA,NA,NA,78975,NA,NA,NA,NA,50,NA,NA,NA,NA,NA,NA,NA,NA,NA,NA,NA,NA,NA,NA,156214,NA,NA,NA,NA,234844,NA,NA,NA,NA,1932,NA,NA,NA,NA,2003,NA,NA,NA,NA,8649,NA,NA,NA,NA,925,NA,NA,NA,NA,47345,NA,NA,NA,NA,8272,NA,NA,NA,NA,13520,NA,NA,NA,NA,48826,NA,NA,NA,NA,1042,NA,NA,NA,NA,193313,NA,NA,NA,NA,105800,NA,NA,NA,NA,749,NA,NA,NA,NA,451900,NA,NA,NA,NA,20975,NA,NA,NA,NA,18695,NA,NA,NA,NA
M17 [Vaccines],17.13',Inactivated Polio Vaccine,2. Stocks Received,2824814,NA,NA,NA,NA,325,NA,NA,NA,NA,128750,NA,NA,NA,NA,2972,NA,NA,NA,NA,127075,NA,NA,NA,NA,146400,NA,NA,NA,NA,2500,NA,NA,NA,NA,125700,NA,NA,NA,NA,NA,NA,NA,NA,NA,0,NA,NA,NA,NA,60050,NA,NA,NA,NA,5000,NA,NA,NA,NA,234275,NA,NA,NA,NA,33819,NA,NA,NA,NA,3935,NA,NA,NA,NA,19458,NA,NA,NA,NA,91000,NA,NA,NA,NA,171275,NA,NA,NA,NA,63750,NA,NA,NA,NA,1000,NA,NA,NA,NA,NA,NA,NA,NA,NA,NA,NA,NA,NA,NA,333850,NA,NA,NA,NA,193937,NA,NA,NA,NA,2576,NA,NA,NA,NA,7150,NA,NA,NA,NA,3250,NA,NA,NA,NA,7450,NA,NA,NA,NA,112260,NA,NA,NA,NA,22,NA,NA,NA,NA,34500,NA,NA,NA,NA,66500,NA,NA,NA,NA,90,NA,NA,NA,NA,205095,NA,NA,NA,NA,145950,NA,NA,NA,NA,6270,NA,NA,NA,NA,410030,NA,NA,NA,NA,53500,NA,NA,NA,NA,25100,NA,NA,NA,NA
M17 [Vaccines],17.13',Inactivated Polio Vaccine,3. Unusable Stock,225185,NA,NA,NA,NA,320,NA,NA,NA,NA,47225,NA,NA,NA,NA,47,NA,NA,NA,NA,0,NA,NA,NA,NA,226,NA,NA,NA,NA,0,NA,NA,NA,NA,0,NA,NA,NA,NA,NA,NA,NA,NA,NA,0,NA,NA,NA,NA,0,NA,NA,NA,NA,NA,NA,NA,NA,NA,48770,NA,NA,NA,NA,338,NA,NA,NA,NA,0,NA,NA,NA,NA,0,NA,NA,NA,NA,0,NA,NA,NA,NA,25,NA,NA,NA,NA,2500,NA,NA,NA,NA,0,NA,NA,NA,NA,NA,NA,NA,NA,NA,NA,NA,NA,NA,NA,2500,NA,NA,NA,NA,0,NA,NA,NA,NA,0,NA,NA,NA,NA,0,NA,NA,NA,NA,0,NA,NA,NA,NA,0,NA,NA,NA,NA,0,NA,NA,NA,NA,0,NA,NA,NA,NA,3010,NA,NA,NA,NA,0,NA,NA,NA,NA,0,NA,NA,NA,NA,15243,NA,NA,NA,NA,5675,NA,NA,NA,NA,0,NA,NA,NA,NA,99106,NA,NA,NA,NA,0,NA,NA,NA,NA,200,NA,NA,NA,NA
M17 [Vaccines],17.13',Inactivated Polio Vaccine,4. Stock Distributed,2912047,NA,NA,NA,NA,410,NA,NA,NA,NA,184450,NA,NA,NA,NA,3417,NA,NA,NA,NA,126200,NA,NA,NA,NA,99382,NA,NA,NA,NA,635,NA,NA,NA,NA,98775,NA,NA,NA,NA,1800,NA,NA,NA,NA,675,NA,NA,NA,NA,68075,NA,NA,NA,NA,3800,NA,NA,NA,NA,224960,NA,NA,NA,NA,25735,NA,NA,NA,NA,7505,NA,NA,NA,NA,26122,NA,NA,NA,NA,88530,NA,NA,NA,NA,173200,NA,NA,NA,NA,74450,NA,NA,NA,NA,500,NA,NA,NA,NA,NA,NA,NA,NA,NA,NA,NA,NA,NA,NA,320484,NA,NA,NA,NA,211607,NA,NA,NA,NA,2901,NA,NA,NA,NA,5415,NA,NA,NA,NA,4647,NA,NA,NA,NA,5510,NA,NA,NA,NA,126900,NA,NA,NA,NA,3126,NA,NA,NA,NA,23951,NA,NA,NA,NA,77925,NA,NA,NA,NA,293,NA,NA,NA,NA,185073,NA,NA,NA,NA,139150,NA,NA,NA,NA,6465,NA,NA,NA,NA,515649,NA,NA,NA,NA,41150,NA,NA,NA,NA,33180,NA,NA,NA,NA
M17 [Vaccines],17.13',Inactivated Polio Vaccine,5. Total Stock,2132902,NA,NA,NA,NA,2267,NA,NA,NA,NA,159900,NA,NA,NA,NA,1517,NA,NA,NA,NA,85324,NA,NA,NA,NA,37684,NA,NA,NA,NA,2880,NA,NA,NA,NA,76325,NA,NA,NA,NA,650,NA,NA,NA,NA,2425,NA,NA,NA,NA,28275,NA,NA,NA,NA,6300,NA,NA,NA,NA,314465,NA,NA,NA,NA,25848,NA,NA,NA,NA,10556,NA,NA,NA,NA,13383,NA,NA,NA,NA,31600,NA,NA,NA,NA,79525,NA,NA,NA,NA,68275,NA,NA,NA,NA,550,NA,NA,NA,NA,NA,NA,NA,NA,NA,NA,NA,NA,NA,NA,169153,NA,NA,NA,NA,207719,NA,NA,NA,NA,957,NA,NA,NA,NA,3738,NA,NA,NA,NA,7252,NA,NA,NA,NA,2415,NA,NA,NA,NA,32705,NA,NA,NA,NA,5168,NA,NA,NA,NA,24575,NA,NA,NA,NA,37401,NA,NA,NA,NA,839,NA,NA,NA,NA,205102,NA,NA,NA,NA,105475,NA,NA,NA,NA,554,NA,NA,NA,NA,338225,NA,NA,NA,NA,33325,NA,NA,NA,NA,10550,NA,NA,NA,NA
M17 [Vaccines],'17.14',Measles Rubella (MR),1. Balance From Previous Month,4045421,NA,NA,NA,NA,4195,NA,NA,NA,NA,98670,NA,NA,NA,NA,7721,NA,NA,NA,NA,150072,NA,NA,NA,NA,24147,NA,NA,NA,NA,24110,NA,NA,NA,NA,54000,NA,NA,NA,NA,8220,NA,NA,NA,NA,5110,NA,NA,NA,NA,172490,NA,NA,NA,NA,6600,NA,NA,NA,NA,408020,NA,NA,NA,NA,93790,NA,NA,NA,NA,11979,NA,NA,NA,NA,50516,NA,NA,NA,NA,103474,NA,NA,NA,NA,126570,NA,NA,NA,NA,67150,NA,NA,NA,NA,840,NA,NA,NA,NA,NA,NA,NA,NA,NA,NA,NA,NA,NA,NA,300910,NA,NA,NA,NA,550490,NA,NA,NA,NA,1968,NA,NA,NA,NA,6259,NA,NA,NA,NA,8472,NA,NA,NA,NA,11740,NA,NA,NA,NA,74080,NA,NA,NA,NA,8921,NA,NA,NA,NA,118390,NA,NA,NA,NA,53258,NA,NA,NA,NA,1671,NA,NA,NA,NA,297707,NA,NA,NA,NA,115200,NA,NA,NA,NA,3571,NA,NA,NA,NA,604940,NA,NA,NA,NA,32330,NA,NA,NA,NA,437840,NA,NA,NA,NA
M17 [Vaccines],17.14',Measles Rubella (MR),2. Stocks Received,4569961,NA,NA,NA,NA,300,NA,NA,NA,NA,248000,NA,NA,NA,NA,5570,NA,NA,NA,NA,338090,NA,NA,NA,NA,241821,NA,NA,NA,NA,0,NA,NA,NA,NA,133000,NA,NA,NA,NA,NA,NA,NA,NA,NA,0,NA,NA,NA,NA,297560,NA,NA,NA,NA,5000,NA,NA,NA,NA,297620,NA,NA,NA,NA,427000,NA,NA,NA,NA,3790,NA,NA,NA,NA,17610,NA,NA,NA,NA,145600,NA,NA,NA,NA,244690,NA,NA,NA,NA,119175,NA,NA,NA,NA,0,NA,NA,NA,NA,NA,NA,NA,NA,NA,NA,NA,NA,NA,NA,214395,NA,NA,NA,NA,124685,NA,NA,NA,NA,4000,NA,NA,NA,NA,1150,NA,NA,NA,NA,4550,NA,NA,NA,NA,1310,NA,NA,NA,NA,371950,NA,NA,NA,NA,100,NA,NA,NA,NA,100000,NA,NA,NA,NA,105000,NA,NA,NA,NA,153,NA,NA,NA,NA,373910,NA,NA,NA,NA,178000,NA,NA,NA,NA,5232,NA,NA,NA,NA,468100,NA,NA,NA,NA,59000,NA,NA,NA,NA,33600,NA,NA,NA,NA
M17 [Vaccines],17.14',Measles Rubella (MR),3. Unusable Stock,351868,NA,NA,NA,NA,465,NA,NA,NA,NA,59310,NA,NA,NA,NA,111,NA,NA,NA,NA,0,NA,NA,NA,NA,600,NA,NA,NA,NA,0,NA,NA,NA,NA,0,NA,NA,NA,NA,NA,NA,NA,NA,NA,0,NA,NA,NA,NA,0,NA,NA,NA,NA,NA,NA,NA,NA,NA,35720,NA,NA,NA,NA,28300,NA,NA,NA,NA,0,NA,NA,NA,NA,4550,NA,NA,NA,NA,0,NA,NA,NA,NA,10,NA,NA,NA,NA,0,NA,NA,NA,NA,0,NA,NA,NA,NA,NA,NA,NA,NA,NA,NA,NA,NA,NA,NA,3890,NA,NA,NA,NA,0,NA,NA,NA,NA,0,NA,NA,NA,NA,0,NA,NA,NA,NA,0,NA,NA,NA,NA,0,NA,NA,NA,NA,0,NA,NA,NA,NA,0,NA,NA,NA,NA,11500,NA,NA,NA,NA,0,NA,NA,NA,NA,0,NA,NA,NA,NA,22491,NA,NA,NA,NA,7700,NA,NA,NA,NA,0,NA,NA,NA,NA,70671,NA,NA,NA,NA,0,NA,NA,NA,NA,106550,NA,NA,NA,NA
M17 [Vaccines],17.14',Measles Rubella (MR),4. Stock Distributed,4066526,NA,NA,NA,NA,488,NA,NA,NA,NA,257710,NA,NA,NA,NA,4414,NA,NA,NA,NA,154098,NA,NA,NA,NA,149335,NA,NA,NA,NA,3820,NA,NA,NA,NA,121540,NA,NA,NA,NA,2880,NA,NA,NA,NA,1140,NA,NA,NA,NA,146750,NA,NA,NA,NA,3560,NA,NA,NA,NA,292960,NA,NA,NA,NA,216140,NA,NA,NA,NA,5838,NA,NA,NA,NA,28205,NA,NA,NA,NA,169588,NA,NA,NA,NA,243130,NA,NA,NA,NA,88315,NA,NA,NA,NA,0,NA,NA,NA,NA,NA,NA,NA,NA,NA,NA,NA,NA,NA,NA,207090,NA,NA,NA,NA,286625,NA,NA,NA,NA,3020,NA,NA,NA,NA,1636,NA,NA,NA,NA,4050,NA,NA,NA,NA,3340,NA,NA,NA,NA,281110,NA,NA,NA,NA,4403,NA,NA,NA,NA,105430,NA,NA,NA,NA,101310,NA,NA,NA,NA,247,NA,NA,NA,NA,306849,NA,NA,NA,NA,162690,NA,NA,NA,NA,6906,NA,NA,NA,NA,532489,NA,NA,NA,NA,46000,NA,NA,NA,NA,123420,NA,NA,NA,NA
M17 [Vaccines],17.14',Measles Rubella (MR),5. Total Stock,4377176,NA,NA,NA,NA,3542,NA,NA,NA,NA,119690,NA,NA,NA,NA,9007,NA,NA,NA,NA,334064,NA,NA,NA,NA,121535,NA,NA,NA,NA,20290,NA,NA,NA,NA,64360,NA,NA,NA,NA,5340,NA,NA,NA,NA,3970,NA,NA,NA,NA,323300,NA,NA,NA,NA,8040,NA,NA,NA,NA,401530,NA,NA,NA,NA,276350,NA,NA,NA,NA,9931,NA,NA,NA,NA,30071,NA,NA,NA,NA,74986,NA,NA,NA,NA,112410,NA,NA,NA,NA,98010,NA,NA,NA,NA,840,NA,NA,NA,NA,NA,NA,NA,NA,NA,NA,NA,NA,NA,NA,301330,NA,NA,NA,NA,376850,NA,NA,NA,NA,2948,NA,NA,NA,NA,5773,NA,NA,NA,NA,8972,NA,NA,NA,NA,9720,NA,NA,NA,NA,164920,NA,NA,NA,NA,4618,NA,NA,NA,NA,114960,NA,NA,NA,NA,56948,NA,NA,NA,NA,1577,NA,NA,NA,NA,342277,NA,NA,NA,NA,127890,NA,NA,NA,NA,1897,NA,NA,NA,NA,598980,NA,NA,NA,NA,45330,NA,NA,NA,NA,194920,NA,NA,NA,NA
M18 [Family Planning],'18.1',IUD 380 A,1. Balance From Previous Month,649612,NA,NA,NA,NA,1585,NA,NA,NA,NA,22833,NA,NA,NA,NA,3476,NA,NA,NA,NA,13550,NA,NA,NA,NA,6932,NA,NA,NA,NA,5060,NA,NA,NA,NA,10458,NA,NA,NA,NA,1100,NA,NA,NA,NA,1050,NA,NA,NA,NA,11417,NA,NA,NA,NA,1078,NA,NA,NA,NA,49844,NA,NA,NA,NA,60220,NA,NA,NA,NA,14453,NA,NA,NA,NA,6863,NA,NA,NA,NA,24117,NA,NA,NA,NA,24685,NA,NA,NA,NA,4725,NA,NA,NA,NA,400,NA,NA,NA,NA,NA,NA,NA,NA,NA,NA,NA,NA,NA,NA,40399,NA,NA,NA,NA,23701,NA,NA,NA,NA,1112,NA,NA,NA,NA,1257,NA,NA,NA,NA,517,NA,NA,NA,NA,1675,NA,NA,NA,NA,15950,NA,NA,NA,NA,0,NA,NA,NA,NA,11508,NA,NA,NA,NA,19314,NA,NA,NA,NA,808,NA,NA,NA,NA,104123,NA,NA,NA,NA,7450,NA,NA,NA,NA,150,NA,NA,NA,NA,141934,NA,NA,NA,NA,1550,NA,NA,NA,NA,14318,NA,NA,NA,NA
M18 [Family Planning],18.1',IUD 380 A,2. Stocks Received,135492,NA,NA,NA,NA,50,NA,NA,NA,NA,0,NA,NA,NA,NA,308,NA,NA,NA,NA,6500,NA,NA,NA,NA,930,NA,NA,NA,NA,0,NA,NA,NA,NA,0,NA,NA,NA,NA,NA,NA,NA,NA,NA,0,NA,NA,NA,NA,2000,NA,NA,NA,NA,NA,NA,NA,NA,NA,7000,NA,NA,NA,NA,20676,NA,NA,NA,NA,0,NA,NA,NA,NA,2000,NA,NA,NA,NA,6460,NA,NA,NA,NA,20388,NA,NA,NA,NA,950,NA,NA,NA,NA,0,NA,NA,NA,NA,NA,NA,NA,NA,NA,NA,NA,NA,NA,NA,18900,NA,NA,NA,NA,9655,NA,NA,NA,NA,400,NA,NA,NA,NA,100,NA,NA,NA,NA,0,NA,NA,NA,NA,0,NA,NA,NA,NA,4535,NA,NA,NA,NA,0,NA,NA,NA,NA,100,NA,NA,NA,NA,3090,NA,NA,NA,NA,50,NA,NA,NA,NA,0,NA,NA,NA,NA,0,NA,NA,NA,NA,0,NA,NA,NA,NA,24890,NA,NA,NA,NA,0,NA,NA,NA,NA,6510,NA,NA,NA,NA
M18 [Family Planning],18.1',IUD 380 A,3. Unusable Stock,9863,NA,NA,NA,NA,190,NA,NA,NA,NA,1950,NA,NA,NA,NA,0,NA,NA,NA,NA,0,NA,NA,NA,NA,0,NA,NA,NA,NA,0,NA,NA,NA,NA,0,NA,NA,NA,NA,NA,NA,NA,NA,NA,0,NA,NA,NA,NA,0,NA,NA,NA,NA,NA,NA,NA,NA,NA,2700,NA,NA,NA,NA,0,NA,NA,NA,NA,0,NA,NA,NA,NA,0,NA,NA,NA,NA,0,NA,NA,NA,NA,0,NA,NA,NA,NA,0,NA,NA,NA,NA,0,NA,NA,NA,NA,NA,NA,NA,NA,NA,NA,NA,NA,NA,NA,1800,NA,NA,NA,NA,0,NA,NA,NA,NA,0,NA,NA,NA,NA,0,NA,NA,NA,NA,0,NA,NA,NA,NA,0,NA,NA,NA,NA,0,NA,NA,NA,NA,0,NA,NA,NA,NA,0,NA,NA,NA,NA,0,NA,NA,NA,NA,140,NA,NA,NA,NA,35,NA,NA,NA,NA,0,NA,NA,NA,NA,0,NA,NA,NA,NA,3046,NA,NA,NA,NA,0,NA,NA,NA,NA,2,NA,NA,NA,NA
M18 [Family Planning],18.1',IUD 380 A,4. Stock Distributed,177829,NA,NA,NA,NA,14,NA,NA,NA,NA,1650,NA,NA,NA,NA,360,NA,NA,NA,NA,12832,NA,NA,NA,NA,1530,NA,NA,NA,NA,75,NA,NA,NA,NA,3920,NA,NA,NA,NA,0,NA,NA,NA,NA,1,NA,NA,NA,NA,5347,NA,NA,NA,NA,225,NA,NA,NA,NA,14130,NA,NA,NA,NA,15440,NA,NA,NA,NA,456,NA,NA,NA,NA,1569,NA,NA,NA,NA,6088,NA,NA,NA,NA,14806,NA,NA,NA,NA,2325,NA,NA,NA,NA,0,NA,NA,NA,NA,NA,NA,NA,NA,NA,NA,NA,NA,NA,NA,13965,NA,NA,NA,NA,9736,NA,NA,NA,NA,562,NA,NA,NA,NA,355,NA,NA,NA,NA,11,NA,NA,NA,NA,70,NA,NA,NA,NA,4835,NA,NA,NA,NA,0,NA,NA,NA,NA,3350,NA,NA,NA,NA,6552,NA,NA,NA,NA,19,NA,NA,NA,NA,17015,NA,NA,NA,NA,750,NA,NA,NA,NA,10,NA,NA,NA,NA,24297,NA,NA,NA,NA,1100,NA,NA,NA,NA,14434,NA,NA,NA,NA
M18 [Family Planning],18.1',IUD 380 A,5. Total Stock,597412,NA,NA,NA,NA,1431,NA,NA,NA,NA,19233,NA,NA,NA,NA,3424,NA,NA,NA,NA,7218,NA,NA,NA,NA,6332,NA,NA,NA,NA,4985,NA,NA,NA,NA,6538,NA,NA,NA,NA,1100,NA,NA,NA,NA,1049,NA,NA,NA,NA,8070,NA,NA,NA,NA,853,NA,NA,NA,NA,40014,NA,NA,NA,NA,65456,NA,NA,NA,NA,13997,NA,NA,NA,NA,7294,NA,NA,NA,NA,24489,NA,NA,NA,NA,30267,NA,NA,NA,NA,3350,NA,NA,NA,NA,400,NA,NA,NA,NA,NA,NA,NA,NA,NA,NA,NA,NA,NA,NA,43534,NA,NA,NA,NA,23620,NA,NA,NA,NA,950,NA,NA,NA,NA,1002,NA,NA,NA,NA,506,NA,NA,NA,NA,1605,NA,NA,NA,NA,15650,NA,NA,NA,NA,0,NA,NA,NA,NA,8258,NA,NA,NA,NA,15852,NA,NA,NA,NA,699,NA,NA,NA,NA,87073,NA,NA,NA,NA,6700,NA,NA,NA,NA,140,NA,NA,NA,NA,139481,NA,NA,NA,NA,450,NA,NA,NA,NA,6392,NA,NA,NA,NA
M18 [Family Planning],'18.2',IUD 375 A,1. Balance From Previous Month,664276,NA,NA,NA,NA,1224,NA,NA,NA,NA,12469,NA,NA,NA,NA,505,NA,NA,NA,NA,22898,NA,NA,NA,NA,6271,NA,NA,NA,NA,1890,NA,NA,NA,NA,18273,NA,NA,NA,NA,2000,NA,NA,NA,NA,1955,NA,NA,NA,NA,10366,NA,NA,NA,NA,2863,NA,NA,NA,NA,15812,NA,NA,NA,NA,3567,NA,NA,NA,NA,4235,NA,NA,NA,NA,5924,NA,NA,NA,NA,23873,NA,NA,NA,NA,14637,NA,NA,NA,NA,4723,NA,NA,NA,NA,450,NA,NA,NA,NA,NA,NA,NA,NA,NA,NA,NA,NA,NA,NA,48047,NA,NA,NA,NA,16172,NA,NA,NA,NA,557,NA,NA,NA,NA,3287,NA,NA,NA,NA,20,NA,NA,NA,NA,1226,NA,NA,NA,NA,19946,NA,NA,NA,NA,454,NA,NA,NA,NA,5656,NA,NA,NA,NA,146197,NA,NA,NA,NA,257,NA,NA,NA,NA,104363,NA,NA,NA,NA,22130,NA,NA,NA,NA,230,NA,NA,NA,NA,131976,NA,NA,NA,NA,0,NA,NA,NA,NA,9823,NA,NA,NA,NA
M18 [Family Planning],18.2',IUD 375 A,2. Stocks Received,132390,NA,NA,NA,NA,89,NA,NA,NA,NA,0,NA,NA,NA,NA,300,NA,NA,NA,NA,11050,NA,NA,NA,NA,1520,NA,NA,NA,NA,0,NA,NA,NA,NA,7200,NA,NA,NA,NA,NA,NA,NA,NA,NA,0,NA,NA,NA,NA,2200,NA,NA,NA,NA,NA,NA,NA,NA,NA,8280,NA,NA,NA,NA,7800,NA,NA,NA,NA,0,NA,NA,NA,NA,1400,NA,NA,NA,NA,5400,NA,NA,NA,NA,0,NA,NA,NA,NA,1500,NA,NA,NA,NA,0,NA,NA,NA,NA,NA,NA,NA,NA,NA,NA,NA,NA,NA,NA,24300,NA,NA,NA,NA,7000,NA,NA,NA,NA,900,NA,NA,NA,NA,100,NA,NA,NA,NA,0,NA,NA,NA,NA,0,NA,NA,NA,NA,3100,NA,NA,NA,NA,0,NA,NA,NA,NA,0,NA,NA,NA,NA,4730,NA,NA,NA,NA,0,NA,NA,NA,NA,8400,NA,NA,NA,NA,0,NA,NA,NA,NA,0,NA,NA,NA,NA,7531,NA,NA,NA,NA,0,NA,NA,NA,NA,29590,NA,NA,NA,NA
M18 [Family Planning],18.2',IUD 375 A,3. Unusable Stock,581417,NA,NA,NA,NA,130200,NA,NA,NA,NA,1800,NA,NA,NA,NA,0,NA,NA,NA,NA,0,NA,NA,NA,NA,0,NA,NA,NA,NA,0,NA,NA,NA,NA,0,NA,NA,NA,NA,NA,NA,NA,NA,NA,0,NA,NA,NA,NA,0,NA,NA,NA,NA,NA,NA,NA,NA,NA,500,NA,NA,NA,NA,0,NA,NA,NA,NA,0,NA,NA,NA,NA,0,NA,NA,NA,NA,0,NA,NA,NA,NA,0,NA,NA,NA,NA,0,NA,NA,NA,NA,0,NA,NA,NA,NA,NA,NA,NA,NA,NA,NA,NA,NA,NA,NA,0,NA,NA,NA,NA,0,NA,NA,NA,NA,0,NA,NA,NA,NA,0,NA,NA,NA,NA,0,NA,NA,NA,NA,0,NA,NA,NA,NA,445260,NA,NA,NA,NA,0,NA,NA,NA,NA,0,NA,NA,NA,NA,0,NA,NA,NA,NA,0,NA,NA,NA,NA,0,NA,NA,NA,NA,0,NA,NA,NA,NA,0,NA,NA,NA,NA,2207,NA,NA,NA,NA,0,NA,NA,NA,NA,1450,NA,NA,NA,NA
M18 [Family Planning],18.2',IUD 375 A,4. Stock Distributed,140398,NA,NA,NA,NA,2,NA,NA,NA,NA,1475,NA,NA,NA,NA,300,NA,NA,NA,NA,15979,NA,NA,NA,NA,2374,NA,NA,NA,NA,0,NA,NA,NA,NA,7200,NA,NA,NA,NA,2000,NA,NA,NA,NA,4,NA,NA,NA,NA,4351,NA,NA,NA,NA,0,NA,NA,NA,NA,8255,NA,NA,NA,NA,3965,NA,NA,NA,NA,269,NA,NA,NA,NA,798,NA,NA,NA,NA,4650,NA,NA,NA,NA,4210,NA,NA,NA,NA,2620,NA,NA,NA,NA,0,NA,NA,NA,NA,NA,NA,NA,NA,NA,NA,NA,NA,NA,NA,18655,NA,NA,NA,NA,8658,NA,NA,NA,NA,610,NA,NA,NA,NA,278,NA,NA,NA,NA,20,NA,NA,NA,NA,65,NA,NA,NA,NA,6877,NA,NA,NA,NA,7,NA,NA,NA,NA,260,NA,NA,NA,NA,5008,NA,NA,NA,NA,0,NA,NA,NA,NA,6291,NA,NA,NA,NA,1500,NA,NA,NA,NA,200,NA,NA,NA,NA,15277,NA,NA,NA,NA,0,NA,NA,NA,NA,18240,NA,NA,NA,NA
M18 [Family Planning],18.2',IUD 375 A,5. Total Stock,74851,NA,NA,NA,NA,-128889,NA,NA,NA,NA,9194,NA,NA,NA,NA,505,NA,NA,NA,NA,17969,NA,NA,NA,NA,5417,NA,NA,NA,NA,1890,NA,NA,NA,NA,18273,NA,NA,NA,NA,0,NA,NA,NA,NA,1951,NA,NA,NA,NA,8215,NA,NA,NA,NA,2863,NA,NA,NA,NA,15337,NA,NA,NA,NA,7402,NA,NA,NA,NA,3966,NA,NA,NA,NA,6526,NA,NA,NA,NA,24623,NA,NA,NA,NA,10427,NA,NA,NA,NA,3603,NA,NA,NA,NA,450,NA,NA,NA,NA,NA,NA,NA,NA,NA,NA,NA,NA,NA,NA,53692,NA,NA,NA,NA,14514,NA,NA,NA,NA,847,NA,NA,NA,NA,3109,NA,NA,NA,NA,0,NA,NA,NA,NA,1161,NA,NA,NA,NA,-429091,NA,NA,NA,NA,447,NA,NA,NA,NA,5396,NA,NA,NA,NA,145919,NA,NA,NA,NA,257,NA,NA,NA,NA,106472,NA,NA,NA,NA,20630,NA,NA,NA,NA,30,NA,NA,NA,NA,122023,NA,NA,NA,NA,0,NA,NA,NA,NA,19723,NA,NA,NA,NA
M18 [Family Planning],'18.3',Condoms,1. Balance From Previous Month,43655379,NA,NA,NA,NA,95212,NA,NA,NA,NA,2109601,NA,NA,NA,NA,55429,NA,NA,NA,NA,1518222,NA,NA,NA,NA,1409923,NA,NA,NA,NA,375320,NA,NA,NA,NA,1151274,NA,NA,NA,NA,234940,NA,NA,NA,NA,70460,NA,NA,NA,NA,242500,NA,NA,NA,NA,25430,NA,NA,NA,NA,3149343,NA,NA,NA,NA,2543640,NA,NA,NA,NA,355182,NA,NA,NA,NA,378451,NA,NA,NA,NA,1455508,NA,NA,NA,NA,1024235,NA,NA,NA,NA,1260000,NA,NA,NA,NA,38880,NA,NA,NA,NA,NA,NA,NA,NA,NA,NA,NA,NA,NA,NA,4228131,NA,NA,NA,NA,202382,NA,NA,NA,NA,69627,NA,NA,NA,NA,60843,NA,NA,NA,NA,31894,NA,NA,NA,NA,8304,NA,NA,NA,NA,2949776,NA,NA,NA,NA,201330,NA,NA,NA,NA,285680,NA,NA,NA,NA,2691084,NA,NA,NA,NA,39306,NA,NA,NA,NA,8485313,NA,NA,NA,NA,749986,NA,NA,NA,NA,13040,NA,NA,NA,NA,4809909,NA,NA,NA,NA,341200,NA,NA,NA,NA,994024,NA,NA,NA,NA
M18 [Family Planning],18.3',Condoms,2. Stocks Received,7779276,NA,NA,NA,NA,13880,NA,NA,NA,NA,5000,NA,NA,NA,NA,8530,NA,NA,NA,NA,380300,NA,NA,NA,NA,305672,NA,NA,NA,NA,0,NA,NA,NA,NA,160650,NA,NA,NA,NA,NA,NA,NA,NA,NA,0,NA,NA,NA,NA,11080,NA,NA,NA,NA,NA,NA,NA,NA,NA,107730,NA,NA,NA,NA,810880,NA,NA,NA,NA,810,NA,NA,NA,NA,318870,NA,NA,NA,NA,393620,NA,NA,NA,NA,435000,NA,NA,NA,NA,81000,NA,NA,NA,NA,0,NA,NA,NA,NA,NA,NA,NA,NA,NA,NA,NA,NA,NA,NA,1465240,NA,NA,NA,NA,83684,NA,NA,NA,NA,5320,NA,NA,NA,NA,9720,NA,NA,NA,NA,0,NA,NA,NA,NA,0,NA,NA,NA,NA,296010,NA,NA,NA,NA,0,NA,NA,NA,NA,0,NA,NA,NA,NA,285750,NA,NA,NA,NA,10570,NA,NA,NA,NA,4850,NA,NA,NA,NA,619600,NA,NA,NA,NA,10440,NA,NA,NA,NA,575790,NA,NA,NA,NA,0,NA,NA,NA,NA,1379280,NA,NA,NA,NA
M18 [Family Planning],18.3',Condoms,3. Unusable Stock,523156,NA,NA,NA,NA,12773,NA,NA,NA,NA,190340,NA,NA,NA,NA,0,NA,NA,NA,NA,23450,NA,NA,NA,NA,0,NA,NA,NA,NA,0,NA,NA,NA,NA,0,NA,NA,NA,NA,NA,NA,NA,NA,NA,0,NA,NA,NA,NA,0,NA,NA,NA,NA,NA,NA,NA,NA,NA,111233,NA,NA,NA,NA,0,NA,NA,NA,NA,0,NA,NA,NA,NA,3600,NA,NA,NA,NA,0,NA,NA,NA,NA,0,NA,NA,NA,NA,0,NA,NA,NA,NA,0,NA,NA,NA,NA,NA,NA,NA,NA,NA,NA,NA,NA,NA,NA,23103,NA,NA,NA,NA,0,NA,NA,NA,NA,0,NA,NA,NA,NA,0,NA,NA,NA,NA,0,NA,NA,NA,NA,0,NA,NA,NA,NA,46907,NA,NA,NA,NA,0,NA,NA,NA,NA,0,NA,NA,NA,NA,0,NA,NA,NA,NA,0,NA,NA,NA,NA,0,NA,NA,NA,NA,60750,NA,NA,NA,NA,0,NA,NA,NA,NA,40670,NA,NA,NA,NA,0,NA,NA,NA,NA,10330,NA,NA,NA,NA
M18 [Family Planning],18.3',Condoms,4. Stock Distributed,12416124,NA,NA,NA,NA,15189,NA,NA,NA,NA,192560,NA,NA,NA,NA,4878,NA,NA,NA,NA,156763,NA,NA,NA,NA,97840,NA,NA,NA,NA,134640,NA,NA,NA,NA,434110,NA,NA,NA,NA,16200,NA,NA,NA,NA,16372,NA,NA,NA,NA,100934,NA,NA,NA,NA,25430,NA,NA,NA,NA,914720,NA,NA,NA,NA,1165080,NA,NA,NA,NA,204333,NA,NA,NA,NA,310532,NA,NA,NA,NA,336269,NA,NA,NA,NA,500190,NA,NA,NA,NA,301810,NA,NA,NA,NA,0,NA,NA,NA,NA,NA,NA,NA,NA,NA,NA,NA,NA,NA,NA,1618847,NA,NA,NA,NA,155567,NA,NA,NA,NA,12790,NA,NA,NA,NA,9300,NA,NA,NA,NA,18426,NA,NA,NA,NA,2634,NA,NA,NA,NA,453450,NA,NA,NA,NA,140260,NA,NA,NA,NA,165460,NA,NA,NA,NA,365790,NA,NA,NA,NA,11179,NA,NA,NA,NA,469454,NA,NA,NA,NA,466490,NA,NA,NA,NA,11070,NA,NA,NA,NA,1772107,NA,NA,NA,NA,100540,NA,NA,NA,NA,1714910,NA,NA,NA,NA
M18 [Family Planning],18.3',Condoms,5. Total Stock,38495375,NA,NA,NA,NA,81130,NA,NA,NA,NA,1731701,NA,NA,NA,NA,59081,NA,NA,NA,NA,1718309,NA,NA,NA,NA,1617755,NA,NA,NA,NA,240680,NA,NA,NA,NA,877814,NA,NA,NA,NA,218740,NA,NA,NA,NA,54088,NA,NA,NA,NA,152646,NA,NA,NA,NA,0,NA,NA,NA,NA,2231120,NA,NA,NA,NA,2189440,NA,NA,NA,NA,151659,NA,NA,NA,NA,383189,NA,NA,NA,NA,1512859,NA,NA,NA,NA,959045,NA,NA,NA,NA,1039190,NA,NA,NA,NA,38880,NA,NA,NA,NA,NA,NA,NA,NA,NA,NA,NA,NA,NA,NA,4051421,NA,NA,NA,NA,130499,NA,NA,NA,NA,62157,NA,NA,NA,NA,61263,NA,NA,NA,NA,13468,NA,NA,NA,NA,5670,NA,NA,NA,NA,2745429,NA,NA,NA,NA,61070,NA,NA,NA,NA,120220,NA,NA,NA,NA,2611044,NA,NA,NA,NA,38697,NA,NA,NA,NA,8020709,NA,NA,NA,NA,842346,NA,NA,NA,NA,12410,NA,NA,NA,NA,3572922,NA,NA,NA,NA,240660,NA,NA,NA,NA,648064,NA,NA,NA,NA
M18 [Family Planning],'18.4',Oral Contraceptive,1. Balance From Previous Month,5521012,NA,NA,NA,NA,22606,NA,NA,NA,NA,58850,NA,NA,NA,NA,19339,NA,NA,NA,NA,116821,NA,NA,NA,NA,48789,NA,NA,NA,NA,20300,NA,NA,NA,NA,177400,NA,NA,NA,NA,12400,NA,NA,NA,NA,50437,NA,NA,NA,NA,18099,NA,NA,NA,NA,1676,NA,NA,NA,NA,139785,NA,NA,NA,NA,127480,NA,NA,NA,NA,47272,NA,NA,NA,NA,57744,NA,NA,NA,NA,417775,NA,NA,NA,NA,163145,NA,NA,NA,NA,28730,NA,NA,NA,NA,6000,NA,NA,NA,NA,NA,NA,NA,NA,NA,NA,NA,NA,NA,NA,1235284,NA,NA,NA,NA,343214,NA,NA,NA,NA,1980,NA,NA,NA,NA,9762,NA,NA,NA,NA,25050,NA,NA,NA,NA,2433,NA,NA,NA,NA,383162,NA,NA,NA,NA,8513,NA,NA,NA,NA,89930,NA,NA,NA,NA,150281,NA,NA,NA,NA,17942,NA,NA,NA,NA,700940,NA,NA,NA,NA,351078,NA,NA,NA,NA,27300,NA,NA,NA,NA,500445,NA,NA,NA,NA,31500,NA,NA,NA,NA,107550,NA,NA,NA,NA
M18 [Family Planning],18.4',Oral Contraceptive,2. Stocks Received,2504658,NA,NA,NA,NA,2807,NA,NA,NA,NA,18000,NA,NA,NA,NA,7020,NA,NA,NA,NA,6310,NA,NA,NA,NA,13300,NA,NA,NA,NA,0,NA,NA,NA,NA,136800,NA,NA,NA,NA,NA,NA,NA,NA,NA,0,NA,NA,NA,NA,7200,NA,NA,NA,NA,NA,NA,NA,NA,NA,10000,NA,NA,NA,NA,4800,NA,NA,NA,NA,0,NA,NA,NA,NA,64940,NA,NA,NA,NA,82400,NA,NA,NA,NA,81960,NA,NA,NA,NA,5000,NA,NA,NA,NA,0,NA,NA,NA,NA,NA,NA,NA,NA,NA,NA,NA,NA,NA,NA,451800,NA,NA,NA,NA,74223,NA,NA,NA,NA,12600,NA,NA,NA,NA,4200,NA,NA,NA,NA,12000,NA,NA,NA,NA,0,NA,NA,NA,NA,108400,NA,NA,NA,NA,0,NA,NA,NA,NA,40200,NA,NA,NA,NA,59800,NA,NA,NA,NA,4288,NA,NA,NA,NA,280,NA,NA,NA,NA,939750,NA,NA,NA,NA,21000,NA,NA,NA,NA,45400,NA,NA,NA,NA,0,NA,NA,NA,NA,290180,NA,NA,NA,NA
M18 [Family Planning],18.4',Oral Contraceptive,3. Unusable Stock,148837,NA,NA,NA,NA,1747,NA,NA,NA,NA,28100,NA,NA,NA,NA,0,NA,NA,NA,NA,0,NA,NA,NA,NA,0,NA,NA,NA,NA,0,NA,NA,NA,NA,0,NA,NA,NA,NA,NA,NA,NA,NA,NA,0,NA,NA,NA,NA,0,NA,NA,NA,NA,NA,NA,NA,NA,NA,0,NA,NA,NA,NA,0,NA,NA,NA,NA,0,NA,NA,NA,NA,0,NA,NA,NA,NA,0,NA,NA,NA,NA,0,NA,NA,NA,NA,0,NA,NA,NA,NA,0,NA,NA,NA,NA,NA,NA,NA,NA,NA,NA,NA,NA,NA,NA,23400,NA,NA,NA,NA,0,NA,NA,NA,NA,0,NA,NA,NA,NA,0,NA,NA,NA,NA,0,NA,NA,NA,NA,0,NA,NA,NA,NA,14350,NA,NA,NA,NA,0,NA,NA,NA,NA,0,NA,NA,NA,NA,0,NA,NA,NA,NA,0,NA,NA,NA,NA,0,NA,NA,NA,NA,57000,NA,NA,NA,NA,0,NA,NA,NA,NA,21540,NA,NA,NA,NA,0,NA,NA,NA,NA,2700,NA,NA,NA,NA
M18 [Family Planning],18.4',Oral Contraceptive,4. Stock Distributed,2286657,NA,NA,NA,NA,1160,NA,NA,NA,NA,7250,NA,NA,NA,NA,4275,NA,NA,NA,NA,53645,NA,NA,NA,NA,11887,NA,NA,NA,NA,1900,NA,NA,NA,NA,152800,NA,NA,NA,NA,0,NA,NA,NA,NA,829,NA,NA,NA,NA,10444,NA,NA,NA,NA,1605,NA,NA,NA,NA,48740,NA,NA,NA,NA,46850,NA,NA,NA,NA,12145,NA,NA,NA,NA,74244,NA,NA,NA,NA,72858,NA,NA,NA,NA,57250,NA,NA,NA,NA,6450,NA,NA,NA,NA,0,NA,NA,NA,NA,NA,NA,NA,NA,NA,NA,NA,NA,NA,NA,169312,NA,NA,NA,NA,140347,NA,NA,NA,NA,6100,NA,NA,NA,NA,4300,NA,NA,NA,NA,14834,NA,NA,NA,NA,510,NA,NA,NA,NA,73400,NA,NA,NA,NA,1630,NA,NA,NA,NA,75200,NA,NA,NA,NA,40439,NA,NA,NA,NA,4101,NA,NA,NA,NA,26601,NA,NA,NA,NA,463150,NA,NA,NA,NA,22900,NA,NA,NA,NA,161501,NA,NA,NA,NA,5700,NA,NA,NA,NA,512300,NA,NA,NA,NA
M18 [Family Planning],18.4',Oral Contraceptive,5. Total Stock,5590176,NA,NA,NA,NA,22506,NA,NA,NA,NA,41500,NA,NA,NA,NA,22084,NA,NA,NA,NA,69486,NA,NA,NA,NA,50202,NA,NA,NA,NA,18400,NA,NA,NA,NA,161400,NA,NA,NA,NA,12400,NA,NA,NA,NA,49608,NA,NA,NA,NA,14855,NA,NA,NA,NA,71,NA,NA,NA,NA,101045,NA,NA,NA,NA,85430,NA,NA,NA,NA,35127,NA,NA,NA,NA,48440,NA,NA,NA,NA,427317,NA,NA,NA,NA,187855,NA,NA,NA,NA,27280,NA,NA,NA,NA,6000,NA,NA,NA,NA,NA,NA,NA,NA,NA,NA,NA,NA,NA,NA,1494372,NA,NA,NA,NA,277090,NA,NA,NA,NA,8480,NA,NA,NA,NA,9662,NA,NA,NA,NA,22216,NA,NA,NA,NA,1923,NA,NA,NA,NA,403812,NA,NA,NA,NA,6883,NA,NA,NA,NA,54930,NA,NA,NA,NA,169642,NA,NA,NA,NA,18129,NA,NA,NA,NA,674619,NA,NA,NA,NA,770678,NA,NA,NA,NA,25400,NA,NA,NA,NA,362804,NA,NA,NA,NA,25800,NA,NA,NA,NA,-117270,NA,NA,NA,NA
M18 [Family Planning],'18.5',Emergency Contraceptive Pills,1. Balance From Previous Month,1503969,NA,NA,NA,NA,6354,NA,NA,NA,NA,65165,NA,NA,NA,NA,13927,NA,NA,NA,NA,44616,NA,NA,NA,NA,14381,NA,NA,NA,NA,1122,NA,NA,NA,NA,68400,NA,NA,NA,NA,2000,NA,NA,NA,NA,114515,NA,NA,NA,NA,5702,NA,NA,NA,NA,1947,NA,NA,NA,NA,40027,NA,NA,NA,NA,38350,NA,NA,NA,NA,7511,NA,NA,NA,NA,31984,NA,NA,NA,NA,210980,NA,NA,NA,NA,31588,NA,NA,NA,NA,9320,NA,NA,NA,NA,2700,NA,NA,NA,NA,NA,NA,NA,NA,NA,NA,NA,NA,NA,NA,162303,NA,NA,NA,NA,50888,NA,NA,NA,NA,6348,NA,NA,NA,NA,5890,NA,NA,NA,NA,969,NA,NA,NA,NA,2993,NA,NA,NA,NA,54665,NA,NA,NA,NA,0,NA,NA,NA,NA,24800,NA,NA,NA,NA,16795,NA,NA,NA,NA,587,NA,NA,NA,NA,145161,NA,NA,NA,NA,31315,NA,NA,NA,NA,4300,NA,NA,NA,NA,266244,NA,NA,NA,NA,8650,NA,NA,NA,NA,11472,NA,NA,NA,NA
M18 [Family Planning],18.5',Emergency Contraceptive Pills,2. Stocks Received,1437814,NA,NA,NA,NA,820,NA,NA,NA,NA,14400,NA,NA,NA,NA,4000,NA,NA,NA,NA,15264,NA,NA,NA,NA,12725,NA,NA,NA,NA,0,NA,NA,NA,NA,44900,NA,NA,NA,NA,NA,NA,NA,NA,NA,0,NA,NA,NA,NA,850,NA,NA,NA,NA,NA,NA,NA,NA,NA,0,NA,NA,NA,NA,6350,NA,NA,NA,NA,0,NA,NA,NA,NA,3800,NA,NA,NA,NA,20650,NA,NA,NA,NA,51800,NA,NA,NA,NA,0,NA,NA,NA,NA,0,NA,NA,NA,NA,NA,NA,NA,NA,NA,NA,NA,NA,NA,NA,73500,NA,NA,NA,NA,5500,NA,NA,NA,NA,0,NA,NA,NA,NA,1000,NA,NA,NA,NA,8000,NA,NA,NA,NA,0,NA,NA,NA,NA,19600,NA,NA,NA,NA,0,NA,NA,NA,NA,12000,NA,NA,NA,NA,12500,NA,NA,NA,NA,200,NA,NA,NA,NA,5,NA,NA,NA,NA,1087600,NA,NA,NA,NA,2300,NA,NA,NA,NA,31050,NA,NA,NA,NA,0,NA,NA,NA,NA,9000,NA,NA,NA,NA
M18 [Family Planning],18.5',Emergency Contraceptive Pills,3. Unusable Stock,101058,NA,NA,NA,NA,550,NA,NA,NA,NA,25470,NA,NA,NA,NA,0,NA,NA,NA,NA,0,NA,NA,NA,NA,0,NA,NA,NA,NA,0,NA,NA,NA,NA,0,NA,NA,NA,NA,NA,NA,NA,NA,NA,0,NA,NA,NA,NA,0,NA,NA,NA,NA,NA,NA,NA,NA,NA,600,NA,NA,NA,NA,0,NA,NA,NA,NA,0,NA,NA,NA,NA,0,NA,NA,NA,NA,0,NA,NA,NA,NA,0,NA,NA,NA,NA,0,NA,NA,NA,NA,0,NA,NA,NA,NA,NA,NA,NA,NA,NA,NA,NA,NA,NA,NA,2400,NA,NA,NA,NA,0,NA,NA,NA,NA,0,NA,NA,NA,NA,0,NA,NA,NA,NA,0,NA,NA,NA,NA,0,NA,NA,NA,NA,299,NA,NA,NA,NA,0,NA,NA,NA,NA,0,NA,NA,NA,NA,0,NA,NA,NA,NA,0,NA,NA,NA,NA,0,NA,NA,NA,NA,69000,NA,NA,NA,NA,0,NA,NA,NA,NA,2039,NA,NA,NA,NA,0,NA,NA,NA,NA,700,NA,NA,NA,NA
M18 [Family Planning],18.5',Emergency Contraceptive Pills,4. Stock Distributed,734534,NA,NA,NA,NA,85,NA,NA,NA,NA,8370,NA,NA,NA,NA,1100,NA,NA,NA,NA,2460,NA,NA,NA,NA,5730,NA,NA,NA,NA,50,NA,NA,NA,NA,35780,NA,NA,NA,NA,0,NA,NA,NA,NA,638,NA,NA,NA,NA,1631,NA,NA,NA,NA,50,NA,NA,NA,NA,11067,NA,NA,NA,NA,9070,NA,NA,NA,NA,1461,NA,NA,NA,NA,6426,NA,NA,NA,NA,28292,NA,NA,NA,NA,13675,NA,NA,NA,NA,400,NA,NA,NA,NA,0,NA,NA,NA,NA,NA,NA,NA,NA,NA,NA,NA,NA,NA,NA,31320,NA,NA,NA,NA,25256,NA,NA,NA,NA,1104,NA,NA,NA,NA,950,NA,NA,NA,NA,2219,NA,NA,NA,NA,322,NA,NA,NA,NA,8835,NA,NA,NA,NA,0,NA,NA,NA,NA,18050,NA,NA,NA,NA,10129,NA,NA,NA,NA,27,NA,NA,NA,NA,2424,NA,NA,NA,NA,425315,NA,NA,NA,NA,2200,NA,NA,NA,NA,71148,NA,NA,NA,NA,1600,NA,NA,NA,NA,7350,NA,NA,NA,NA
M18 [Family Planning],18.5',Emergency Contraceptive Pills,5. Total Stock,2106191,NA,NA,NA,NA,6539,NA,NA,NA,NA,45725,NA,NA,NA,NA,16827,NA,NA,NA,NA,57420,NA,NA,NA,NA,21376,NA,NA,NA,NA,1072,NA,NA,NA,NA,77520,NA,NA,NA,NA,2000,NA,NA,NA,NA,113877,NA,NA,NA,NA,4921,NA,NA,NA,NA,1897,NA,NA,NA,NA,28360,NA,NA,NA,NA,35630,NA,NA,NA,NA,6050,NA,NA,NA,NA,29358,NA,NA,NA,NA,203338,NA,NA,NA,NA,69713,NA,NA,NA,NA,8920,NA,NA,NA,NA,2700,NA,NA,NA,NA,NA,NA,NA,NA,NA,NA,NA,NA,NA,NA,202083,NA,NA,NA,NA,31132,NA,NA,NA,NA,5244,NA,NA,NA,NA,5940,NA,NA,NA,NA,6750,NA,NA,NA,NA,2671,NA,NA,NA,NA,65131,NA,NA,NA,NA,0,NA,NA,NA,NA,18750,NA,NA,NA,NA,19166,NA,NA,NA,NA,760,NA,NA,NA,NA,142742,NA,NA,NA,NA,624600,NA,NA,NA,NA,4400,NA,NA,NA,NA,224107,NA,NA,NA,NA,7050,NA,NA,NA,NA,12422,NA,NA,NA,NA
M18 [Family Planning],'18.6',Centchroman weekly pills,1. Balance From Previous Month,772458,NA,NA,NA,NA,0,NA,NA,NA,NA,23584,NA,NA,NA,NA,2400,NA,NA,NA,NA,21556,NA,NA,NA,NA,29492,NA,NA,NA,NA,3650,NA,NA,NA,NA,41000,NA,NA,NA,NA,1536,NA,NA,NA,NA,1178,NA,NA,NA,NA,7242,NA,NA,NA,NA,324,NA,NA,NA,NA,13313,NA,NA,NA,NA,14948,NA,NA,NA,NA,3688,NA,NA,NA,NA,9539,NA,NA,NA,NA,24173,NA,NA,NA,NA,39760,NA,NA,NA,NA,500,NA,NA,NA,NA,4000,NA,NA,NA,NA,NA,NA,NA,NA,NA,NA,NA,NA,NA,NA,82882,NA,NA,NA,NA,31820,NA,NA,NA,NA,0,NA,NA,NA,NA,618,NA,NA,NA,NA,60,NA,NA,NA,NA,0,NA,NA,NA,NA,16115,NA,NA,NA,NA,0,NA,NA,NA,NA,3200,NA,NA,NA,NA,21108,NA,NA,NA,NA,569,NA,NA,NA,NA,223533,NA,NA,NA,NA,35900,NA,NA,NA,NA,59,NA,NA,NA,NA,70551,NA,NA,NA,NA,1420,NA,NA,NA,NA,42740,NA,NA,NA,NA
M18 [Family Planning],18.6',Centchroman weekly pills,2. Stocks Received,1083200,NA,NA,NA,NA,0,NA,NA,NA,NA,22440,NA,NA,NA,NA,0,NA,NA,NA,NA,0,NA,NA,NA,NA,17600,NA,NA,NA,NA,0,NA,NA,NA,NA,20400,NA,NA,NA,NA,5000,NA,NA,NA,NA,0,NA,NA,NA,NA,1200,NA,NA,NA,NA,NA,NA,NA,NA,NA,15260,NA,NA,NA,NA,3600,NA,NA,NA,NA,0,NA,NA,NA,NA,200,NA,NA,NA,NA,25800,NA,NA,NA,NA,30000,NA,NA,NA,NA,4800,NA,NA,NA,NA,0,NA,NA,NA,NA,NA,NA,NA,NA,NA,NA,NA,NA,NA,NA,31900,NA,NA,NA,NA,4500,NA,NA,NA,NA,24000,NA,NA,NA,NA,0,NA,NA,NA,NA,0,NA,NA,NA,NA,0,NA,NA,NA,NA,3200,NA,NA,NA,NA,0,NA,NA,NA,NA,100,NA,NA,NA,NA,6800,NA,NA,NA,NA,0,NA,NA,NA,NA,0,NA,NA,NA,NA,785200,NA,NA,NA,NA,0,NA,NA,NA,NA,3600,NA,NA,NA,NA,0,NA,NA,NA,NA,77600,NA,NA,NA,NA
M18 [Family Planning],18.6',Centchroman weekly pills,3. Unusable Stock,276602,NA,NA,NA,NA,0,NA,NA,NA,NA,14400,NA,NA,NA,NA,0,NA,NA,NA,NA,0,NA,NA,NA,NA,0,NA,NA,NA,NA,0,NA,NA,NA,NA,0,NA,NA,NA,NA,NA,NA,NA,NA,NA,0,NA,NA,NA,NA,0,NA,NA,NA,NA,NA,NA,NA,NA,NA,500,NA,NA,NA,NA,0,NA,NA,NA,NA,0,NA,NA,NA,NA,0,NA,NA,NA,NA,0,NA,NA,NA,NA,0,NA,NA,NA,NA,0,NA,NA,NA,NA,0,NA,NA,NA,NA,NA,NA,NA,NA,NA,NA,NA,NA,NA,NA,23330,NA,NA,NA,NA,0,NA,NA,NA,NA,NA,NA,NA,NA,NA,0,NA,NA,NA,NA,0,NA,NA,NA,NA,0,NA,NA,NA,NA,0,NA,NA,NA,NA,0,NA,NA,NA,NA,0,NA,NA,NA,NA,0,NA,NA,NA,NA,0,NA,NA,NA,NA,0,NA,NA,NA,NA,230400,NA,NA,NA,NA,0,NA,NA,NA,NA,172,NA,NA,NA,NA,0,NA,NA,NA,NA,7800,NA,NA,NA,NA
M18 [Family Planning],18.6',Centchroman weekly pills,4. Stock Distributed,593903,NA,NA,NA,NA,0,NA,NA,NA,NA,4002,NA,NA,NA,NA,120,NA,NA,NA,NA,3646,NA,NA,NA,NA,7250,NA,NA,NA,NA,100,NA,NA,NA,NA,57100,NA,NA,NA,NA,1265,NA,NA,NA,NA,0,NA,NA,NA,NA,2415,NA,NA,NA,NA,190,NA,NA,NA,NA,4426,NA,NA,NA,NA,2382,NA,NA,NA,NA,135,NA,NA,NA,NA,635,NA,NA,NA,NA,14500,NA,NA,NA,NA,29650,NA,NA,NA,NA,3700,NA,NA,NA,NA,0,NA,NA,NA,NA,NA,NA,NA,NA,NA,NA,NA,NA,NA,NA,20603,NA,NA,NA,NA,16165,NA,NA,NA,NA,800,NA,NA,NA,NA,179,NA,NA,NA,NA,0,NA,NA,NA,NA,0,NA,NA,NA,NA,3290,NA,NA,NA,NA,0,NA,NA,NA,NA,1985,NA,NA,NA,NA,7490,NA,NA,NA,NA,519,NA,NA,NA,NA,5612,NA,NA,NA,NA,342860,NA,NA,NA,NA,59,NA,NA,NA,NA,17905,NA,NA,NA,NA,0,NA,NA,NA,NA,44920,NA,NA,NA,NA
M18 [Family Planning],18.6',Centchroman weekly pills,5. Total Stock,1265583,NA,NA,NA,NA,0,NA,NA,NA,NA,42022,NA,NA,NA,NA,2280,NA,NA,NA,NA,17910,NA,NA,NA,NA,35992,NA,NA,NA,NA,3550,NA,NA,NA,NA,17500,NA,NA,NA,NA,5271,NA,NA,NA,NA,1178,NA,NA,NA,NA,6027,NA,NA,NA,NA,134,NA,NA,NA,NA,23647,NA,NA,NA,NA,16216,NA,NA,NA,NA,3553,NA,NA,NA,NA,9104,NA,NA,NA,NA,35473,NA,NA,NA,NA,40110,NA,NA,NA,NA,1600,NA,NA,NA,NA,4000,NA,NA,NA,NA,NA,NA,NA,NA,NA,NA,NA,NA,NA,NA,103879,NA,NA,NA,NA,20155,NA,NA,NA,NA,23200,NA,NA,NA,NA,439,NA,NA,NA,NA,60,NA,NA,NA,NA,0,NA,NA,NA,NA,16025,NA,NA,NA,NA,0,NA,NA,NA,NA,1315,NA,NA,NA,NA,18145,NA,NA,NA,NA,50,NA,NA,NA,NA,217894,NA,NA,NA,NA,478240,NA,NA,NA,NA,0,NA,NA,NA,NA,51574,NA,NA,NA,NA,1420,NA,NA,NA,NA,67620,NA,NA,NA,NA
M18 [Family Planning],'18.7',Injectable Contraceptive MPA (Vials),1. Balance From Previous Month,361797,NA,NA,NA,NA,8,NA,NA,NA,NA,1497,NA,NA,NA,NA,154,NA,NA,NA,NA,28075,NA,NA,NA,NA,20764,NA,NA,NA,NA,5839,NA,NA,NA,NA,14656,NA,NA,NA,NA,320,NA,NA,NA,NA,5240,NA,NA,NA,NA,4991,NA,NA,NA,NA,1536,NA,NA,NA,NA,2987,NA,NA,NA,NA,18016,NA,NA,NA,NA,1678,NA,NA,NA,NA,4039,NA,NA,NA,NA,11006,NA,NA,NA,NA,7969,NA,NA,NA,NA,2024,NA,NA,NA,NA,128,NA,NA,NA,NA,NA,NA,NA,NA,NA,NA,NA,NA,NA,NA,19511,NA,NA,NA,NA,4306,NA,NA,NA,NA,96,NA,NA,NA,NA,1380,NA,NA,NA,NA,0,NA,NA,NA,NA,0,NA,NA,NA,NA,37566,NA,NA,NA,NA,0,NA,NA,NA,NA,13009,NA,NA,NA,NA,8670,NA,NA,NA,NA,135,NA,NA,NA,NA,72439,NA,NA,NA,NA,0,NA,NA,NA,NA,70,NA,NA,NA,NA,50626,NA,NA,NA,NA,1202,NA,NA,NA,NA,21860,NA,NA,NA,NA
M18 [Family Planning],18.7',Injectable Contraceptive MPA (Vials),2. Stocks Received,48886,NA,NA,NA,NA,0,NA,NA,NA,NA,0,NA,NA,NA,NA,0,NA,NA,NA,NA,1300,NA,NA,NA,NA,3592,NA,NA,NA,NA,0,NA,NA,NA,NA,240,NA,NA,NA,NA,NA,NA,NA,NA,NA,0,NA,NA,NA,NA,1160,NA,NA,NA,NA,NA,NA,NA,NA,NA,6461,NA,NA,NA,NA,720,NA,NA,NA,NA,0,NA,NA,NA,NA,2505,NA,NA,NA,NA,2940,NA,NA,NA,NA,3600,NA,NA,NA,NA,0,NA,NA,NA,NA,0,NA,NA,NA,NA,NA,NA,NA,NA,NA,NA,NA,NA,NA,NA,6920,NA,NA,NA,NA,3200,NA,NA,NA,NA,0,NA,NA,NA,NA,240,NA,NA,NA,NA,0,NA,NA,NA,NA,0,NA,NA,NA,NA,960,NA,NA,NA,NA,0,NA,NA,NA,NA,200,NA,NA,NA,NA,2990,NA,NA,NA,NA,0,NA,NA,NA,NA,0,NA,NA,NA,NA,240,NA,NA,NA,NA,228,NA,NA,NA,NA,1920,NA,NA,NA,NA,0,NA,NA,NA,NA,9470,NA,NA,NA,NA
M18 [Family Planning],18.7',Injectable Contraceptive MPA (Vials),3. Unusable Stock,4782,NA,NA,NA,NA,0,NA,NA,NA,NA,670,NA,NA,NA,NA,0,NA,NA,NA,NA,0,NA,NA,NA,NA,0,NA,NA,NA,NA,0,NA,NA,NA,NA,0,NA,NA,NA,NA,NA,NA,NA,NA,NA,0,NA,NA,NA,NA,0,NA,NA,NA,NA,NA,NA,NA,NA,NA,488,NA,NA,NA,NA,0,NA,NA,NA,NA,0,NA,NA,NA,NA,1000,NA,NA,NA,NA,0,NA,NA,NA,NA,0,NA,NA,NA,NA,0,NA,NA,NA,NA,0,NA,NA,NA,NA,NA,NA,NA,NA,NA,NA,NA,NA,NA,NA,0,NA,NA,NA,NA,0,NA,NA,NA,NA,NA,NA,NA,NA,NA,0,NA,NA,NA,NA,0,NA,NA,NA,NA,0,NA,NA,NA,NA,0,NA,NA,NA,NA,0,NA,NA,NA,NA,0,NA,NA,NA,NA,0,NA,NA,NA,NA,0,NA,NA,NA,NA,10,NA,NA,NA,NA,0,NA,NA,NA,NA,0,NA,NA,NA,NA,888,NA,NA,NA,NA,0,NA,NA,NA,NA,1726,NA,NA,NA,NA
M18 [Family Planning],18.7',Injectable Contraceptive MPA (Vials),4. Stock Distributed,77833,NA,NA,NA,NA,8,NA,NA,NA,NA,0,NA,NA,NA,NA,51,NA,NA,NA,NA,8017,NA,NA,NA,NA,5210,NA,NA,NA,NA,308,NA,NA,NA,NA,1414,NA,NA,NA,NA,144,NA,NA,NA,NA,56,NA,NA,NA,NA,3851,NA,NA,NA,NA,90,NA,NA,NA,NA,1260,NA,NA,NA,NA,1983,NA,NA,NA,NA,679,NA,NA,NA,NA,3784,NA,NA,NA,NA,3374,NA,NA,NA,NA,2329,NA,NA,NA,NA,80,NA,NA,NA,NA,0,NA,NA,NA,NA,NA,NA,NA,NA,NA,NA,NA,NA,NA,NA,6313,NA,NA,NA,NA,3304,NA,NA,NA,NA,32,NA,NA,NA,NA,553,NA,NA,NA,NA,0,NA,NA,NA,NA,0,NA,NA,NA,NA,3190,NA,NA,NA,NA,0,NA,NA,NA,NA,831,NA,NA,NA,NA,5924,NA,NA,NA,NA,95,NA,NA,NA,NA,3030,NA,NA,NA,NA,0,NA,NA,NA,NA,144,NA,NA,NA,NA,7779,NA,NA,NA,NA,256,NA,NA,NA,NA,13744,NA,NA,NA,NA
M18 [Family Planning],18.7',Injectable Contraceptive MPA (Vials),5. Total Stock,330387,NA,NA,NA,NA,0,NA,NA,NA,NA,1497,NA,NA,NA,NA,103,NA,NA,NA,NA,21358,NA,NA,NA,NA,18339,NA,NA,NA,NA,5531,NA,NA,NA,NA,13482,NA,NA,NA,NA,176,NA,NA,NA,NA,5184,NA,NA,NA,NA,2300,NA,NA,NA,NA,1446,NA,NA,NA,NA,7990,NA,NA,NA,NA,16993,NA,NA,NA,NA,999,NA,NA,NA,NA,3760,NA,NA,NA,NA,10556,NA,NA,NA,NA,9240,NA,NA,NA,NA,1144,NA,NA,NA,NA,128,NA,NA,NA,NA,NA,NA,NA,NA,NA,NA,NA,NA,NA,NA,18951,NA,NA,NA,NA,7110,NA,NA,NA,NA,64,NA,NA,NA,NA,1067,NA,NA,NA,NA,0,NA,NA,NA,NA,0,NA,NA,NA,NA,35336,NA,NA,NA,NA,0,NA,NA,NA,NA,12378,NA,NA,NA,NA,5377,NA,NA,NA,NA,40,NA,NA,NA,NA,69399,NA,NA,NA,NA,240,NA,NA,NA,NA,154,NA,NA,NA,NA,43239,NA,NA,NA,NA,946,NA,NA,NA,NA,15860,NA,NA,NA,NA
M18 [Family Planning],'18.8',Tubal rings,1. Balance From Previous Month,599006,NA,NA,NA,NA,0,NA,NA,NA,NA,4700,NA,NA,NA,NA,0,NA,NA,NA,NA,16475,NA,NA,NA,NA,0,NA,NA,NA,NA,1300,NA,NA,NA,NA,11665,NA,NA,NA,NA,2800,NA,NA,NA,NA,0,NA,NA,NA,NA,2518,NA,NA,NA,NA,1135,NA,NA,NA,NA,46041,NA,NA,NA,NA,2600,NA,NA,NA,NA,10198,NA,NA,NA,NA,6403,NA,NA,NA,NA,11358,NA,NA,NA,NA,55822,NA,NA,NA,NA,3685,NA,NA,NA,NA,0,NA,NA,NA,NA,NA,NA,NA,NA,NA,NA,NA,NA,NA,NA,144708,NA,NA,NA,NA,25910,NA,NA,NA,NA,NA,NA,NA,NA,NA,100,NA,NA,NA,NA,0,NA,NA,NA,NA,300,NA,NA,NA,NA,27495,NA,NA,NA,NA,0,NA,NA,NA,NA,4700,NA,NA,NA,NA,28556,NA,NA,NA,NA,0,NA,NA,NA,NA,34726,NA,NA,NA,NA,5100,NA,NA,NA,NA,460,NA,NA,NA,NA,145691,NA,NA,NA,NA,3160,NA,NA,NA,NA,1400,NA,NA,NA,NA
M18 [Family Planning],18.8',Tubal rings,2. Stocks Received,44955,NA,NA,NA,NA,0,NA,NA,NA,NA,0,NA,NA,NA,NA,0,NA,NA,NA,NA,1000,NA,NA,NA,NA,0,NA,NA,NA,NA,0,NA,NA,NA,NA,0,NA,NA,NA,NA,NA,NA,NA,NA,NA,0,NA,NA,NA,NA,1500,NA,NA,NA,NA,NA,NA,NA,NA,NA,0,NA,NA,NA,NA,0,NA,NA,NA,NA,114,NA,NA,NA,NA,500,NA,NA,NA,NA,0,NA,NA,NA,NA,12000,NA,NA,NA,NA,400,NA,NA,NA,NA,0,NA,NA,NA,NA,NA,NA,NA,NA,NA,NA,NA,NA,NA,NA,4000,NA,NA,NA,NA,6500,NA,NA,NA,NA,NA,NA,NA,NA,NA,0,NA,NA,NA,NA,0,NA,NA,NA,NA,0,NA,NA,NA,NA,4000,NA,NA,NA,NA,0,NA,NA,NA,NA,0,NA,NA,NA,NA,4800,NA,NA,NA,NA,0,NA,NA,NA,NA,541,NA,NA,NA,NA,5000,NA,NA,NA,NA,0,NA,NA,NA,NA,4600,NA,NA,NA,NA,0,NA,NA,NA,NA,0,NA,NA,NA,NA
M18 [Family Planning],18.8',Tubal rings,3. Unusable Stock,19973,NA,NA,NA,NA,0,NA,NA,NA,NA,0,NA,NA,NA,NA,0,NA,NA,NA,NA,0,NA,NA,NA,NA,0,NA,NA,NA,NA,0,NA,NA,NA,NA,0,NA,NA,NA,NA,NA,NA,NA,NA,NA,0,NA,NA,NA,NA,0,NA,NA,NA,NA,NA,NA,NA,NA,NA,10450,NA,NA,NA,NA,0,NA,NA,NA,NA,0,NA,NA,NA,NA,500,NA,NA,NA,NA,0,NA,NA,NA,NA,0,NA,NA,NA,NA,0,NA,NA,NA,NA,0,NA,NA,NA,NA,NA,NA,NA,NA,NA,NA,NA,NA,NA,NA,0,NA,NA,NA,NA,0,NA,NA,NA,NA,NA,NA,NA,NA,NA,0,NA,NA,NA,NA,0,NA,NA,NA,NA,0,NA,NA,NA,NA,0,NA,NA,NA,NA,0,NA,NA,NA,NA,0,NA,NA,NA,NA,0,NA,NA,NA,NA,0,NA,NA,NA,NA,23,NA,NA,NA,NA,6000,NA,NA,NA,NA,0,NA,NA,NA,NA,3000,NA,NA,NA,NA,0,NA,NA,NA,NA,0,NA,NA,NA,NA
M18 [Family Planning],18.8',Tubal rings,4. Stock Distributed,73125,NA,NA,NA,NA,0,NA,NA,NA,NA,0,NA,NA,NA,NA,0,NA,NA,NA,NA,5700,NA,NA,NA,NA,0,NA,NA,NA,NA,0,NA,NA,NA,NA,235,NA,NA,NA,NA,0,NA,NA,NA,NA,0,NA,NA,NA,NA,600,NA,NA,NA,NA,NA,NA,NA,NA,NA,1600,NA,NA,NA,NA,0,NA,NA,NA,NA,214,NA,NA,NA,NA,500,NA,NA,NA,NA,2450,NA,NA,NA,NA,8530,NA,NA,NA,NA,1200,NA,NA,NA,NA,0,NA,NA,NA,NA,NA,NA,NA,NA,NA,NA,NA,NA,NA,NA,10867,NA,NA,NA,NA,13275,NA,NA,NA,NA,NA,NA,NA,NA,NA,0,NA,NA,NA,NA,0,NA,NA,NA,NA,0,NA,NA,NA,NA,2100,NA,NA,NA,NA,0,NA,NA,NA,NA,1700,NA,NA,NA,NA,1846,NA,NA,NA,NA,0,NA,NA,NA,NA,5969,NA,NA,NA,NA,1500,NA,NA,NA,NA,0,NA,NA,NA,NA,14379,NA,NA,NA,NA,460,NA,NA,NA,NA,0,NA,NA,NA,NA
M18 [Family Planning],18.8',Tubal rings,5. Total Stock,533554,NA,NA,NA,NA,0,NA,NA,NA,NA,4700,NA,NA,NA,NA,0,NA,NA,NA,NA,11775,NA,NA,NA,NA,0,NA,NA,NA,NA,1300,NA,NA,NA,NA,11430,NA,NA,NA,NA,2800,NA,NA,NA,NA,0,NA,NA,NA,NA,3418,NA,NA,NA,NA,1135,NA,NA,NA,NA,34571,NA,NA,NA,NA,2600,NA,NA,NA,NA,10098,NA,NA,NA,NA,5903,NA,NA,NA,NA,8908,NA,NA,NA,NA,59292,NA,NA,NA,NA,2885,NA,NA,NA,NA,0,NA,NA,NA,NA,NA,NA,NA,NA,NA,NA,NA,NA,NA,NA,143914,NA,NA,NA,NA,18835,NA,NA,NA,NA,NA,NA,NA,NA,NA,100,NA,NA,NA,NA,0,NA,NA,NA,NA,300,NA,NA,NA,NA,29395,NA,NA,NA,NA,0,NA,NA,NA,NA,3000,NA,NA,NA,NA,22332,NA,NA,NA,NA,0,NA,NA,NA,NA,29271,NA,NA,NA,NA,8600,NA,NA,NA,NA,460,NA,NA,NA,NA,112432,NA,NA,NA,NA,2700,NA,NA,NA,NA,1400,NA,NA,NA,NA
M18 [Family Planning],'18.9',Pregnancy testing Kits (Nischay Kits),1. Balance From Previous Month,2516232,NA,NA,NA,NA,5251,NA,NA,NA,NA,32136,NA,NA,NA,NA,4540,NA,NA,NA,NA,106777,NA,NA,NA,NA,29465,NA,NA,NA,NA,8890,NA,NA,NA,NA,133470,NA,NA,NA,NA,5000,NA,NA,NA,NA,3611,NA,NA,NA,NA,7942,NA,NA,NA,NA,26155,NA,NA,NA,NA,85820,NA,NA,NA,NA,131278,NA,NA,NA,NA,56103,NA,NA,NA,NA,12573,NA,NA,NA,NA,82120,NA,NA,NA,NA,14222,NA,NA,NA,NA,42280,NA,NA,NA,NA,9200,NA,NA,NA,NA,NA,NA,NA,NA,NA,NA,NA,NA,NA,NA,139697,NA,NA,NA,NA,180794,NA,NA,NA,NA,2202,NA,NA,NA,NA,24988,NA,NA,NA,NA,4280,NA,NA,NA,NA,2375,NA,NA,NA,NA,120967,NA,NA,NA,NA,4000,NA,NA,NA,NA,51750,NA,NA,NA,NA,46967,NA,NA,NA,NA,654,NA,NA,NA,NA,613232,NA,NA,NA,NA,94150,NA,NA,NA,NA,12970,NA,NA,NA,NA,362043,NA,NA,NA,NA,1810,NA,NA,NA,NA,56520,NA,NA,NA,NA
M18 [Family Planning],18.9',Pregnancy testing Kits (Nischay Kits),2. Stocks Received,785237,NA,NA,NA,NA,1100,NA,NA,NA,NA,0,NA,NA,NA,NA,1034,NA,NA,NA,NA,21250,NA,NA,NA,NA,37900,NA,NA,NA,NA,0,NA,NA,NA,NA,51800,NA,NA,NA,NA,NA,NA,NA,NA,NA,0,NA,NA,NA,NA,2500,NA,NA,NA,NA,NA,NA,NA,NA,NA,8000,NA,NA,NA,NA,39000,NA,NA,NA,NA,0,NA,NA,NA,NA,6630,NA,NA,NA,NA,73000,NA,NA,NA,NA,18415,NA,NA,NA,NA,8000,NA,NA,NA,NA,0,NA,NA,NA,NA,NA,NA,NA,NA,NA,NA,NA,NA,NA,NA,59300,NA,NA,NA,NA,52100,NA,NA,NA,NA,9000,NA,NA,NA,NA,2200,NA,NA,NA,NA,0,NA,NA,NA,NA,250,NA,NA,NA,NA,35000,NA,NA,NA,NA,0,NA,NA,NA,NA,6000,NA,NA,NA,NA,54480,NA,NA,NA,NA,100,NA,NA,NA,NA,185478,NA,NA,NA,NA,13000,NA,NA,NA,NA,2000,NA,NA,NA,NA,44000,NA,NA,NA,NA,0,NA,NA,NA,NA,53700,NA,NA,NA,NA
M18 [Family Planning],18.9',Pregnancy testing Kits (Nischay Kits),3. Unusable Stock,26881,NA,NA,NA,NA,400,NA,NA,NA,NA,8080,NA,NA,NA,NA,0,NA,NA,NA,NA,0,NA,NA,NA,NA,0,NA,NA,NA,NA,0,NA,NA,NA,NA,0,NA,NA,NA,NA,NA,NA,NA,NA,NA,0,NA,NA,NA,NA,0,NA,NA,NA,NA,NA,NA,NA,NA,NA,0,NA,NA,NA,NA,0,NA,NA,NA,NA,0,NA,NA,NA,NA,0,NA,NA,NA,NA,0,NA,NA,NA,NA,0,NA,NA,NA,NA,0,NA,NA,NA,NA,0,NA,NA,NA,NA,NA,NA,NA,NA,NA,NA,NA,NA,NA,NA,0,NA,NA,NA,NA,0,NA,NA,NA,NA,0,NA,NA,NA,NA,740,NA,NA,NA,NA,0,NA,NA,NA,NA,0,NA,NA,NA,NA,0,NA,NA,NA,NA,0,NA,NA,NA,NA,0,NA,NA,NA,NA,10000,NA,NA,NA,NA,0,NA,NA,NA,NA,0,NA,NA,NA,NA,0,NA,NA,NA,NA,0,NA,NA,NA,NA,6200,NA,NA,NA,NA,0,NA,NA,NA,NA,1461,NA,NA,NA,NA
M18 [Family Planning],18.9',Pregnancy testing Kits (Nischay Kits),4. Stock Distributed,792876,NA,NA,NA,NA,387,NA,NA,NA,NA,3000,NA,NA,NA,NA,694,NA,NA,NA,NA,34030,NA,NA,NA,NA,33210,NA,NA,NA,NA,3350,NA,NA,NA,NA,109030,NA,NA,NA,NA,0,NA,NA,NA,NA,815,NA,NA,NA,NA,5959,NA,NA,NA,NA,3096,NA,NA,NA,NA,19000,NA,NA,NA,NA,37660,NA,NA,NA,NA,16588,NA,NA,NA,NA,9170,NA,NA,NA,NA,52800,NA,NA,NA,NA,15445,NA,NA,NA,NA,22350,NA,NA,NA,NA,0,NA,NA,NA,NA,NA,NA,NA,NA,NA,NA,NA,NA,NA,NA,52107,NA,NA,NA,NA,58605,NA,NA,NA,NA,1510,NA,NA,NA,NA,7230,NA,NA,NA,NA,10,NA,NA,NA,NA,285,NA,NA,NA,NA,31830,NA,NA,NA,NA,4000,NA,NA,NA,NA,28250,NA,NA,NA,NA,36538,NA,NA,NA,NA,297,NA,NA,NA,NA,52085,NA,NA,NA,NA,16350,NA,NA,NA,NA,4870,NA,NA,NA,NA,80736,NA,NA,NA,NA,0,NA,NA,NA,NA,51589,NA,NA,NA,NA
M18 [Family Planning],18.9',Pregnancy testing Kits (Nischay Kits),5. Total Stock,2536104,NA,NA,NA,NA,5564,NA,NA,NA,NA,29436,NA,NA,NA,NA,4880,NA,NA,NA,NA,103997,NA,NA,NA,NA,24755,NA,NA,NA,NA,5540,NA,NA,NA,NA,120440,NA,NA,NA,NA,5000,NA,NA,NA,NA,2796,NA,NA,NA,NA,4483,NA,NA,NA,NA,23059,NA,NA,NA,NA,77220,NA,NA,NA,NA,134618,NA,NA,NA,NA,39515,NA,NA,NA,NA,10033,NA,NA,NA,NA,102320,NA,NA,NA,NA,26192,NA,NA,NA,NA,27930,NA,NA,NA,NA,9200,NA,NA,NA,NA,NA,NA,NA,NA,NA,NA,NA,NA,NA,NA,150065,NA,NA,NA,NA,150896,NA,NA,NA,NA,9692,NA,NA,NA,NA,19218,NA,NA,NA,NA,4270,NA,NA,NA,NA,2340,NA,NA,NA,NA,124137,NA,NA,NA,NA,0,NA,NA,NA,NA,31850,NA,NA,NA,NA,52589,NA,NA,NA,NA,457,NA,NA,NA,NA,767325,NA,NA,NA,NA,90800,NA,NA,NA,NA,10100,NA,NA,NA,NA,306407,NA,NA,NA,NA,1810,NA,NA,NA,NA,57170,NA,NA,NA,NA
M19 [Other Items],'19.1',Gloves,1. Balance From Previous Month,6688633,NA,NA,NA,NA,22784,NA,NA,NA,NA,6750,NA,NA,NA,NA,1410,NA,NA,NA,NA,255115,NA,NA,NA,NA,1069490,NA,NA,NA,NA,NA,NA,NA,NA,NA,64700,NA,NA,NA,NA,0,NA,NA,NA,NA,0,NA,NA,NA,NA,0,NA,NA,NA,NA,NA,NA,NA,NA,NA,34760,NA,NA,NA,NA,6000,NA,NA,NA,NA,87728,NA,NA,NA,NA,569,NA,NA,NA,NA,0,NA,NA,NA,NA,26645,NA,NA,NA,NA,0,NA,NA,NA,NA,NA,NA,NA,NA,NA,NA,NA,NA,NA,NA,NA,NA,NA,NA,NA,732308,NA,NA,NA,NA,436252,NA,NA,NA,NA,4518,NA,NA,NA,NA,7250,NA,NA,NA,NA,0,NA,NA,NA,NA,13744,NA,NA,NA,NA,2227756,NA,NA,NA,NA,0,NA,NA,NA,NA,0,NA,NA,NA,NA,158156,NA,NA,NA,NA,3538,NA,NA,NA,NA,508465,NA,NA,NA,NA,2,NA,NA,NA,NA,54935,NA,NA,NA,NA,900738,NA,NA,NA,NA,45085,NA,NA,NA,NA,19935,NA,NA,NA,NA
M19 [Other Items],19.1',Gloves,2. Stocks Received,2988259,NA,NA,NA,NA,10200,NA,NA,NA,NA,10000,NA,NA,NA,NA,10040,NA,NA,NA,NA,1031850,NA,NA,NA,NA,369800,NA,NA,NA,NA,NA,NA,NA,NA,NA,12000,NA,NA,NA,NA,NA,NA,NA,NA,NA,0,NA,NA,NA,NA,0,NA,NA,NA,NA,NA,NA,NA,NA,NA,5150,NA,NA,NA,NA,4500,NA,NA,NA,NA,2800,NA,NA,NA,NA,0,NA,NA,NA,NA,0,NA,NA,NA,NA,550,NA,NA,NA,NA,0,NA,NA,NA,NA,NA,NA,NA,NA,NA,NA,NA,NA,NA,NA,NA,NA,NA,NA,NA,449975,NA,NA,NA,NA,221032,NA,NA,NA,NA,0,NA,NA,NA,NA,0,NA,NA,NA,NA,0,NA,NA,NA,NA,0,NA,NA,NA,NA,70000,NA,NA,NA,NA,0,NA,NA,NA,NA,0,NA,NA,NA,NA,0,NA,NA,NA,NA,3482,NA,NA,NA,NA,566980,NA,NA,NA,NA,0,NA,NA,NA,NA,0,NA,NA,NA,NA,17000,NA,NA,NA,NA,2000,NA,NA,NA,NA,200900,NA,NA,NA,NA
M19 [Other Items],19.1',Gloves,3. Unusable Stock,67287,NA,NA,NA,NA,400,NA,NA,NA,NA,0,NA,NA,NA,NA,1200,NA,NA,NA,NA,0,NA,NA,NA,NA,0,NA,NA,NA,NA,NA,NA,NA,NA,NA,0,NA,NA,NA,NA,NA,NA,NA,NA,NA,0,NA,NA,NA,NA,0,NA,NA,NA,NA,NA,NA,NA,NA,NA,14850,NA,NA,NA,NA,0,NA,NA,NA,NA,0,NA,NA,NA,NA,0,NA,NA,NA,NA,0,NA,NA,NA,NA,0,NA,NA,NA,NA,0,NA,NA,NA,NA,NA,NA,NA,NA,NA,NA,NA,NA,NA,NA,NA,NA,NA,NA,NA,3900,NA,NA,NA,NA,0,NA,NA,NA,NA,0,NA,NA,NA,NA,0,NA,NA,NA,NA,0,NA,NA,NA,NA,0,NA,NA,NA,NA,0,NA,NA,NA,NA,0,NA,NA,NA,NA,0,NA,NA,NA,NA,0,NA,NA,NA,NA,0,NA,NA,NA,NA,795,NA,NA,NA,NA,2,NA,NA,NA,NA,0,NA,NA,NA,NA,46140,NA,NA,NA,NA,0,NA,NA,NA,NA,0,NA,NA,NA,NA
M19 [Other Items],19.1',Gloves,4. Stock Distributed,1679019,NA,NA,NA,NA,3545,NA,NA,NA,NA,20,NA,NA,NA,NA,10240,NA,NA,NA,NA,187027,NA,NA,NA,NA,209320,NA,NA,NA,NA,NA,NA,NA,NA,NA,40550,NA,NA,NA,NA,0,NA,NA,NA,NA,0,NA,NA,NA,NA,0,NA,NA,NA,NA,NA,NA,NA,NA,NA,10480,NA,NA,NA,NA,7000,NA,NA,NA,NA,31755,NA,NA,NA,NA,217,NA,NA,NA,NA,0,NA,NA,NA,NA,10,NA,NA,NA,NA,0,NA,NA,NA,NA,NA,NA,NA,NA,NA,NA,NA,NA,NA,NA,NA,NA,NA,NA,NA,260747,NA,NA,NA,NA,104281,NA,NA,NA,NA,1268,NA,NA,NA,NA,4805,NA,NA,NA,NA,0,NA,NA,NA,NA,200,NA,NA,NA,NA,245245,NA,NA,NA,NA,0,NA,NA,NA,NA,0,NA,NA,NA,NA,45092,NA,NA,NA,NA,2331,NA,NA,NA,NA,191590,NA,NA,NA,NA,1,NA,NA,NA,NA,12000,NA,NA,NA,NA,150900,NA,NA,NA,NA,12595,NA,NA,NA,NA,147800,NA,NA,NA,NA
M19 [Other Items],19.1',Gloves,5. Total Stock,7930586,NA,NA,NA,NA,29039,NA,NA,NA,NA,16730,NA,NA,NA,NA,10,NA,NA,NA,NA,1099938,NA,NA,NA,NA,1229970,NA,NA,NA,NA,0,NA,NA,NA,NA,36150,NA,NA,NA,NA,0,NA,NA,NA,NA,0,NA,NA,NA,NA,0,NA,NA,NA,NA,0,NA,NA,NA,NA,14580,NA,NA,NA,NA,3500,NA,NA,NA,NA,58773,NA,NA,NA,NA,352,NA,NA,NA,NA,0,NA,NA,NA,NA,27185,NA,NA,NA,NA,0,NA,NA,NA,NA,0,NA,NA,NA,NA,NA,NA,NA,NA,NA,NA,NA,NA,NA,NA,917636,NA,NA,NA,NA,553003,NA,NA,NA,NA,3250,NA,NA,NA,NA,2445,NA,NA,NA,NA,0,NA,NA,NA,NA,13544,NA,NA,NA,NA,2052511,NA,NA,NA,NA,0,NA,NA,NA,NA,0,NA,NA,NA,NA,113064,NA,NA,NA,NA,4689,NA,NA,NA,NA,883060,NA,NA,NA,NA,-1,NA,NA,NA,NA,42935,NA,NA,NA,NA,720698,NA,NA,NA,NA,34490,NA,NA,NA,NA,73035,NA,NA,NA,NA
M19 [Other Items],'19.2',MVA Syringes,1. Balance From Previous Month,150331,NA,NA,NA,NA,8570,NA,NA,NA,NA,0,NA,NA,NA,NA,1210,NA,NA,NA,NA,0,NA,NA,NA,NA,79555,NA,NA,NA,NA,NA,NA,NA,NA,NA,3,NA,NA,NA,NA,0,NA,NA,NA,NA,0,NA,NA,NA,NA,0,NA,NA,NA,NA,NA,NA,NA,NA,NA,11,NA,NA,NA,NA,0,NA,NA,NA,NA,3195,NA,NA,NA,NA,0,NA,NA,NA,NA,34,NA,NA,NA,NA,156,NA,NA,NA,NA,0,NA,NA,NA,NA,NA,NA,NA,NA,NA,NA,NA,NA,NA,NA,NA,NA,NA,NA,NA,38859,NA,NA,NA,NA,238,NA,NA,NA,NA,NA,NA,NA,NA,NA,0,NA,NA,NA,NA,0,NA,NA,NA,NA,0,NA,NA,NA,NA,0,NA,NA,NA,NA,0,NA,NA,NA,NA,7,NA,NA,NA,NA,17,NA,NA,NA,NA,0,NA,NA,NA,NA,14379,NA,NA,NA,NA,0,NA,NA,NA,NA,4000,NA,NA,NA,NA,52,NA,NA,NA,NA,7,NA,NA,NA,NA,38,NA,NA,NA,NA
M19 [Other Items],19.2',MVA Syringes,2. Stocks Received,41165,NA,NA,NA,NA,0,NA,NA,NA,NA,0,NA,NA,NA,NA,15,NA,NA,NA,NA,0,NA,NA,NA,NA,0,NA,NA,NA,NA,NA,NA,NA,NA,NA,30,NA,NA,NA,NA,NA,NA,NA,NA,NA,0,NA,NA,NA,NA,0,NA,NA,NA,NA,NA,NA,NA,NA,NA,0,NA,NA,NA,NA,0,NA,NA,NA,NA,100,NA,NA,NA,NA,0,NA,NA,NA,NA,0,NA,NA,NA,NA,0,NA,NA,NA,NA,0,NA,NA,NA,NA,NA,NA,NA,NA,NA,NA,NA,NA,NA,NA,NA,NA,NA,NA,NA,23,NA,NA,NA,NA,0,NA,NA,NA,NA,NA,NA,NA,NA,NA,0,NA,NA,NA,NA,0,NA,NA,NA,NA,0,NA,NA,NA,NA,0,NA,NA,NA,NA,0,NA,NA,NA,NA,2,NA,NA,NA,NA,0,NA,NA,NA,NA,0,NA,NA,NA,NA,40963,NA,NA,NA,NA,0,NA,NA,NA,NA,0,NA,NA,NA,NA,32,NA,NA,NA,NA,0,NA,NA,NA,NA,0,NA,NA,NA,NA
M19 [Other Items],19.2',MVA Syringes,3. Unusable Stock,1821,NA,NA,NA,NA,200,NA,NA,NA,NA,0,NA,NA,NA,NA,1000,NA,NA,NA,NA,0,NA,NA,NA,NA,0,NA,NA,NA,NA,NA,NA,NA,NA,NA,0,NA,NA,NA,NA,NA,NA,NA,NA,NA,0,NA,NA,NA,NA,0,NA,NA,NA,NA,NA,NA,NA,NA,NA,0,NA,NA,NA,NA,0,NA,NA,NA,NA,0,NA,NA,NA,NA,0,NA,NA,NA,NA,0,NA,NA,NA,NA,0,NA,NA,NA,NA,0,NA,NA,NA,NA,NA,NA,NA,NA,NA,NA,NA,NA,NA,NA,NA,NA,NA,NA,NA,13,NA,NA,NA,NA,0,NA,NA,NA,NA,NA,NA,NA,NA,NA,0,NA,NA,NA,NA,0,NA,NA,NA,NA,0,NA,NA,NA,NA,0,NA,NA,NA,NA,0,NA,NA,NA,NA,7,NA,NA,NA,NA,0,NA,NA,NA,NA,0,NA,NA,NA,NA,601,NA,NA,NA,NA,0,NA,NA,NA,NA,0,NA,NA,NA,NA,0,NA,NA,NA,NA,0,NA,NA,NA,NA,0,NA,NA,NA,NA
M19 [Other Items],19.2',MVA Syringes,4. Stock Distributed,87363,NA,NA,NA,NA,7800,NA,NA,NA,NA,0,NA,NA,NA,NA,220,NA,NA,NA,NA,0,NA,NA,NA,NA,52560,NA,NA,NA,NA,NA,NA,NA,NA,NA,30,NA,NA,NA,NA,0,NA,NA,NA,NA,0,NA,NA,NA,NA,0,NA,NA,NA,NA,NA,NA,NA,NA,NA,0,NA,NA,NA,NA,0,NA,NA,NA,NA,770,NA,NA,NA,NA,0,NA,NA,NA,NA,18,NA,NA,NA,NA,3,NA,NA,NA,NA,0,NA,NA,NA,NA,NA,NA,NA,NA,NA,NA,NA,NA,NA,NA,NA,NA,NA,NA,NA,20042,NA,NA,NA,NA,10,NA,NA,NA,NA,NA,NA,NA,NA,NA,0,NA,NA,NA,NA,0,NA,NA,NA,NA,0,NA,NA,NA,NA,0,NA,NA,NA,NA,0,NA,NA,NA,NA,2,NA,NA,NA,NA,3,NA,NA,NA,NA,0,NA,NA,NA,NA,5871,NA,NA,NA,NA,0,NA,NA,NA,NA,0,NA,NA,NA,NA,24,NA,NA,NA,NA,2,NA,NA,NA,NA,8,NA,NA,NA,NA
M19 [Other Items],19.2',MVA Syringes,5. Total Stock,102312,NA,NA,NA,NA,570,NA,NA,NA,NA,0,NA,NA,NA,NA,5,NA,NA,NA,NA,0,NA,NA,NA,NA,26995,NA,NA,NA,NA,0,NA,NA,NA,NA,3,NA,NA,NA,NA,0,NA,NA,NA,NA,0,NA,NA,NA,NA,0,NA,NA,NA,NA,0,NA,NA,NA,NA,11,NA,NA,NA,NA,0,NA,NA,NA,NA,2525,NA,NA,NA,NA,0,NA,NA,NA,NA,16,NA,NA,NA,NA,153,NA,NA,NA,NA,0,NA,NA,NA,NA,0,NA,NA,NA,NA,NA,NA,NA,NA,NA,NA,NA,NA,NA,NA,18827,NA,NA,NA,NA,228,NA,NA,NA,NA,0,NA,NA,NA,NA,0,NA,NA,NA,NA,0,NA,NA,NA,NA,0,NA,NA,NA,NA,0,NA,NA,NA,NA,0,NA,NA,NA,NA,0,NA,NA,NA,NA,14,NA,NA,NA,NA,0,NA,NA,NA,NA,48870,NA,NA,NA,NA,0,NA,NA,NA,NA,4000,NA,NA,NA,NA,60,NA,NA,NA,NA,5,NA,NA,NA,NA,30,NA,NA,NA,NA
M19 [Other Items],'19.3',Tab. Fluconazole,1. Balance From Previous Month,3185307,NA,NA,NA,NA,24135,NA,NA,NA,NA,0,NA,NA,NA,NA,0,NA,NA,NA,NA,430450,NA,NA,NA,NA,749457,NA,NA,NA,NA,NA,NA,NA,NA,NA,34000,NA,NA,NA,NA,0,NA,NA,NA,NA,0,NA,NA,NA,NA,0,NA,NA,NA,NA,NA,NA,NA,NA,NA,276980,NA,NA,NA,NA,0,NA,NA,NA,NA,13198,NA,NA,NA,NA,0,NA,NA,NA,NA,0,NA,NA,NA,NA,0,NA,NA,NA,NA,0,NA,NA,NA,NA,NA,NA,NA,NA,NA,NA,NA,NA,NA,NA,NA,NA,NA,NA,NA,816286,NA,NA,NA,NA,38502,NA,NA,NA,NA,36800,NA,NA,NA,NA,0,NA,NA,NA,NA,0,NA,NA,NA,NA,0,NA,NA,NA,NA,288260,NA,NA,NA,NA,0,NA,NA,NA,NA,0,NA,NA,NA,NA,89640,NA,NA,NA,NA,350,NA,NA,NA,NA,95999,NA,NA,NA,NA,0,NA,NA,NA,NA,8000,NA,NA,NA,NA,158900,NA,NA,NA,NA,45400,NA,NA,NA,NA,78950,NA,NA,NA,NA
M19 [Other Items],19.3',Tab. Fluconazole,2. Stocks Received,2355600,NA,NA,NA,NA,15520,NA,NA,NA,NA,0,NA,NA,NA,NA,20,NA,NA,NA,NA,1498000,NA,NA,NA,NA,294450,NA,NA,NA,NA,NA,NA,NA,NA,NA,96000,NA,NA,NA,NA,NA,NA,NA,NA,NA,0,NA,NA,NA,NA,0,NA,NA,NA,NA,NA,NA,NA,NA,NA,146700,NA,NA,NA,NA,0,NA,NA,NA,NA,0,NA,NA,NA,NA,0,NA,NA,NA,NA,0,NA,NA,NA,NA,0,NA,NA,NA,NA,0,NA,NA,NA,NA,NA,NA,NA,NA,NA,NA,NA,NA,NA,NA,NA,NA,NA,NA,NA,50700,NA,NA,NA,NA,53000,NA,NA,NA,NA,0,NA,NA,NA,NA,0,NA,NA,NA,NA,0,NA,NA,NA,NA,0,NA,NA,NA,NA,1500,NA,NA,NA,NA,0,NA,NA,NA,NA,22500,NA,NA,NA,NA,0,NA,NA,NA,NA,0,NA,NA,NA,NA,37850,NA,NA,NA,NA,0,NA,NA,NA,NA,0,NA,NA,NA,NA,8760,NA,NA,NA,NA,27000,NA,NA,NA,NA,103600,NA,NA,NA,NA
M19 [Other Items],19.3',Tab. Fluconazole,3. Unusable Stock,55588,NA,NA,NA,NA,1900,NA,NA,NA,NA,0,NA,NA,NA,NA,0,NA,NA,NA,NA,6900,NA,NA,NA,NA,0,NA,NA,NA,NA,NA,NA,NA,NA,NA,0,NA,NA,NA,NA,NA,NA,NA,NA,NA,0,NA,NA,NA,NA,0,NA,NA,NA,NA,NA,NA,NA,NA,NA,41580,NA,NA,NA,NA,0,NA,NA,NA,NA,0,NA,NA,NA,NA,0,NA,NA,NA,NA,0,NA,NA,NA,NA,0,NA,NA,NA,NA,0,NA,NA,NA,NA,NA,NA,NA,NA,NA,NA,NA,NA,NA,NA,NA,NA,NA,NA,NA,5200,NA,NA,NA,NA,0,NA,NA,NA,NA,NA,NA,NA,NA,NA,0,NA,NA,NA,NA,0,NA,NA,NA,NA,0,NA,NA,NA,NA,0,NA,NA,NA,NA,0,NA,NA,NA,NA,0,NA,NA,NA,NA,0,NA,NA,NA,NA,0,NA,NA,NA,NA,8,NA,NA,NA,NA,0,NA,NA,NA,NA,0,NA,NA,NA,NA,0,NA,NA,NA,NA,0,NA,NA,NA,NA,0,NA,NA,NA,NA
M19 [Other Items],19.3',Tab. Fluconazole,4. Stock Distributed,1449663,NA,NA,NA,NA,3590,NA,NA,NA,NA,0,NA,NA,NA,NA,20,NA,NA,NA,NA,347560,NA,NA,NA,NA,168087,NA,NA,NA,NA,NA,NA,NA,NA,NA,104480,NA,NA,NA,NA,0,NA,NA,NA,NA,0,NA,NA,NA,NA,0,NA,NA,NA,NA,NA,NA,NA,NA,NA,166850,NA,NA,NA,NA,0,NA,NA,NA,NA,5450,NA,NA,NA,NA,0,NA,NA,NA,NA,0,NA,NA,NA,NA,0,NA,NA,NA,NA,0,NA,NA,NA,NA,NA,NA,NA,NA,NA,NA,NA,NA,NA,NA,NA,NA,NA,NA,NA,209400,NA,NA,NA,NA,22176,NA,NA,NA,NA,15400,NA,NA,NA,NA,0,NA,NA,NA,NA,0,NA,NA,NA,NA,0,NA,NA,NA,NA,135900,NA,NA,NA,NA,0,NA,NA,NA,NA,17425,NA,NA,NA,NA,35000,NA,NA,NA,NA,0,NA,NA,NA,NA,38625,NA,NA,NA,NA,0,NA,NA,NA,NA,0,NA,NA,NA,NA,42800,NA,NA,NA,NA,19300,NA,NA,NA,NA,117600,NA,NA,NA,NA
M19 [Other Items],19.3',Tab. Fluconazole,5. Total Stock,4035656,NA,NA,NA,NA,34165,NA,NA,NA,NA,0,NA,NA,NA,NA,0,NA,NA,NA,NA,1573990,NA,NA,NA,NA,875820,NA,NA,NA,NA,0,NA,NA,NA,NA,25520,NA,NA,NA,NA,0,NA,NA,NA,NA,0,NA,NA,NA,NA,0,NA,NA,NA,NA,0,NA,NA,NA,NA,215250,NA,NA,NA,NA,0,NA,NA,NA,NA,7748,NA,NA,NA,NA,0,NA,NA,NA,NA,0,NA,NA,NA,NA,0,NA,NA,NA,NA,0,NA,NA,NA,NA,0,NA,NA,NA,NA,NA,NA,NA,NA,NA,NA,NA,NA,NA,NA,652386,NA,NA,NA,NA,69326,NA,NA,NA,NA,21400,NA,NA,NA,NA,0,NA,NA,NA,NA,0,NA,NA,NA,NA,0,NA,NA,NA,NA,153860,NA,NA,NA,NA,0,NA,NA,NA,NA,5075,NA,NA,NA,NA,54640,NA,NA,NA,NA,350,NA,NA,NA,NA,95216,NA,NA,NA,NA,0,NA,NA,NA,NA,8000,NA,NA,NA,NA,124860,NA,NA,NA,NA,53100,NA,NA,NA,NA,64950,NA,NA,NA,NA
M19 [Other Items],'19.4',Blood Transfusion sets,1. Balance From Previous Month,264013,NA,NA,NA,NA,4996,NA,NA,NA,NA,0,NA,NA,NA,NA,0,NA,NA,NA,NA,54274,NA,NA,NA,NA,7030,NA,NA,NA,NA,NA,NA,NA,NA,NA,0,NA,NA,NA,NA,0,NA,NA,NA,NA,0,NA,NA,NA,NA,0,NA,NA,NA,NA,NA,NA,NA,NA,NA,0,NA,NA,NA,NA,0,NA,NA,NA,NA,55125,NA,NA,NA,NA,0,NA,NA,NA,NA,0,NA,NA,NA,NA,0,NA,NA,NA,NA,0,NA,NA,NA,NA,NA,NA,NA,NA,NA,NA,NA,NA,NA,NA,NA,NA,NA,NA,NA,7598,NA,NA,NA,NA,3220,NA,NA,NA,NA,NA,NA,NA,NA,NA,0,NA,NA,NA,NA,0,NA,NA,NA,NA,0,NA,NA,NA,NA,59631,NA,NA,NA,NA,0,NA,NA,NA,NA,0,NA,NA,NA,NA,16611,NA,NA,NA,NA,0,NA,NA,NA,NA,54818,NA,NA,NA,NA,0,NA,NA,NA,NA,0,NA,NA,NA,NA,200,NA,NA,NA,NA,10,NA,NA,NA,NA,500,NA,NA,NA,NA
M19 [Other Items],19.4',Blood Transfusion sets,2. Stocks Received,30121,NA,NA,NA,NA,0,NA,NA,NA,NA,0,NA,NA,NA,NA,0,NA,NA,NA,NA,11950,NA,NA,NA,NA,0,NA,NA,NA,NA,NA,NA,NA,NA,NA,0,NA,NA,NA,NA,NA,NA,NA,NA,NA,0,NA,NA,NA,NA,0,NA,NA,NA,NA,NA,NA,NA,NA,NA,0,NA,NA,NA,NA,0,NA,NA,NA,NA,100,NA,NA,NA,NA,0,NA,NA,NA,NA,0,NA,NA,NA,NA,0,NA,NA,NA,NA,0,NA,NA,NA,NA,NA,NA,NA,NA,NA,NA,NA,NA,NA,NA,NA,NA,NA,NA,NA,0,NA,NA,NA,NA,1150,NA,NA,NA,NA,NA,NA,NA,NA,NA,0,NA,NA,NA,NA,0,NA,NA,NA,NA,0,NA,NA,NA,NA,0,NA,NA,NA,NA,0,NA,NA,NA,NA,5500,NA,NA,NA,NA,5000,NA,NA,NA,NA,0,NA,NA,NA,NA,6421,NA,NA,NA,NA,0,NA,NA,NA,NA,0,NA,NA,NA,NA,0,NA,NA,NA,NA,0,NA,NA,NA,NA,0,NA,NA,NA,NA
M19 [Other Items],19.4',Blood Transfusion sets,3. Unusable Stock,248,NA,NA,NA,NA,0,NA,NA,NA,NA,0,NA,NA,NA,NA,0,NA,NA,NA,NA,0,NA,NA,NA,NA,0,NA,NA,NA,NA,NA,NA,NA,NA,NA,0,NA,NA,NA,NA,NA,NA,NA,NA,NA,0,NA,NA,NA,NA,0,NA,NA,NA,NA,NA,NA,NA,NA,NA,0,NA,NA,NA,NA,0,NA,NA,NA,NA,0,NA,NA,NA,NA,0,NA,NA,NA,NA,0,NA,NA,NA,NA,0,NA,NA,NA,NA,0,NA,NA,NA,NA,NA,NA,NA,NA,NA,NA,NA,NA,NA,NA,NA,NA,NA,NA,NA,0,NA,NA,NA,NA,0,NA,NA,NA,NA,NA,NA,NA,NA,NA,0,NA,NA,NA,NA,0,NA,NA,NA,NA,0,NA,NA,NA,NA,0,NA,NA,NA,NA,0,NA,NA,NA,NA,0,NA,NA,NA,NA,0,NA,NA,NA,NA,0,NA,NA,NA,NA,248,NA,NA,NA,NA,0,NA,NA,NA,NA,0,NA,NA,NA,NA,0,NA,NA,NA,NA,0,NA,NA,NA,NA,0,NA,NA,NA,NA
M19 [Other Items],19.4',Blood Transfusion sets,4. Stock Distributed,95102,NA,NA,NA,NA,34,NA,NA,NA,NA,0,NA,NA,NA,NA,0,NA,NA,NA,NA,13710,NA,NA,NA,NA,380,NA,NA,NA,NA,NA,NA,NA,NA,NA,0,NA,NA,NA,NA,0,NA,NA,NA,NA,0,NA,NA,NA,NA,0,NA,NA,NA,NA,NA,NA,NA,NA,NA,0,NA,NA,NA,NA,0,NA,NA,NA,NA,46706,NA,NA,NA,NA,0,NA,NA,NA,NA,0,NA,NA,NA,NA,0,NA,NA,NA,NA,0,NA,NA,NA,NA,NA,NA,NA,NA,NA,NA,NA,NA,NA,NA,NA,NA,NA,NA,NA,5252,NA,NA,NA,NA,3145,NA,NA,NA,NA,NA,NA,NA,NA,NA,0,NA,NA,NA,NA,0,NA,NA,NA,NA,0,NA,NA,NA,NA,12890,NA,NA,NA,NA,0,NA,NA,NA,NA,4225,NA,NA,NA,NA,20,NA,NA,NA,NA,0,NA,NA,NA,NA,8735,NA,NA,NA,NA,0,NA,NA,NA,NA,0,NA,NA,NA,NA,5,NA,NA,NA,NA,0,NA,NA,NA,NA,0,NA,NA,NA,NA
M19 [Other Items],19.4',Blood Transfusion sets,5. Total Stock,198784,NA,NA,NA,NA,4962,NA,NA,NA,NA,0,NA,NA,NA,NA,0,NA,NA,NA,NA,52514,NA,NA,NA,NA,6650,NA,NA,NA,NA,0,NA,NA,NA,NA,0,NA,NA,NA,NA,0,NA,NA,NA,NA,0,NA,NA,NA,NA,0,NA,NA,NA,NA,0,NA,NA,NA,NA,0,NA,NA,NA,NA,0,NA,NA,NA,NA,8519,NA,NA,NA,NA,0,NA,NA,NA,NA,0,NA,NA,NA,NA,0,NA,NA,NA,NA,0,NA,NA,NA,NA,0,NA,NA,NA,NA,NA,NA,NA,NA,NA,NA,NA,NA,NA,NA,2346,NA,NA,NA,NA,1225,NA,NA,NA,NA,0,NA,NA,NA,NA,0,NA,NA,NA,NA,0,NA,NA,NA,NA,0,NA,NA,NA,NA,46741,NA,NA,NA,NA,0,NA,NA,NA,NA,1275,NA,NA,NA,NA,21591,NA,NA,NA,NA,0,NA,NA,NA,NA,52256,NA,NA,NA,NA,0,NA,NA,NA,NA,0,NA,NA,NA,NA,195,NA,NA,NA,NA,10,NA,NA,NA,NA,500,NA,NA,NA,NA
M19 [Other Items],'19.5',Gluteraldehyde 2%,1. Balance From Previous Month,73050,NA,NA,NA,NA,3643,NA,NA,NA,NA,0,NA,NA,NA,NA,0,NA,NA,NA,NA,12543,NA,NA,NA,NA,16,NA,NA,NA,NA,NA,NA,NA,NA,NA,5000,NA,NA,NA,NA,0,NA,NA,NA,NA,0,NA,NA,NA,NA,0,NA,NA,NA,NA,NA,NA,NA,NA,NA,83,NA,NA,NA,NA,0,NA,NA,NA,NA,37,NA,NA,NA,NA,0,NA,NA,NA,NA,0,NA,NA,NA,NA,110,NA,NA,NA,NA,0,NA,NA,NA,NA,NA,NA,NA,NA,NA,NA,NA,NA,NA,NA,NA,NA,NA,NA,NA,201,NA,NA,NA,NA,2220,NA,NA,NA,NA,NA,NA,NA,NA,NA,0,NA,NA,NA,NA,0,NA,NA,NA,NA,0,NA,NA,NA,NA,15,NA,NA,NA,NA,0,NA,NA,NA,NA,0,NA,NA,NA,NA,49,NA,NA,NA,NA,0,NA,NA,NA,NA,47445,NA,NA,NA,NA,0,NA,NA,NA,NA,0,NA,NA,NA,NA,386,NA,NA,NA,NA,161,NA,NA,NA,NA,1141,NA,NA,NA,NA
M19 [Other Items],19.5',Gluteraldehyde 2%,2. Stocks Received,1216,NA,NA,NA,NA,0,NA,NA,NA,NA,0,NA,NA,NA,NA,0,NA,NA,NA,NA,0,NA,NA,NA,NA,0,NA,NA,NA,NA,NA,NA,NA,NA,NA,0,NA,NA,NA,NA,NA,NA,NA,NA,NA,0,NA,NA,NA,NA,0,NA,NA,NA,NA,NA,NA,NA,NA,NA,30,NA,NA,NA,NA,0,NA,NA,NA,NA,0,NA,NA,NA,NA,0,NA,NA,NA,NA,0,NA,NA,NA,NA,0,NA,NA,NA,NA,0,NA,NA,NA,NA,NA,NA,NA,NA,NA,NA,NA,NA,NA,NA,NA,NA,NA,NA,NA,0,NA,NA,NA,NA,84,NA,NA,NA,NA,NA,NA,NA,NA,NA,0,NA,NA,NA,NA,0,NA,NA,NA,NA,0,NA,NA,NA,NA,20,NA,NA,NA,NA,0,NA,NA,NA,NA,0,NA,NA,NA,NA,0,NA,NA,NA,NA,0,NA,NA,NA,NA,1082,NA,NA,NA,NA,0,NA,NA,NA,NA,0,NA,NA,NA,NA,0,NA,NA,NA,NA,0,NA,NA,NA,NA,0,NA,NA,NA,NA
M19 [Other Items],19.5',Gluteraldehyde 2%,3. Unusable Stock,112,NA,NA,NA,NA,0,NA,NA,NA,NA,0,NA,NA,NA,NA,0,NA,NA,NA,NA,0,NA,NA,NA,NA,0,NA,NA,NA,NA,NA,NA,NA,NA,NA,0,NA,NA,NA,NA,NA,NA,NA,NA,NA,0,NA,NA,NA,NA,0,NA,NA,NA,NA,NA,NA,NA,NA,NA,44,NA,NA,NA,NA,0,NA,NA,NA,NA,0,NA,NA,NA,NA,0,NA,NA,NA,NA,0,NA,NA,NA,NA,0,NA,NA,NA,NA,0,NA,NA,NA,NA,NA,NA,NA,NA,NA,NA,NA,NA,NA,NA,NA,NA,NA,NA,NA,0,NA,NA,NA,NA,0,NA,NA,NA,NA,NA,NA,NA,NA,NA,0,NA,NA,NA,NA,0,NA,NA,NA,NA,0,NA,NA,NA,NA,0,NA,NA,NA,NA,0,NA,NA,NA,NA,0,NA,NA,NA,NA,0,NA,NA,NA,NA,0,NA,NA,NA,NA,68,NA,NA,NA,NA,0,NA,NA,NA,NA,0,NA,NA,NA,NA,0,NA,NA,NA,NA,0,NA,NA,NA,NA,0,NA,NA,NA,NA
M19 [Other Items],19.5',Gluteraldehyde 2%,4. Stock Distributed,75445,NA,NA,NA,NA,0,NA,NA,NA,NA,0,NA,NA,NA,NA,0,NA,NA,NA,NA,3010,NA,NA,NA,NA,7,NA,NA,NA,NA,NA,NA,NA,NA,NA,5000,NA,NA,NA,NA,0,NA,NA,NA,NA,0,NA,NA,NA,NA,0,NA,NA,NA,NA,NA,NA,NA,NA,NA,58,NA,NA,NA,NA,0,NA,NA,NA,NA,2,NA,NA,NA,NA,0,NA,NA,NA,NA,0,NA,NA,NA,NA,0,NA,NA,NA,NA,0,NA,NA,NA,NA,NA,NA,NA,NA,NA,NA,NA,NA,NA,NA,NA,NA,NA,NA,NA,60010,NA,NA,NA,NA,751,NA,NA,NA,NA,NA,NA,NA,NA,NA,0,NA,NA,NA,NA,0,NA,NA,NA,NA,0,NA,NA,NA,NA,3,NA,NA,NA,NA,0,NA,NA,NA,NA,0,NA,NA,NA,NA,12,NA,NA,NA,NA,0,NA,NA,NA,NA,6142,NA,NA,NA,NA,0,NA,NA,NA,NA,0,NA,NA,NA,NA,210,NA,NA,NA,NA,15,NA,NA,NA,NA,225,NA,NA,NA,NA
M19 [Other Items],19.5',Gluteraldehyde 2%,5. Total Stock,-1291,NA,NA,NA,NA,3643,NA,NA,NA,NA,0,NA,NA,NA,NA,0,NA,NA,NA,NA,9533,NA,NA,NA,NA,9,NA,NA,NA,NA,0,NA,NA,NA,NA,0,NA,NA,NA,NA,0,NA,NA,NA,NA,0,NA,NA,NA,NA,0,NA,NA,NA,NA,0,NA,NA,NA,NA,11,NA,NA,NA,NA,0,NA,NA,NA,NA,35,NA,NA,NA,NA,0,NA,NA,NA,NA,0,NA,NA,NA,NA,110,NA,NA,NA,NA,0,NA,NA,NA,NA,0,NA,NA,NA,NA,NA,NA,NA,NA,NA,NA,NA,NA,NA,NA,-59809,NA,NA,NA,NA,1553,NA,NA,NA,NA,0,NA,NA,NA,NA,0,NA,NA,NA,NA,0,NA,NA,NA,NA,0,NA,NA,NA,NA,32,NA,NA,NA,NA,0,NA,NA,NA,NA,0,NA,NA,NA,NA,37,NA,NA,NA,NA,0,NA,NA,NA,NA,42317,NA,NA,NA,NA,0,NA,NA,NA,NA,0,NA,NA,NA,NA,176,NA,NA,NA,NA,146,NA,NA,NA,NA,916,NA,NA,NA,NA
M19 [Other Items],'19.6',IFA tablets ( Adult),1. Balance From Previous Month,400064670,NA,NA,NA,NA,535629,NA,NA,NA,NA,0,NA,NA,NA,NA,19569,NA,NA,NA,NA,23041830,NA,NA,NA,NA,46655955,NA,NA,NA,NA,NA,NA,NA,NA,NA,202100,NA,NA,NA,NA,0,NA,NA,NA,NA,0,NA,NA,NA,NA,26000,NA,NA,NA,NA,NA,NA,NA,NA,NA,19661124,NA,NA,NA,NA,288450,NA,NA,NA,NA,5489165,NA,NA,NA,NA,3783,NA,NA,NA,NA,13696314,NA,NA,NA,NA,1368400,NA,NA,NA,NA,19331700,NA,NA,NA,NA,NA,NA,NA,NA,NA,NA,NA,NA,NA,NA,NA,NA,NA,NA,NA,45425009,NA,NA,NA,NA,41314961,NA,NA,NA,NA,512600,NA,NA,NA,NA,1314480,NA,NA,NA,NA,0,NA,NA,NA,NA,0,NA,NA,NA,NA,66928398,NA,NA,NA,NA,261108,NA,NA,NA,NA,503600,NA,NA,NA,NA,3780715,NA,NA,NA,NA,262036,NA,NA,NA,NA,44450391,NA,NA,NA,NA,2093,NA,NA,NA,NA,201500,NA,NA,NA,NA,50271180,NA,NA,NA,NA,5139280,NA,NA,NA,NA,9377300,NA,NA,NA,NA
M19 [Other Items],19.6',IFA tablets ( Adult),2. Stocks Received,88816206,NA,NA,NA,NA,310540,NA,NA,NA,NA,0,NA,NA,NA,NA,20,NA,NA,NA,NA,1274065,NA,NA,NA,NA,27694724,NA,NA,NA,NA,NA,NA,NA,NA,NA,1000,NA,NA,NA,NA,NA,NA,NA,NA,NA,0,NA,NA,NA,NA,0,NA,NA,NA,NA,NA,NA,NA,NA,NA,2662790,NA,NA,NA,NA,0,NA,NA,NA,NA,0,NA,NA,NA,NA,1000,NA,NA,NA,NA,6113550,NA,NA,NA,NA,0,NA,NA,NA,NA,1518000,NA,NA,NA,NA,NA,NA,NA,NA,NA,NA,NA,NA,NA,NA,NA,NA,NA,NA,NA,16652900,NA,NA,NA,NA,961960,NA,NA,NA,NA,NA,NA,NA,NA,NA,800000,NA,NA,NA,NA,0,NA,NA,NA,NA,0,NA,NA,NA,NA,609900,NA,NA,NA,NA,0,NA,NA,NA,NA,1446000,NA,NA,NA,NA,1800000,NA,NA,NA,NA,50520,NA,NA,NA,NA,1619187,NA,NA,NA,NA,5722190,NA,NA,NA,NA,95000,NA,NA,NA,NA,15733360,NA,NA,NA,NA,0,NA,NA,NA,NA,3749500,NA,NA,NA,NA
M19 [Other Items],19.6',IFA tablets ( Adult),3. Unusable Stock,2019499,NA,NA,NA,NA,37719,NA,NA,NA,NA,0,NA,NA,NA,NA,0,NA,NA,NA,NA,4500,NA,NA,NA,NA,201980,NA,NA,NA,NA,NA,NA,NA,NA,NA,0,NA,NA,NA,NA,NA,NA,NA,NA,NA,0,NA,NA,NA,NA,0,NA,NA,NA,NA,NA,NA,NA,NA,NA,800000,NA,NA,NA,NA,0,NA,NA,NA,NA,0,NA,NA,NA,NA,0,NA,NA,NA,NA,462000,NA,NA,NA,NA,0,NA,NA,NA,NA,0,NA,NA,NA,NA,NA,NA,NA,NA,NA,NA,NA,NA,NA,NA,NA,NA,NA,NA,NA,6000,NA,NA,NA,NA,0,NA,NA,NA,NA,NA,NA,NA,NA,NA,0,NA,NA,NA,NA,0,NA,NA,NA,NA,0,NA,NA,NA,NA,0,NA,NA,NA,NA,0,NA,NA,NA,NA,0,NA,NA,NA,NA,0,NA,NA,NA,NA,0,NA,NA,NA,NA,2300,NA,NA,NA,NA,0,NA,NA,NA,NA,0,NA,NA,NA,NA,505000,NA,NA,NA,NA,0,NA,NA,NA,NA,0,NA,NA,NA,NA
M19 [Other Items],19.6',IFA tablets ( Adult),4. Stock Distributed,98396027,NA,NA,NA,NA,71899,NA,NA,NA,NA,0,NA,NA,NA,NA,18,NA,NA,NA,NA,5300415,NA,NA,NA,NA,14254180,NA,NA,NA,NA,NA,NA,NA,NA,NA,63000,NA,NA,NA,NA,0,NA,NA,NA,NA,0,NA,NA,NA,NA,0,NA,NA,NA,NA,NA,NA,NA,NA,NA,7507784,NA,NA,NA,NA,41450,NA,NA,NA,NA,700570,NA,NA,NA,NA,2500,NA,NA,NA,NA,7646164,NA,NA,NA,NA,1000,NA,NA,NA,NA,5750600,NA,NA,NA,NA,NA,NA,NA,NA,NA,NA,NA,NA,NA,NA,NA,NA,NA,NA,NA,10250136,NA,NA,NA,NA,7680803,NA,NA,NA,NA,172400,NA,NA,NA,NA,1066000,NA,NA,NA,NA,0,NA,NA,NA,NA,0,NA,NA,NA,NA,12111880,NA,NA,NA,NA,163289,NA,NA,NA,NA,1333600,NA,NA,NA,NA,1216750,NA,NA,NA,NA,71128,NA,NA,NA,NA,3827011,NA,NA,NA,NA,725000,NA,NA,NA,NA,139000,NA,NA,NA,NA,10077750,NA,NA,NA,NA,1645000,NA,NA,NA,NA,6576700,NA,NA,NA,NA
M19 [Other Items],19.6',IFA tablets ( Adult),5. Total Stock,388465350,NA,NA,NA,NA,736551,NA,NA,NA,NA,0,NA,NA,NA,NA,19571,NA,NA,NA,NA,19010980,NA,NA,NA,NA,59894519,NA,NA,NA,NA,0,NA,NA,NA,NA,140100,NA,NA,NA,NA,0,NA,NA,NA,NA,0,NA,NA,NA,NA,26000,NA,NA,NA,NA,0,NA,NA,NA,NA,14016130,NA,NA,NA,NA,247000,NA,NA,NA,NA,4788595,NA,NA,NA,NA,2283,NA,NA,NA,NA,11701700,NA,NA,NA,NA,1367400,NA,NA,NA,NA,15099100,NA,NA,NA,NA,0,NA,NA,NA,NA,NA,NA,NA,NA,NA,NA,NA,NA,NA,NA,51821773,NA,NA,NA,NA,34596118,NA,NA,NA,NA,340200,NA,NA,NA,NA,1048480,NA,NA,NA,NA,0,NA,NA,NA,NA,0,NA,NA,NA,NA,55426418,NA,NA,NA,NA,97819,NA,NA,NA,NA,616000,NA,NA,NA,NA,4363965,NA,NA,NA,NA,241428,NA,NA,NA,NA,42240267,NA,NA,NA,NA,4999283,NA,NA,NA,NA,157500,NA,NA,NA,NA,55421790,NA,NA,NA,NA,3494280,NA,NA,NA,NA,6550100,NA,NA,NA,NA
M19 [Other Items],'19.7',IFA - Blue ( Adolescent 10-19 yrs),1. Balance From Previous Month,325345425,NA,NA,NA,NA,810900,NA,NA,NA,NA,12287386,NA,NA,NA,NA,140528,NA,NA,NA,NA,16032480,NA,NA,NA,NA,22083885,NA,NA,NA,NA,NA,NA,NA,NA,NA,340000,NA,NA,NA,NA,0,NA,NA,NA,NA,118650,NA,NA,NA,NA,0,NA,NA,NA,NA,NA,NA,NA,NA,NA,2240132,NA,NA,NA,NA,0,NA,NA,NA,NA,8153795,NA,NA,NA,NA,219310,NA,NA,NA,NA,15476908,NA,NA,NA,NA,1537300,NA,NA,NA,NA,0,NA,NA,NA,NA,NA,NA,NA,NA,NA,NA,NA,NA,NA,NA,NA,NA,NA,NA,NA,74715854,NA,NA,NA,NA,13254720,NA,NA,NA,NA,813714,NA,NA,NA,NA,41795,NA,NA,NA,NA,0,NA,NA,NA,NA,0,NA,NA,NA,NA,19727352,NA,NA,NA,NA,85514,NA,NA,NA,NA,47700,NA,NA,NA,NA,0,NA,NA,NA,NA,590000,NA,NA,NA,NA,27731150,NA,NA,NA,NA,7923494,NA,NA,NA,NA,0,NA,NA,NA,NA,95448040,NA,NA,NA,NA,955718,NA,NA,NA,NA,4569100,NA,NA,NA,NA
M19 [Other Items],19.7',IFA - Blue ( Adolescent 10-19 yrs),2. Stocks Received,60659049,NA,NA,NA,NA,60000,NA,NA,NA,NA,0,NA,NA,NA,NA,0,NA,NA,NA,NA,3895080,NA,NA,NA,NA,313000,NA,NA,NA,NA,NA,NA,NA,NA,NA,8000,NA,NA,NA,NA,NA,NA,NA,NA,NA,15600,NA,NA,NA,NA,0,NA,NA,NA,NA,NA,NA,NA,NA,NA,7666130,NA,NA,NA,NA,0,NA,NA,NA,NA,0,NA,NA,NA,NA,0,NA,NA,NA,NA,7101750,NA,NA,NA,NA,0,NA,NA,NA,NA,0,NA,NA,NA,NA,NA,NA,NA,NA,NA,NA,NA,NA,NA,NA,NA,NA,NA,NA,NA,11826000,NA,NA,NA,NA,3806450,NA,NA,NA,NA,0,NA,NA,NA,NA,0,NA,NA,NA,NA,0,NA,NA,NA,NA,0,NA,NA,NA,NA,0,NA,NA,NA,NA,0,NA,NA,NA,NA,0,NA,NA,NA,NA,689800,NA,NA,NA,NA,0,NA,NA,NA,NA,3251688,NA,NA,NA,NA,5516710,NA,NA,NA,NA,0,NA,NA,NA,NA,9075241,NA,NA,NA,NA,0,NA,NA,NA,NA,7433600,NA,NA,NA,NA
M19 [Other Items],19.7',IFA - Blue ( Adolescent 10-19 yrs),3. Unusable Stock,2249082,NA,NA,NA,NA,20500,NA,NA,NA,NA,266600,NA,NA,NA,NA,0,NA,NA,NA,NA,0,NA,NA,NA,NA,0,NA,NA,NA,NA,NA,NA,NA,NA,NA,0,NA,NA,NA,NA,NA,NA,NA,NA,NA,0,NA,NA,NA,NA,0,NA,NA,NA,NA,NA,NA,NA,NA,NA,0,NA,NA,NA,NA,0,NA,NA,NA,NA,0,NA,NA,NA,NA,0,NA,NA,NA,NA,0,NA,NA,NA,NA,0,NA,NA,NA,NA,0,NA,NA,NA,NA,NA,NA,NA,NA,NA,NA,NA,NA,NA,NA,NA,NA,NA,NA,NA,10000,NA,NA,NA,NA,0,NA,NA,NA,NA,NA,NA,NA,NA,NA,0,NA,NA,NA,NA,0,NA,NA,NA,NA,0,NA,NA,NA,NA,0,NA,NA,NA,NA,0,NA,NA,NA,NA,0,NA,NA,NA,NA,0,NA,NA,NA,NA,0,NA,NA,NA,NA,335,NA,NA,NA,NA,8727,NA,NA,NA,NA,0,NA,NA,NA,NA,1942920,NA,NA,NA,NA,0,NA,NA,NA,NA,0,NA,NA,NA,NA
M19 [Other Items],19.7',IFA - Blue ( Adolescent 10-19 yrs),4. Stock Distributed,73225535,NA,NA,NA,NA,67172,NA,NA,NA,NA,1808000,NA,NA,NA,NA,0,NA,NA,NA,NA,3228930,NA,NA,NA,NA,1785343,NA,NA,NA,NA,NA,NA,NA,NA,NA,340000,NA,NA,NA,NA,0,NA,NA,NA,NA,0,NA,NA,NA,NA,0,NA,NA,NA,NA,NA,NA,NA,NA,NA,2163777,NA,NA,NA,NA,0,NA,NA,NA,NA,27252,NA,NA,NA,NA,23300,NA,NA,NA,NA,14449498,NA,NA,NA,NA,0,NA,NA,NA,NA,0,NA,NA,NA,NA,NA,NA,NA,NA,NA,NA,NA,NA,NA,NA,NA,NA,NA,NA,NA,9434990,NA,NA,NA,NA,4010870,NA,NA,NA,NA,120000,NA,NA,NA,NA,41795,NA,NA,NA,NA,0,NA,NA,NA,NA,0,NA,NA,NA,NA,2935850,NA,NA,NA,NA,15220,NA,NA,NA,NA,34700,NA,NA,NA,NA,0,NA,NA,NA,NA,540920,NA,NA,NA,NA,8059520,NA,NA,NA,NA,2833220,NA,NA,NA,NA,0,NA,NA,NA,NA,14158678,NA,NA,NA,NA,20000,NA,NA,NA,NA,7126500,NA,NA,NA,NA
M19 [Other Items],19.7',IFA - Blue ( Adolescent 10-19 yrs),5. Total Stock,310529857,NA,NA,NA,NA,783228,NA,NA,NA,NA,10212786,NA,NA,NA,NA,140528,NA,NA,NA,NA,16698630,NA,NA,NA,NA,20611542,NA,NA,NA,NA,0,NA,NA,NA,NA,8000,NA,NA,NA,NA,0,NA,NA,NA,NA,134250,NA,NA,NA,NA,0,NA,NA,NA,NA,0,NA,NA,NA,NA,7742485,NA,NA,NA,NA,0,NA,NA,NA,NA,8126543,NA,NA,NA,NA,196010,NA,NA,NA,NA,8129160,NA,NA,NA,NA,1537300,NA,NA,NA,NA,0,NA,NA,NA,NA,0,NA,NA,NA,NA,NA,NA,NA,NA,NA,NA,NA,NA,NA,NA,77096864,NA,NA,NA,NA,13050300,NA,NA,NA,NA,693714,NA,NA,NA,NA,0,NA,NA,NA,NA,0,NA,NA,NA,NA,0,NA,NA,NA,NA,16791502,NA,NA,NA,NA,70294,NA,NA,NA,NA,13000,NA,NA,NA,NA,689800,NA,NA,NA,NA,49080,NA,NA,NA,NA,22922983,NA,NA,NA,NA,10598257,NA,NA,NA,NA,0,NA,NA,NA,NA,88421683,NA,NA,NA,NA,935718,NA,NA,NA,NA,4876200,NA,NA,NA,NA
M19 [Other Items],'19.8',IFA- Pink ( Junior 6-10 yrs),1. Balance From Previous Month,334357960,NA,NA,NA,NA,484220,NA,NA,NA,NA,12139200,NA,NA,NA,NA,0,NA,NA,NA,NA,6698565,NA,NA,NA,NA,0,NA,NA,NA,NA,NA,NA,NA,NA,NA,0,NA,NA,NA,NA,0,NA,NA,NA,NA,390750,NA,NA,NA,NA,0,NA,NA,NA,NA,NA,NA,NA,NA,NA,492441,NA,NA,NA,NA,0,NA,NA,NA,NA,1681499,NA,NA,NA,NA,0,NA,NA,NA,NA,29048936,NA,NA,NA,NA,135800,NA,NA,NA,NA,0,NA,NA,NA,NA,NA,NA,NA,NA,NA,NA,NA,NA,NA,NA,NA,NA,NA,NA,NA,58862645,NA,NA,NA,NA,108208275,NA,NA,NA,NA,0,NA,NA,NA,NA,321840,NA,NA,NA,NA,7000,NA,NA,NA,NA,12500,NA,NA,NA,NA,17783164,NA,NA,NA,NA,48110,NA,NA,NA,NA,78500,NA,NA,NA,NA,661600,NA,NA,NA,NA,304,NA,NA,NA,NA,32789725,NA,NA,NA,NA,2940480,NA,NA,NA,NA,0,NA,NA,NA,NA,42554931,NA,NA,NA,NA,13726660,NA,NA,NA,NA,5290815,NA,NA,NA,NA
M19 [Other Items],19.8',IFA- Pink ( Junior 6-10 yrs),2. Stocks Received,43773685,NA,NA,NA,NA,2940,NA,NA,NA,NA,0,NA,NA,NA,NA,0,NA,NA,NA,NA,537100,NA,NA,NA,NA,0,NA,NA,NA,NA,NA,NA,NA,NA,NA,0,NA,NA,NA,NA,NA,NA,NA,NA,NA,46200,NA,NA,NA,NA,0,NA,NA,NA,NA,NA,NA,NA,NA,NA,41990,NA,NA,NA,NA,0,NA,NA,NA,NA,0,NA,NA,NA,NA,0,NA,NA,NA,NA,5703000,NA,NA,NA,NA,0,NA,NA,NA,NA,0,NA,NA,NA,NA,NA,NA,NA,NA,NA,NA,NA,NA,NA,NA,NA,NA,NA,NA,NA,7139780,NA,NA,NA,NA,15098378,NA,NA,NA,NA,NA,NA,NA,NA,NA,699600,NA,NA,NA,NA,0,NA,NA,NA,NA,0,NA,NA,NA,NA,0,NA,NA,NA,NA,0,NA,NA,NA,NA,20000,NA,NA,NA,NA,0,NA,NA,NA,NA,0,NA,NA,NA,NA,1307464,NA,NA,NA,NA,0,NA,NA,NA,NA,0,NA,NA,NA,NA,9673533,NA,NA,NA,NA,144000,NA,NA,NA,NA,3359700,NA,NA,NA,NA
M19 [Other Items],19.8',IFA- Pink ( Junior 6-10 yrs),3. Unusable Stock,11686986,NA,NA,NA,NA,8010,NA,NA,NA,NA,5010350,NA,NA,NA,NA,0,NA,NA,NA,NA,770800,NA,NA,NA,NA,0,NA,NA,NA,NA,NA,NA,NA,NA,NA,0,NA,NA,NA,NA,NA,NA,NA,NA,NA,0,NA,NA,NA,NA,0,NA,NA,NA,NA,NA,NA,NA,NA,NA,78000,NA,NA,NA,NA,0,NA,NA,NA,NA,0,NA,NA,NA,NA,0,NA,NA,NA,NA,400000,NA,NA,NA,NA,0,NA,NA,NA,NA,0,NA,NA,NA,NA,NA,NA,NA,NA,NA,NA,NA,NA,NA,NA,NA,NA,NA,NA,NA,744000,NA,NA,NA,NA,0,NA,NA,NA,NA,NA,NA,NA,NA,NA,0,NA,NA,NA,NA,0,NA,NA,NA,NA,0,NA,NA,NA,NA,0,NA,NA,NA,NA,0,NA,NA,NA,NA,0,NA,NA,NA,NA,0,NA,NA,NA,NA,0,NA,NA,NA,NA,91757,NA,NA,NA,NA,0,NA,NA,NA,NA,0,NA,NA,NA,NA,3256854,NA,NA,NA,NA,0,NA,NA,NA,NA,1327215,NA,NA,NA,NA
M19 [Other Items],19.8',IFA- Pink ( Junior 6-10 yrs),4. Stock Distributed,65147313,NA,NA,NA,NA,66313,NA,NA,NA,NA,1206300,NA,NA,NA,NA,0,NA,NA,NA,NA,1233160,NA,NA,NA,NA,0,NA,NA,NA,NA,NA,NA,NA,NA,NA,0,NA,NA,NA,NA,0,NA,NA,NA,NA,0,NA,NA,NA,NA,0,NA,NA,NA,NA,NA,NA,NA,NA,NA,454441,NA,NA,NA,NA,0,NA,NA,NA,NA,145578,NA,NA,NA,NA,0,NA,NA,NA,NA,7322152,NA,NA,NA,NA,0,NA,NA,NA,NA,0,NA,NA,NA,NA,NA,NA,NA,NA,NA,NA,NA,NA,NA,NA,NA,NA,NA,NA,NA,9771147,NA,NA,NA,NA,15270113,NA,NA,NA,NA,NA,NA,NA,NA,NA,867240,NA,NA,NA,NA,7000,NA,NA,NA,NA,1500,NA,NA,NA,NA,1319535,NA,NA,NA,NA,48110,NA,NA,NA,NA,78500,NA,NA,NA,NA,0,NA,NA,NA,NA,0,NA,NA,NA,NA,5973013,NA,NA,NA,NA,2910480,NA,NA,NA,NA,0,NA,NA,NA,NA,8235631,NA,NA,NA,NA,5498000,NA,NA,NA,NA,4739100,NA,NA,NA,NA
M19 [Other Items],19.8',IFA- Pink ( Junior 6-10 yrs),5. Total Stock,301297346,NA,NA,NA,NA,412837,NA,NA,NA,NA,5922550,NA,NA,NA,NA,0,NA,NA,NA,NA,5231705,NA,NA,NA,NA,0,NA,NA,NA,NA,0,NA,NA,NA,NA,0,NA,NA,NA,NA,0,NA,NA,NA,NA,436950,NA,NA,NA,NA,0,NA,NA,NA,NA,0,NA,NA,NA,NA,1990,NA,NA,NA,NA,0,NA,NA,NA,NA,1535921,NA,NA,NA,NA,0,NA,NA,NA,NA,27029784,NA,NA,NA,NA,135800,NA,NA,NA,NA,0,NA,NA,NA,NA,0,NA,NA,NA,NA,NA,NA,NA,NA,NA,NA,NA,NA,NA,NA,55487278,NA,NA,NA,NA,108036540,NA,NA,NA,NA,0,NA,NA,NA,NA,154200,NA,NA,NA,NA,0,NA,NA,NA,NA,11000,NA,NA,NA,NA,16463629,NA,NA,NA,NA,0,NA,NA,NA,NA,20000,NA,NA,NA,NA,661600,NA,NA,NA,NA,304,NA,NA,NA,NA,28032419,NA,NA,NA,NA,30000,NA,NA,NA,NA,0,NA,NA,NA,NA,40735979,NA,NA,NA,NA,8372660,NA,NA,NA,NA,2584200,NA,NA,NA,NA
M19 [Other Items],'19.9',IFA Syrup (Paediatric),1. Balance From Previous Month,11681520,NA,NA,NA,NA,77957,NA,NA,NA,NA,0,NA,NA,NA,NA,0,NA,NA,NA,NA,830609,NA,NA,NA,NA,633245,NA,NA,NA,NA,NA,NA,NA,NA,NA,17253,NA,NA,NA,NA,0,NA,NA,NA,NA,0,NA,NA,NA,NA,0,NA,NA,NA,NA,NA,NA,NA,NA,NA,143150,NA,NA,NA,NA,0,NA,NA,NA,NA,46901,NA,NA,NA,NA,11800,NA,NA,NA,NA,294421,NA,NA,NA,NA,0,NA,NA,NA,NA,0,NA,NA,NA,NA,NA,NA,NA,NA,NA,NA,NA,NA,NA,NA,NA,NA,NA,NA,NA,3946096,NA,NA,NA,NA,1223309,NA,NA,NA,NA,11510,NA,NA,NA,NA,41960,NA,NA,NA,NA,400,NA,NA,NA,NA,5750,NA,NA,NA,NA,2937602,NA,NA,NA,NA,39750,NA,NA,NA,NA,0,NA,NA,NA,NA,61166,NA,NA,NA,NA,9844,NA,NA,NA,NA,1132081,NA,NA,NA,NA,0,NA,NA,NA,NA,830,NA,NA,NA,NA,55056,NA,NA,NA,NA,0,NA,NA,NA,NA,160830,NA,NA,NA,NA
M19 [Other Items],19.9',IFA Syrup (Paediatric),2. Stocks Received,3228480,NA,NA,NA,NA,142555,NA,NA,NA,NA,0,NA,NA,NA,NA,24,NA,NA,NA,NA,75250,NA,NA,NA,NA,417416,NA,NA,NA,NA,NA,NA,NA,NA,NA,0,NA,NA,NA,NA,NA,NA,NA,NA,NA,0,NA,NA,NA,NA,0,NA,NA,NA,NA,NA,NA,NA,NA,NA,14400,NA,NA,NA,NA,0,NA,NA,NA,NA,669,NA,NA,NA,NA,0,NA,NA,NA,NA,0,NA,NA,NA,NA,0,NA,NA,NA,NA,0,NA,NA,NA,NA,NA,NA,NA,NA,NA,NA,NA,NA,NA,NA,NA,NA,NA,NA,NA,376700,NA,NA,NA,NA,1108278,NA,NA,NA,NA,0,NA,NA,NA,NA,20000,NA,NA,NA,NA,0,NA,NA,NA,NA,0,NA,NA,NA,NA,56200,NA,NA,NA,NA,0,NA,NA,NA,NA,20000,NA,NA,NA,NA,630000,NA,NA,NA,NA,240,NA,NA,NA,NA,37083,NA,NA,NA,NA,0,NA,NA,NA,NA,0,NA,NA,NA,NA,95000,NA,NA,NA,NA,0,NA,NA,NA,NA,234665,NA,NA,NA,NA
M19 [Other Items],19.9',IFA Syrup (Paediatric),3. Unusable Stock,244564,NA,NA,NA,NA,22447,NA,NA,NA,NA,0,NA,NA,NA,NA,0,NA,NA,NA,NA,1500,NA,NA,NA,NA,0,NA,NA,NA,NA,NA,NA,NA,NA,NA,0,NA,NA,NA,NA,NA,NA,NA,NA,NA,0,NA,NA,NA,NA,0,NA,NA,NA,NA,NA,NA,NA,NA,NA,2000,NA,NA,NA,NA,0,NA,NA,NA,NA,0,NA,NA,NA,NA,0,NA,NA,NA,NA,0,NA,NA,NA,NA,0,NA,NA,NA,NA,0,NA,NA,NA,NA,NA,NA,NA,NA,NA,NA,NA,NA,NA,NA,NA,NA,NA,NA,NA,5312,NA,NA,NA,NA,0,NA,NA,NA,NA,NA,NA,NA,NA,NA,0,NA,NA,NA,NA,0,NA,NA,NA,NA,0,NA,NA,NA,NA,208705,NA,NA,NA,NA,0,NA,NA,NA,NA,0,NA,NA,NA,NA,0,NA,NA,NA,NA,0,NA,NA,NA,NA,600,NA,NA,NA,NA,0,NA,NA,NA,NA,0,NA,NA,NA,NA,0,NA,NA,NA,NA,0,NA,NA,NA,NA,4000,NA,NA,NA,NA
M19 [Other Items],19.9',IFA Syrup (Paediatric),4. Stock Distributed,1977597,NA,NA,NA,NA,29321,NA,NA,NA,NA,0,NA,NA,NA,NA,20,NA,NA,NA,NA,126815,NA,NA,NA,NA,184666,NA,NA,NA,NA,NA,NA,NA,NA,NA,4580,NA,NA,NA,NA,0,NA,NA,NA,NA,0,NA,NA,NA,NA,0,NA,NA,NA,NA,NA,NA,NA,NA,NA,51310,NA,NA,NA,NA,0,NA,NA,NA,NA,11929,NA,NA,NA,NA,0,NA,NA,NA,NA,90950,NA,NA,NA,NA,0,NA,NA,NA,NA,0,NA,NA,NA,NA,NA,NA,NA,NA,NA,NA,NA,NA,NA,NA,NA,NA,NA,NA,NA,356733,NA,NA,NA,NA,392570,NA,NA,NA,NA,3700,NA,NA,NA,NA,29760,NA,NA,NA,NA,400,NA,NA,NA,NA,140,NA,NA,NA,NA,260690,NA,NA,NA,NA,4480,NA,NA,NA,NA,7500,NA,NA,NA,NA,58806,NA,NA,NA,NA,6475,NA,NA,NA,NA,132022,NA,NA,NA,NA,0,NA,NA,NA,NA,0,NA,NA,NA,NA,16800,NA,NA,NA,NA,0,NA,NA,NA,NA,207930,NA,NA,NA,NA
M19 [Other Items],19.9',IFA Syrup (Paediatric),5. Total Stock,12687839,NA,NA,NA,NA,168744,NA,NA,NA,NA,0,NA,NA,NA,NA,4,NA,NA,NA,NA,777544,NA,NA,NA,NA,865995,NA,NA,NA,NA,0,NA,NA,NA,NA,12673,NA,NA,NA,NA,0,NA,NA,NA,NA,0,NA,NA,NA,NA,0,NA,NA,NA,NA,0,NA,NA,NA,NA,104240,NA,NA,NA,NA,0,NA,NA,NA,NA,35641,NA,NA,NA,NA,11800,NA,NA,NA,NA,203471,NA,NA,NA,NA,0,NA,NA,NA,NA,0,NA,NA,NA,NA,0,NA,NA,NA,NA,NA,NA,NA,NA,NA,NA,NA,NA,NA,NA,3960751,NA,NA,NA,NA,1939017,NA,NA,NA,NA,7810,NA,NA,NA,NA,32200,NA,NA,NA,NA,0,NA,NA,NA,NA,5610,NA,NA,NA,NA,2524407,NA,NA,NA,NA,35270,NA,NA,NA,NA,12500,NA,NA,NA,NA,632360,NA,NA,NA,NA,3609,NA,NA,NA,NA,1036542,NA,NA,NA,NA,0,NA,NA,NA,NA,830,NA,NA,NA,NA,133256,NA,NA,NA,NA,0,NA,NA,NA,NA,183565,NA,NA,NA,NA
M19 [Other Items],'19.10',Paediatrics Antibiotics ( Amoxycillin and Injectable Gentamicin),1. Balance From Previous Month,5434405,NA,NA,NA,NA,2071,NA,NA,NA,NA,0,NA,NA,NA,NA,0,NA,NA,NA,NA,210520,NA,NA,NA,NA,394720,NA,NA,NA,NA,NA,NA,NA,NA,NA,0,NA,NA,NA,NA,0,NA,NA,NA,NA,0,NA,NA,NA,NA,0,NA,NA,NA,NA,NA,NA,NA,NA,NA,415380,NA,NA,NA,NA,0,NA,NA,NA,NA,29939,NA,NA,NA,NA,0,NA,NA,NA,NA,0,NA,NA,NA,NA,0,NA,NA,NA,NA,0,NA,NA,NA,NA,NA,NA,NA,NA,NA,NA,NA,NA,NA,NA,NA,NA,NA,NA,NA,480137,NA,NA,NA,NA,729627,NA,NA,NA,NA,NA,NA,NA,NA,NA,28280,NA,NA,NA,NA,0,NA,NA,NA,NA,20,NA,NA,NA,NA,337935,NA,NA,NA,NA,7526,NA,NA,NA,NA,0,NA,NA,NA,NA,30214,NA,NA,NA,NA,451,NA,NA,NA,NA,868776,NA,NA,NA,NA,0,NA,NA,NA,NA,135,NA,NA,NA,NA,690199,NA,NA,NA,NA,4975,NA,NA,NA,NA,1203500,NA,NA,NA,NA
M19 [Other Items],19.10',Paediatrics Antibiotics ( Amoxycillin and Injectable Gentamicin),2. Stocks Received,796269,NA,NA,NA,NA,2300,NA,NA,NA,NA,0,NA,NA,NA,NA,3025,NA,NA,NA,NA,1750,NA,NA,NA,NA,2000,NA,NA,NA,NA,NA,NA,NA,NA,NA,0,NA,NA,NA,NA,NA,NA,NA,NA,NA,0,NA,NA,NA,NA,0,NA,NA,NA,NA,NA,NA,NA,NA,NA,325840,NA,NA,NA,NA,0,NA,NA,NA,NA,0,NA,NA,NA,NA,0,NA,NA,NA,NA,0,NA,NA,NA,NA,0,NA,NA,NA,NA,0,NA,NA,NA,NA,NA,NA,NA,NA,NA,NA,NA,NA,NA,NA,NA,NA,NA,NA,NA,23600,NA,NA,NA,NA,51798,NA,NA,NA,NA,NA,NA,NA,NA,NA,0,NA,NA,NA,NA,0,NA,NA,NA,NA,0,NA,NA,NA,NA,3100,NA,NA,NA,NA,0,NA,NA,NA,NA,0,NA,NA,NA,NA,0,NA,NA,NA,NA,0,NA,NA,NA,NA,131986,NA,NA,NA,NA,0,NA,NA,NA,NA,0,NA,NA,NA,NA,37200,NA,NA,NA,NA,13670,NA,NA,NA,NA,200000,NA,NA,NA,NA
M19 [Other Items],19.10',Paediatrics Antibiotics ( Amoxycillin and Injectable Gentamicin),3. Unusable Stock,50500,NA,NA,NA,NA,200,NA,NA,NA,NA,0,NA,NA,NA,NA,0,NA,NA,NA,NA,0,NA,NA,NA,NA,0,NA,NA,NA,NA,NA,NA,NA,NA,NA,0,NA,NA,NA,NA,NA,NA,NA,NA,NA,0,NA,NA,NA,NA,0,NA,NA,NA,NA,NA,NA,NA,NA,NA,50000,NA,NA,NA,NA,0,NA,NA,NA,NA,0,NA,NA,NA,NA,0,NA,NA,NA,NA,0,NA,NA,NA,NA,0,NA,NA,NA,NA,0,NA,NA,NA,NA,NA,NA,NA,NA,NA,NA,NA,NA,NA,NA,NA,NA,NA,NA,NA,300,NA,NA,NA,NA,0,NA,NA,NA,NA,NA,NA,NA,NA,NA,0,NA,NA,NA,NA,0,NA,NA,NA,NA,0,NA,NA,NA,NA,0,NA,NA,NA,NA,0,NA,NA,NA,NA,0,NA,NA,NA,NA,0,NA,NA,NA,NA,0,NA,NA,NA,NA,0,NA,NA,NA,NA,0,NA,NA,NA,NA,0,NA,NA,NA,NA,0,NA,NA,NA,NA,0,NA,NA,NA,NA,0,NA,NA,NA,NA
M19 [Other Items],19.10',Paediatrics Antibiotics ( Amoxycillin and Injectable Gentamicin),4. Stock Distributed,1104666,NA,NA,NA,NA,870,NA,NA,NA,NA,0,NA,NA,NA,NA,3025,NA,NA,NA,NA,27700,NA,NA,NA,NA,10600,NA,NA,NA,NA,NA,NA,NA,NA,NA,0,NA,NA,NA,NA,0,NA,NA,NA,NA,0,NA,NA,NA,NA,0,NA,NA,NA,NA,NA,NA,NA,NA,NA,336750,NA,NA,NA,NA,0,NA,NA,NA,NA,8786,NA,NA,NA,NA,0,NA,NA,NA,NA,0,NA,NA,NA,NA,0,NA,NA,NA,NA,0,NA,NA,NA,NA,NA,NA,NA,NA,NA,NA,NA,NA,NA,NA,NA,NA,NA,NA,NA,44569,NA,NA,NA,NA,146754,NA,NA,NA,NA,NA,NA,NA,NA,NA,16060,NA,NA,NA,NA,0,NA,NA,NA,NA,0,NA,NA,NA,NA,57830,NA,NA,NA,NA,527,NA,NA,NA,NA,0,NA,NA,NA,NA,2400,NA,NA,NA,NA,159,NA,NA,NA,NA,109559,NA,NA,NA,NA,0,NA,NA,NA,NA,0,NA,NA,NA,NA,11487,NA,NA,NA,NA,2390,NA,NA,NA,NA,325200,NA,NA,NA,NA
M19 [Other Items],19.10',Paediatrics Antibiotics ( Amoxycillin and Injectable Gentamicin),5. Total Stock,5075508,NA,NA,NA,NA,3301,NA,NA,NA,NA,0,NA,NA,NA,NA,0,NA,NA,NA,NA,184570,NA,NA,NA,NA,386120,NA,NA,NA,NA,0,NA,NA,NA,NA,0,NA,NA,NA,NA,0,NA,NA,NA,NA,0,NA,NA,NA,NA,0,NA,NA,NA,NA,0,NA,NA,NA,NA,354470,NA,NA,NA,NA,0,NA,NA,NA,NA,21153,NA,NA,NA,NA,0,NA,NA,NA,NA,0,NA,NA,NA,NA,0,NA,NA,NA,NA,0,NA,NA,NA,NA,0,NA,NA,NA,NA,NA,NA,NA,NA,NA,NA,NA,NA,NA,NA,458868,NA,NA,NA,NA,634671,NA,NA,NA,NA,0,NA,NA,NA,NA,12220,NA,NA,NA,NA,0,NA,NA,NA,NA,20,NA,NA,NA,NA,283205,NA,NA,NA,NA,6999,NA,NA,NA,NA,0,NA,NA,NA,NA,27814,NA,NA,NA,NA,292,NA,NA,NA,NA,891203,NA,NA,NA,NA,0,NA,NA,NA,NA,135,NA,NA,NA,NA,715912,NA,NA,NA,NA,16255,NA,NA,NA,NA,1078300,NA,NA,NA,NA
M19 [Other Items],'19.11',Vit A syrup,1. Balance From Previous Month,2091337,NA,NA,NA,NA,18491,NA,NA,NA,NA,2402,NA,NA,NA,NA,39284,NA,NA,NA,NA,73,NA,NA,NA,NA,1796,NA,NA,NA,NA,NA,NA,NA,NA,NA,675,NA,NA,NA,NA,1,NA,NA,NA,NA,0,NA,NA,NA,NA,375,NA,NA,NA,NA,31,NA,NA,NA,NA,7364,NA,NA,NA,NA,250,NA,NA,NA,NA,2168,NA,NA,NA,NA,95084,NA,NA,NA,NA,7626,NA,NA,NA,NA,0,NA,NA,NA,NA,5572,NA,NA,NA,NA,NA,NA,NA,NA,NA,NA,NA,NA,NA,NA,NA,NA,NA,NA,NA,59693,NA,NA,NA,NA,266628,NA,NA,NA,NA,0,NA,NA,NA,NA,73750,NA,NA,NA,NA,0,NA,NA,NA,NA,672,NA,NA,NA,NA,213083,NA,NA,NA,NA,61460,NA,NA,NA,NA,0,NA,NA,NA,NA,2669,NA,NA,NA,NA,7695,NA,NA,NA,NA,873341,NA,NA,NA,NA,0,NA,NA,NA,NA,56082,NA,NA,NA,NA,14326,NA,NA,NA,NA,280746,NA,NA,NA,NA,0,NA,NA,NA,NA
M19 [Other Items],19.11',Vit A syrup,2. Stocks Received,157277,NA,NA,NA,NA,10040,NA,NA,NA,NA,0,NA,NA,NA,NA,24,NA,NA,NA,NA,0,NA,NA,NA,NA,5465,NA,NA,NA,NA,NA,NA,NA,NA,NA,0,NA,NA,NA,NA,NA,NA,NA,NA,NA,0,NA,NA,NA,NA,0,NA,NA,NA,NA,NA,NA,NA,NA,NA,278,NA,NA,NA,NA,0,NA,NA,NA,NA,8438,NA,NA,NA,NA,0,NA,NA,NA,NA,34820,NA,NA,NA,NA,10000,NA,NA,NA,NA,8100,NA,NA,NA,NA,NA,NA,NA,NA,NA,NA,NA,NA,NA,NA,NA,NA,NA,NA,NA,0,NA,NA,NA,NA,1250,NA,NA,NA,NA,0,NA,NA,NA,NA,0,NA,NA,NA,NA,0,NA,NA,NA,NA,718,NA,NA,NA,NA,0,NA,NA,NA,NA,0,NA,NA,NA,NA,200,NA,NA,NA,NA,0,NA,NA,NA,NA,370,NA,NA,NA,NA,62574,NA,NA,NA,NA,0,NA,NA,NA,NA,13000,NA,NA,NA,NA,0,NA,NA,NA,NA,2000,NA,NA,NA,NA,0,NA,NA,NA,NA
M19 [Other Items],19.11',Vit A syrup,3. Unusable Stock,3613,NA,NA,NA,NA,256,NA,NA,NA,NA,840,NA,NA,NA,NA,0,NA,NA,NA,NA,0,NA,NA,NA,NA,0,NA,NA,NA,NA,NA,NA,NA,NA,NA,0,NA,NA,NA,NA,NA,NA,NA,NA,NA,0,NA,NA,NA,NA,0,NA,NA,NA,NA,NA,NA,NA,NA,NA,500,NA,NA,NA,NA,0,NA,NA,NA,NA,0,NA,NA,NA,NA,0,NA,NA,NA,NA,0,NA,NA,NA,NA,0,NA,NA,NA,NA,0,NA,NA,NA,NA,NA,NA,NA,NA,NA,NA,NA,NA,NA,NA,NA,NA,NA,NA,NA,371,NA,NA,NA,NA,0,NA,NA,NA,NA,NA,NA,NA,NA,NA,0,NA,NA,NA,NA,0,NA,NA,NA,NA,0,NA,NA,NA,NA,0,NA,NA,NA,NA,0,NA,NA,NA,NA,0,NA,NA,NA,NA,0,NA,NA,NA,NA,1,NA,NA,NA,NA,1012,NA,NA,NA,NA,0,NA,NA,NA,NA,0,NA,NA,NA,NA,633,NA,NA,NA,NA,0,NA,NA,NA,NA,0,NA,NA,NA,NA
M19 [Other Items],19.11',Vit A syrup,4. Stock Distributed,203872,NA,NA,NA,NA,9260,NA,NA,NA,NA,310,NA,NA,NA,NA,26,NA,NA,NA,NA,39,NA,NA,NA,NA,600,NA,NA,NA,NA,NA,NA,NA,NA,NA,80,NA,NA,NA,NA,1,NA,NA,NA,NA,0,NA,NA,NA,NA,358,NA,NA,NA,NA,24,NA,NA,NA,NA,944,NA,NA,NA,NA,100,NA,NA,NA,NA,8764,NA,NA,NA,NA,4751,NA,NA,NA,NA,22560,NA,NA,NA,NA,0,NA,NA,NA,NA,1576,NA,NA,NA,NA,NA,NA,NA,NA,NA,NA,NA,NA,NA,NA,NA,NA,NA,NA,NA,5455,NA,NA,NA,NA,42629,NA,NA,NA,NA,NA,NA,NA,NA,NA,18000,NA,NA,NA,NA,0,NA,NA,NA,NA,121,NA,NA,NA,NA,3055,NA,NA,NA,NA,2299,NA,NA,NA,NA,0,NA,NA,NA,NA,2669,NA,NA,NA,NA,934,NA,NA,NA,NA,48499,NA,NA,NA,NA,0,NA,NA,NA,NA,26050,NA,NA,NA,NA,4362,NA,NA,NA,NA,406,NA,NA,NA,NA,0,NA,NA,NA,NA
M19 [Other Items],19.11',Vit A syrup,5. Total Stock,2041129,NA,NA,NA,NA,19015,NA,NA,NA,NA,1252,NA,NA,NA,NA,39282,NA,NA,NA,NA,34,NA,NA,NA,NA,6661,NA,NA,NA,NA,0,NA,NA,NA,NA,595,NA,NA,NA,NA,0,NA,NA,NA,NA,0,NA,NA,NA,NA,17,NA,NA,NA,NA,7,NA,NA,NA,NA,6198,NA,NA,NA,NA,150,NA,NA,NA,NA,1842,NA,NA,NA,NA,90333,NA,NA,NA,NA,19886,NA,NA,NA,NA,10000,NA,NA,NA,NA,12096,NA,NA,NA,NA,0,NA,NA,NA,NA,NA,NA,NA,NA,NA,NA,NA,NA,NA,NA,53867,NA,NA,NA,NA,225249,NA,NA,NA,NA,0,NA,NA,NA,NA,55750,NA,NA,NA,NA,0,NA,NA,NA,NA,1269,NA,NA,NA,NA,210028,NA,NA,NA,NA,59161,NA,NA,NA,NA,200,NA,NA,NA,NA,0,NA,NA,NA,NA,7130,NA,NA,NA,NA,886404,NA,NA,NA,NA,0,NA,NA,NA,NA,43032,NA,NA,NA,NA,9331,NA,NA,NA,NA,282340,NA,NA,NA,NA,0,NA,NA,NA,NA
M19 [Other Items],'19.12',ORS (New WHO),1. Balance From Previous Month,42091066,NA,NA,NA,NA,13366,NA,NA,NA,NA,3153835,NA,NA,NA,NA,3650,NA,NA,NA,NA,1671260,NA,NA,NA,NA,1742316,NA,NA,NA,NA,NA,NA,NA,NA,NA,103600,NA,NA,NA,NA,10970,NA,NA,NA,NA,0,NA,NA,NA,NA,21605,NA,NA,NA,NA,NA,NA,NA,NA,NA,1220764,NA,NA,NA,NA,51575,NA,NA,NA,NA,164195,NA,NA,NA,NA,39387,NA,NA,NA,NA,476813,NA,NA,NA,NA,73927,NA,NA,NA,NA,74355,NA,NA,NA,NA,NA,NA,NA,NA,NA,NA,NA,NA,NA,NA,NA,NA,NA,NA,NA,5360318,NA,NA,NA,NA,12550536,NA,NA,NA,NA,NA,NA,NA,NA,NA,33838,NA,NA,NA,NA,226,NA,NA,NA,NA,0,NA,NA,NA,NA,7964413,NA,NA,NA,NA,428,NA,NA,NA,NA,18600,NA,NA,NA,NA,598150,NA,NA,NA,NA,11757,NA,NA,NA,NA,1622416,NA,NA,NA,NA,512996,NA,NA,NA,NA,727869,NA,NA,NA,NA,2952649,NA,NA,NA,NA,95626,NA,NA,NA,NA,819626,NA,NA,NA,NA
M19 [Other Items],19.12',ORS (New WHO),2. Stocks Received,9496843,NA,NA,NA,NA,10500,NA,NA,NA,NA,550000,NA,NA,NA,NA,100,NA,NA,NA,NA,27250,NA,NA,NA,NA,786591,NA,NA,NA,NA,NA,NA,NA,NA,NA,115475,NA,NA,NA,NA,NA,NA,NA,NA,NA,0,NA,NA,NA,NA,0,NA,NA,NA,NA,NA,NA,NA,NA,NA,424977,NA,NA,NA,NA,0,NA,NA,NA,NA,0,NA,NA,NA,NA,0,NA,NA,NA,NA,320500,NA,NA,NA,NA,8000,NA,NA,NA,NA,0,NA,NA,NA,NA,NA,NA,NA,NA,NA,NA,NA,NA,NA,NA,NA,NA,NA,NA,NA,707500,NA,NA,NA,NA,1858965,NA,NA,NA,NA,NA,NA,NA,NA,NA,0,NA,NA,NA,NA,0,NA,NA,NA,NA,0,NA,NA,NA,NA,2400780,NA,NA,NA,NA,0,NA,NA,NA,NA,5000,NA,NA,NA,NA,0,NA,NA,NA,NA,250,NA,NA,NA,NA,310679,NA,NA,NA,NA,340000,NA,NA,NA,NA,70200,NA,NA,NA,NA,775856,NA,NA,NA,NA,17400,NA,NA,NA,NA,766820,NA,NA,NA,NA
M19 [Other Items],19.12',ORS (New WHO),3. Unusable Stock,409515,NA,NA,NA,NA,1,NA,NA,NA,NA,63420,NA,NA,NA,NA,1400,NA,NA,NA,NA,20438,NA,NA,NA,NA,0,NA,NA,NA,NA,NA,NA,NA,NA,NA,0,NA,NA,NA,NA,NA,NA,NA,NA,NA,0,NA,NA,NA,NA,0,NA,NA,NA,NA,NA,NA,NA,NA,NA,112606,NA,NA,NA,NA,0,NA,NA,NA,NA,0,NA,NA,NA,NA,13500,NA,NA,NA,NA,0,NA,NA,NA,NA,0,NA,NA,NA,NA,0,NA,NA,NA,NA,NA,NA,NA,NA,NA,NA,NA,NA,NA,NA,NA,NA,NA,NA,NA,22903,NA,NA,NA,NA,0,NA,NA,NA,NA,NA,NA,NA,NA,NA,0,NA,NA,NA,NA,0,NA,NA,NA,NA,0,NA,NA,NA,NA,87320,NA,NA,NA,NA,0,NA,NA,NA,NA,0,NA,NA,NA,NA,0,NA,NA,NA,NA,0,NA,NA,NA,NA,408,NA,NA,NA,NA,0,NA,NA,NA,NA,0,NA,NA,NA,NA,86059,NA,NA,NA,NA,0,NA,NA,NA,NA,1460,NA,NA,NA,NA
M19 [Other Items],19.12',ORS (New WHO),4. Stock Distributed,14416373,NA,NA,NA,NA,2316,NA,NA,NA,NA,1495010,NA,NA,NA,NA,320,NA,NA,NA,NA,510005,NA,NA,NA,NA,873560,NA,NA,NA,NA,NA,NA,NA,NA,NA,104550,NA,NA,NA,NA,8050,NA,NA,NA,NA,0,NA,NA,NA,NA,3625,NA,NA,NA,NA,NA,NA,NA,NA,NA,787094,NA,NA,NA,NA,20700,NA,NA,NA,NA,53450,NA,NA,NA,NA,68,NA,NA,NA,NA,186000,NA,NA,NA,NA,10971,NA,NA,NA,NA,26385,NA,NA,NA,NA,NA,NA,NA,NA,NA,NA,NA,NA,NA,NA,NA,NA,NA,NA,NA,1038003,NA,NA,NA,NA,3122666,NA,NA,NA,NA,NA,NA,NA,NA,NA,1200,NA,NA,NA,NA,0,NA,NA,NA,NA,0,NA,NA,NA,NA,3934958,NA,NA,NA,NA,280,NA,NA,NA,NA,3500,NA,NA,NA,NA,251790,NA,NA,NA,NA,1729,NA,NA,NA,NA,349695,NA,NA,NA,NA,172700,NA,NA,NA,NA,118950,NA,NA,NA,NA,881048,NA,NA,NA,NA,24220,NA,NA,NA,NA,433530,NA,NA,NA,NA
M19 [Other Items],19.12',ORS (New WHO),5. Total Stock,34783644,NA,NA,NA,NA,21549,NA,NA,NA,NA,2235925,NA,NA,NA,NA,2030,NA,NA,NA,NA,1168817,NA,NA,NA,NA,1497797,NA,NA,NA,NA,NA,NA,NA,NA,NA,114525,NA,NA,NA,NA,2920,NA,NA,NA,NA,0,NA,NA,NA,NA,17980,NA,NA,NA,NA,NA,NA,NA,NA,NA,826041,NA,NA,NA,NA,30875,NA,NA,NA,NA,110745,NA,NA,NA,NA,25819,NA,NA,NA,NA,611313,NA,NA,NA,NA,70956,NA,NA,NA,NA,47970,NA,NA,NA,NA,NA,NA,NA,NA,NA,NA,NA,NA,NA,NA,NA,NA,NA,NA,NA,5102865,NA,NA,NA,NA,9532163,NA,NA,NA,NA,NA,NA,NA,NA,NA,32638,NA,NA,NA,NA,226,NA,NA,NA,NA,0,NA,NA,NA,NA,6342915,NA,NA,NA,NA,148,NA,NA,NA,NA,20100,NA,NA,NA,NA,0,NA,NA,NA,NA,10278,NA,NA,NA,NA,1582302,NA,NA,NA,NA,680296,NA,NA,NA,NA,679119,NA,NA,NA,NA,2775070,NA,NA,NA,NA,88806,NA,NA,NA,NA,1151456,NA,NA,NA,NA
M19 [Other Items],'19.13',RTI /STI colour coded syndromic kits ( I to VII),1. Balance From Previous Month,231564,NA,NA,NA,NA,2400,NA,NA,NA,NA,0,NA,NA,NA,NA,0,NA,NA,NA,NA,9997,NA,NA,NA,NA,0,NA,NA,NA,NA,NA,NA,NA,NA,NA,0,NA,NA,NA,NA,0,NA,NA,NA,NA,0,NA,NA,NA,NA,0,NA,NA,NA,NA,NA,NA,NA,NA,NA,92343,NA,NA,NA,NA,0,NA,NA,NA,NA,813,NA,NA,NA,NA,0,NA,NA,NA,NA,0,NA,NA,NA,NA,0,NA,NA,NA,NA,0,NA,NA,NA,NA,NA,NA,NA,NA,NA,NA,NA,NA,NA,NA,NA,NA,NA,NA,NA,6254,NA,NA,NA,NA,4736,NA,NA,NA,NA,NA,NA,NA,NA,NA,0,NA,NA,NA,NA,0,NA,NA,NA,NA,0,NA,NA,NA,NA,27428,NA,NA,NA,NA,0,NA,NA,NA,NA,0,NA,NA,NA,NA,0,NA,NA,NA,NA,0,NA,NA,NA,NA,48490,NA,NA,NA,NA,0,NA,NA,NA,NA,0,NA,NA,NA,NA,39103,NA,NA,NA,NA,0,NA,NA,NA,NA,0,NA,NA,NA,NA
M19 [Other Items],19.13',RTI /STI colour coded syndromic kits ( I to VII),2. Stocks Received,205138,NA,NA,NA,NA,0,NA,NA,NA,NA,0,NA,NA,NA,NA,0,NA,NA,NA,NA,1335,NA,NA,NA,NA,150000,NA,NA,NA,NA,NA,NA,NA,NA,NA,0,NA,NA,NA,NA,NA,NA,NA,NA,NA,0,NA,NA,NA,NA,0,NA,NA,NA,NA,NA,NA,NA,NA,NA,710,NA,NA,NA,NA,0,NA,NA,NA,NA,0,NA,NA,NA,NA,0,NA,NA,NA,NA,0,NA,NA,NA,NA,0,NA,NA,NA,NA,0,NA,NA,NA,NA,NA,NA,NA,NA,NA,NA,NA,NA,NA,NA,NA,NA,NA,NA,NA,440,NA,NA,NA,NA,0,NA,NA,NA,NA,NA,NA,NA,NA,NA,0,NA,NA,NA,NA,0,NA,NA,NA,NA,0,NA,NA,NA,NA,0,NA,NA,NA,NA,0,NA,NA,NA,NA,0,NA,NA,NA,NA,0,NA,NA,NA,NA,0,NA,NA,NA,NA,13676,NA,NA,NA,NA,0,NA,NA,NA,NA,0,NA,NA,NA,NA,38977,NA,NA,NA,NA,0,NA,NA,NA,NA,0,NA,NA,NA,NA
M19 [Other Items],19.13',RTI /STI colour coded syndromic kits ( I to VII),3. Unusable Stock,112,NA,NA,NA,NA,0,NA,NA,NA,NA,0,NA,NA,NA,NA,0,NA,NA,NA,NA,0,NA,NA,NA,NA,0,NA,NA,NA,NA,NA,NA,NA,NA,NA,0,NA,NA,NA,NA,NA,NA,NA,NA,NA,0,NA,NA,NA,NA,0,NA,NA,NA,NA,NA,NA,NA,NA,NA,0,NA,NA,NA,NA,0,NA,NA,NA,NA,0,NA,NA,NA,NA,0,NA,NA,NA,NA,0,NA,NA,NA,NA,0,NA,NA,NA,NA,0,NA,NA,NA,NA,NA,NA,NA,NA,NA,NA,NA,NA,NA,NA,NA,NA,NA,NA,NA,9,NA,NA,NA,NA,0,NA,NA,NA,NA,NA,NA,NA,NA,NA,0,NA,NA,NA,NA,0,NA,NA,NA,NA,0,NA,NA,NA,NA,53,NA,NA,NA,NA,0,NA,NA,NA,NA,0,NA,NA,NA,NA,0,NA,NA,NA,NA,0,NA,NA,NA,NA,50,NA,NA,NA,NA,0,NA,NA,NA,NA,0,NA,NA,NA,NA,0,NA,NA,NA,NA,0,NA,NA,NA,NA,0,NA,NA,NA,NA
M19 [Other Items],19.13',RTI /STI colour coded syndromic kits ( I to VII),4. Stock Distributed,78416,NA,NA,NA,NA,0,NA,NA,NA,NA,0,NA,NA,NA,NA,0,NA,NA,NA,NA,1695,NA,NA,NA,NA,0,NA,NA,NA,NA,NA,NA,NA,NA,NA,0,NA,NA,NA,NA,0,NA,NA,NA,NA,0,NA,NA,NA,NA,0,NA,NA,NA,NA,NA,NA,NA,NA,NA,67507,NA,NA,NA,NA,0,NA,NA,NA,NA,234,NA,NA,NA,NA,0,NA,NA,NA,NA,0,NA,NA,NA,NA,0,NA,NA,NA,NA,0,NA,NA,NA,NA,NA,NA,NA,NA,NA,NA,NA,NA,NA,NA,NA,NA,NA,NA,NA,365,NA,NA,NA,NA,0,NA,NA,NA,NA,NA,NA,NA,NA,NA,0,NA,NA,NA,NA,0,NA,NA,NA,NA,0,NA,NA,NA,NA,1450,NA,NA,NA,NA,0,NA,NA,NA,NA,0,NA,NA,NA,NA,0,NA,NA,NA,NA,0,NA,NA,NA,NA,5980,NA,NA,NA,NA,0,NA,NA,NA,NA,0,NA,NA,NA,NA,1185,NA,NA,NA,NA,0,NA,NA,NA,NA,0,NA,NA,NA,NA
M19 [Other Items],19.13',RTI /STI colour coded syndromic kits ( I to VII),5. Total Stock,291097,NA,NA,NA,NA,2400,NA,NA,NA,NA,0,NA,NA,NA,NA,0,NA,NA,NA,NA,9637,NA,NA,NA,NA,0,NA,NA,NA,NA,NA,NA,NA,NA,NA,0,NA,NA,NA,NA,0,NA,NA,NA,NA,0,NA,NA,NA,NA,0,NA,NA,NA,NA,NA,NA,NA,NA,NA,125546,NA,NA,NA,NA,0,NA,NA,NA,NA,579,NA,NA,NA,NA,0,NA,NA,NA,NA,0,NA,NA,NA,NA,0,NA,NA,NA,NA,0,NA,NA,NA,NA,NA,NA,NA,NA,NA,NA,NA,NA,NA,NA,NA,NA,NA,NA,NA,6322,NA,NA,NA,NA,4736,NA,NA,NA,NA,NA,NA,NA,NA,NA,0,NA,NA,NA,NA,0,NA,NA,NA,NA,0,NA,NA,NA,NA,25925,NA,NA,NA,NA,0,NA,NA,NA,NA,0,NA,NA,NA,NA,0,NA,NA,NA,NA,0,NA,NA,NA,NA,56216,NA,NA,NA,NA,0,NA,NA,NA,NA,0,NA,NA,NA,NA,59736,NA,NA,NA,NA,0,NA,NA,NA,NA,0,NA,NA,NA,NA
M19 [Other Items],'19.14',Zinc 20 mg tablet,1. Balance From Previous Month,206002559,NA,NA,NA,NA,6726,NA,NA,NA,NA,912084,NA,NA,NA,NA,4850,NA,NA,NA,NA,24647710,NA,NA,NA,NA,3601100,NA,NA,NA,NA,NA,NA,NA,NA,NA,241369,NA,NA,NA,NA,18992,NA,NA,NA,NA,0,NA,NA,NA,NA,0,NA,NA,NA,NA,8344,NA,NA,NA,NA,4874180,NA,NA,NA,NA,47600,NA,NA,NA,NA,914582,NA,NA,NA,NA,89860,NA,NA,NA,NA,678950,NA,NA,NA,NA,170940,NA,NA,NA,NA,1138872,NA,NA,NA,NA,NA,NA,NA,NA,NA,NA,NA,NA,NA,NA,NA,NA,NA,NA,NA,16732867,NA,NA,NA,NA,61246645,NA,NA,NA,NA,NA,NA,NA,NA,NA,188588,NA,NA,NA,NA,84,NA,NA,NA,NA,43000,NA,NA,NA,NA,69209724,NA,NA,NA,NA,11289,NA,NA,NA,NA,111000,NA,NA,NA,NA,635250,NA,NA,NA,NA,1154,NA,NA,NA,NA,1915744,NA,NA,NA,NA,294435,NA,NA,NA,NA,37850,NA,NA,NA,NA,16447650,NA,NA,NA,NA,126970,NA,NA,NA,NA,1644150,NA,NA,NA,NA
M19 [Other Items],19.14',Zinc 20 mg tablet,2. Stocks Received,29594838,NA,NA,NA,NA,1200,NA,NA,NA,NA,0,NA,NA,NA,NA,40,NA,NA,NA,NA,1638520,NA,NA,NA,NA,475370,NA,NA,NA,NA,NA,NA,NA,NA,NA,722774,NA,NA,NA,NA,NA,NA,NA,NA,NA,0,NA,NA,NA,NA,0,NA,NA,NA,NA,60000,NA,NA,NA,NA,373000,NA,NA,NA,NA,0,NA,NA,NA,NA,0,NA,NA,NA,NA,45000,NA,NA,NA,NA,2189840,NA,NA,NA,NA,0,NA,NA,NA,NA,0,NA,NA,NA,NA,NA,NA,NA,NA,NA,NA,NA,NA,NA,NA,NA,NA,NA,NA,NA,850000,NA,NA,NA,NA,391360,NA,NA,NA,NA,NA,NA,NA,NA,NA,0,NA,NA,NA,NA,0,NA,NA,NA,NA,0,NA,NA,NA,NA,0,NA,NA,NA,NA,0,NA,NA,NA,NA,0,NA,NA,NA,NA,0,NA,NA,NA,NA,0,NA,NA,NA,NA,549334,NA,NA,NA,NA,0,NA,NA,NA,NA,0,NA,NA,NA,NA,21784600,NA,NA,NA,NA,0,NA,NA,NA,NA,513800,NA,NA,NA,NA
M19 [Other Items],19.14',Zinc 20 mg tablet,3. Unusable Stock,5163277,NA,NA,NA,NA,486,NA,NA,NA,NA,307000,NA,NA,NA,NA,0,NA,NA,NA,NA,80300,NA,NA,NA,NA,0,NA,NA,NA,NA,NA,NA,NA,NA,NA,0,NA,NA,NA,NA,NA,NA,NA,NA,NA,0,NA,NA,NA,NA,0,NA,NA,NA,NA,NA,NA,NA,NA,NA,250000,NA,NA,NA,NA,0,NA,NA,NA,NA,0,NA,NA,NA,NA,50010,NA,NA,NA,NA,0,NA,NA,NA,NA,0,NA,NA,NA,NA,0,NA,NA,NA,NA,NA,NA,NA,NA,NA,NA,NA,NA,NA,NA,NA,NA,NA,NA,NA,105800,NA,NA,NA,NA,0,NA,NA,NA,NA,NA,NA,NA,NA,NA,0,NA,NA,NA,NA,0,NA,NA,NA,NA,0,NA,NA,NA,NA,0,NA,NA,NA,NA,0,NA,NA,NA,NA,0,NA,NA,NA,NA,0,NA,NA,NA,NA,0,NA,NA,NA,NA,181,NA,NA,NA,NA,500,NA,NA,NA,NA,0,NA,NA,NA,NA,3714700,NA,NA,NA,NA,0,NA,NA,NA,NA,654300,NA,NA,NA,NA
M19 [Other Items],19.14',Zinc 20 mg tablet,4. Stock Distributed,47344810,NA,NA,NA,NA,950,NA,NA,NA,NA,195792,NA,NA,NA,NA,85,NA,NA,NA,NA,3387899,NA,NA,NA,NA,753588,NA,NA,NA,NA,NA,NA,NA,NA,NA,837500,NA,NA,NA,NA,4492,NA,NA,NA,NA,0,NA,NA,NA,NA,0,NA,NA,NA,NA,3008,NA,NA,NA,NA,1145590,NA,NA,NA,NA,12100,NA,NA,NA,NA,6350,NA,NA,NA,NA,110,NA,NA,NA,NA,720000,NA,NA,NA,NA,0,NA,NA,NA,NA,291804,NA,NA,NA,NA,NA,NA,NA,NA,NA,NA,NA,NA,NA,NA,NA,NA,NA,NA,NA,2011100,NA,NA,NA,NA,9709302,NA,NA,NA,NA,NA,NA,NA,NA,NA,28900,NA,NA,NA,NA,0,NA,NA,NA,NA,1000,NA,NA,NA,NA,13977512,NA,NA,NA,NA,11289,NA,NA,NA,NA,28000,NA,NA,NA,NA,67800,NA,NA,NA,NA,98,NA,NA,NA,NA,131941,NA,NA,NA,NA,23700,NA,NA,NA,NA,1650,NA,NA,NA,NA,13383550,NA,NA,NA,NA,23800,NA,NA,NA,NA,585900,NA,NA,NA,NA
M19 [Other Items],19.14',Zinc 20 mg tablet,5. Total Stock,163503818,NA,NA,NA,NA,7090,NA,NA,NA,NA,719292,NA,NA,NA,NA,4805,NA,NA,NA,NA,22817991,NA,NA,NA,NA,3108252,NA,NA,NA,NA,NA,NA,NA,NA,NA,126493,NA,NA,NA,NA,14500,NA,NA,NA,NA,0,NA,NA,NA,NA,0,NA,NA,NA,NA,68344,NA,NA,NA,NA,3872090,NA,NA,NA,NA,35500,NA,NA,NA,NA,908232,NA,NA,NA,NA,84740,NA,NA,NA,NA,2148790,NA,NA,NA,NA,170940,NA,NA,NA,NA,847068,NA,NA,NA,NA,NA,NA,NA,NA,NA,NA,NA,NA,NA,NA,NA,NA,NA,NA,NA,8961767,NA,NA,NA,NA,39669973,NA,NA,NA,NA,NA,NA,NA,NA,NA,159688,NA,NA,NA,NA,84,NA,NA,NA,NA,42000,NA,NA,NA,NA,55232212,NA,NA,NA,NA,0,NA,NA,NA,NA,83000,NA,NA,NA,NA,0,NA,NA,NA,NA,1056,NA,NA,NA,NA,2332956,NA,NA,NA,NA,270735,NA,NA,NA,NA,36200,NA,NA,NA,NA,20759100,NA,NA,NA,NA,103170,NA,NA,NA,NA,917750,NA,NA,NA,NA
M19 [Other Items],'19.15',Albendazole 400 mg tablet,1. Balance From Previous Month,62558205,NA,NA,NA,NA,14989,NA,NA,NA,NA,62266,NA,NA,NA,NA,13800,NA,NA,NA,NA,1672020,NA,NA,NA,NA,1797632,NA,NA,NA,NA,NA,NA,NA,NA,NA,114340,NA,NA,NA,NA,8050,NA,NA,NA,NA,0,NA,NA,NA,NA,0,NA,NA,NA,NA,NA,NA,NA,NA,NA,2607650,NA,NA,NA,NA,480000,NA,NA,NA,NA,185453,NA,NA,NA,NA,547178,NA,NA,NA,NA,1318883,NA,NA,NA,NA,1346585,NA,NA,NA,NA,100,NA,NA,NA,NA,NA,NA,NA,NA,NA,NA,NA,NA,NA,NA,NA,NA,NA,NA,NA,17851140,NA,NA,NA,NA,2471628,NA,NA,NA,NA,20547,NA,NA,NA,NA,346820,NA,NA,NA,NA,1100,NA,NA,NA,NA,14710,NA,NA,NA,NA,13068727,NA,NA,NA,NA,20195,NA,NA,NA,NA,109275,NA,NA,NA,NA,1177533,NA,NA,NA,NA,12155,NA,NA,NA,NA,5821787,NA,NA,NA,NA,114933,NA,NA,NA,NA,185678,NA,NA,NA,NA,9588409,NA,NA,NA,NA,598722,NA,NA,NA,NA,985900,NA,NA,NA,NA
M19 [Other Items],19.15',Albendazole 400 mg tablet,2. Stocks Received,6025536,NA,NA,NA,NA,15810,NA,NA,NA,NA,0,NA,NA,NA,NA,45,NA,NA,NA,NA,480300,NA,NA,NA,NA,223150,NA,NA,NA,NA,NA,NA,NA,NA,NA,1136570,NA,NA,NA,NA,NA,NA,NA,NA,NA,0,NA,NA,NA,NA,0,NA,NA,NA,NA,NA,NA,NA,NA,NA,432500,NA,NA,NA,NA,195660,NA,NA,NA,NA,1178000,NA,NA,NA,NA,0,NA,NA,NA,NA,0,NA,NA,NA,NA,0,NA,NA,NA,NA,0,NA,NA,NA,NA,NA,NA,NA,NA,NA,NA,NA,NA,NA,NA,NA,NA,NA,NA,NA,44600,NA,NA,NA,NA,320220,NA,NA,NA,NA,0,NA,NA,NA,NA,491550,NA,NA,NA,NA,0,NA,NA,NA,NA,0,NA,NA,NA,NA,574600,NA,NA,NA,NA,0,NA,NA,NA,NA,60000,NA,NA,NA,NA,0,NA,NA,NA,NA,0,NA,NA,NA,NA,569358,NA,NA,NA,NA,0,NA,NA,NA,NA,83173,NA,NA,NA,NA,220000,NA,NA,NA,NA,0,NA,NA,NA,NA,0,NA,NA,NA,NA
M19 [Other Items],19.15',Albendazole 400 mg tablet,3. Unusable Stock,188159,NA,NA,NA,NA,1689,NA,NA,NA,NA,0,NA,NA,NA,NA,1000,NA,NA,NA,NA,2300,NA,NA,NA,NA,0,NA,NA,NA,NA,NA,NA,NA,NA,NA,0,NA,NA,NA,NA,NA,NA,NA,NA,NA,0,NA,NA,NA,NA,0,NA,NA,NA,NA,NA,NA,NA,NA,NA,150000,NA,NA,NA,NA,0,NA,NA,NA,NA,0,NA,NA,NA,NA,0,NA,NA,NA,NA,0,NA,NA,NA,NA,0,NA,NA,NA,NA,0,NA,NA,NA,NA,NA,NA,NA,NA,NA,NA,NA,NA,NA,NA,NA,NA,NA,NA,NA,26500,NA,NA,NA,NA,0,NA,NA,NA,NA,NA,NA,NA,NA,NA,0,NA,NA,NA,NA,0,NA,NA,NA,NA,0,NA,NA,NA,NA,0,NA,NA,NA,NA,0,NA,NA,NA,NA,0,NA,NA,NA,NA,0,NA,NA,NA,NA,0,NA,NA,NA,NA,88,NA,NA,NA,NA,2582,NA,NA,NA,NA,0,NA,NA,NA,NA,4000,NA,NA,NA,NA,0,NA,NA,NA,NA,0,NA,NA,NA,NA
M19 [Other Items],19.15',Albendazole 400 mg tablet,4. Stock Distributed,7130330,NA,NA,NA,NA,1647,NA,NA,NA,NA,0,NA,NA,NA,NA,340,NA,NA,NA,NA,1245000,NA,NA,NA,NA,286720,NA,NA,NA,NA,NA,NA,NA,NA,NA,971342,NA,NA,NA,NA,4000,NA,NA,NA,NA,0,NA,NA,NA,NA,0,NA,NA,NA,NA,NA,NA,NA,NA,NA,399790,NA,NA,NA,NA,675660,NA,NA,NA,NA,1170125,NA,NA,NA,NA,4696,NA,NA,NA,NA,14150,NA,NA,NA,NA,0,NA,NA,NA,NA,0,NA,NA,NA,NA,NA,NA,NA,NA,NA,NA,NA,NA,NA,NA,NA,NA,NA,NA,NA,323840,NA,NA,NA,NA,418429,NA,NA,NA,NA,6000,NA,NA,NA,NA,468150,NA,NA,NA,NA,0,NA,NA,NA,NA,1000,NA,NA,NA,NA,128800,NA,NA,NA,NA,14751,NA,NA,NA,NA,96075,NA,NA,NA,NA,15000,NA,NA,NA,NA,123,NA,NA,NA,NA,236303,NA,NA,NA,NA,0,NA,NA,NA,NA,21400,NA,NA,NA,NA,354789,NA,NA,NA,NA,7300,NA,NA,NA,NA,264900,NA,NA,NA,NA
M19 [Other Items],19.15',Albendazole 400 mg tablet,5. Total Stock,58313654,NA,NA,NA,NA,28463,NA,NA,NA,NA,62266,NA,NA,NA,NA,12505,NA,NA,NA,NA,905020,NA,NA,NA,NA,1428191,NA,NA,NA,NA,NA,NA,NA,NA,NA,279568,NA,NA,NA,NA,4050,NA,NA,NA,NA,0,NA,NA,NA,NA,0,NA,NA,NA,NA,NA,NA,NA,NA,NA,2657360,NA,NA,NA,NA,0,NA,NA,NA,NA,193328,NA,NA,NA,NA,542482,NA,NA,NA,NA,1304733,NA,NA,NA,NA,1346585,NA,NA,NA,NA,100,NA,NA,NA,NA,NA,NA,NA,NA,NA,NA,NA,NA,NA,NA,NA,NA,NA,NA,NA,17480740,NA,NA,NA,NA,1796509,NA,NA,NA,NA,14547,NA,NA,NA,NA,370220,NA,NA,NA,NA,1100,NA,NA,NA,NA,13710,NA,NA,NA,NA,13514527,NA,NA,NA,NA,5444,NA,NA,NA,NA,73200,NA,NA,NA,NA,538193,NA,NA,NA,NA,12032,NA,NA,NA,NA,6154754,NA,NA,NA,NA,105933,NA,NA,NA,NA,247461,NA,NA,NA,NA,8248636,NA,NA,NA,NA,250997,NA,NA,NA,NA,721000,NA,NA,NA,NA
M19 [Other Items],'19.16',Calcium Tablets,1. Balance From Previous Month,285077238,NA,NA,NA,NA,344299,NA,NA,NA,NA,0,NA,NA,NA,NA,75650,NA,NA,NA,NA,51028350,NA,NA,NA,NA,31595824,NA,NA,NA,NA,NA,NA,NA,NA,NA,38600,NA,NA,NA,NA,274380,NA,NA,NA,NA,0,NA,NA,NA,NA,11800,NA,NA,NA,NA,NA,NA,NA,NA,NA,3367660,NA,NA,NA,NA,152500,NA,NA,NA,NA,4127755,NA,NA,NA,NA,54952,NA,NA,NA,NA,21666500,NA,NA,NA,NA,0,NA,NA,NA,NA,3301800,NA,NA,NA,NA,NA,NA,NA,NA,NA,NA,NA,NA,NA,NA,NA,NA,NA,NA,NA,10280349,NA,NA,NA,NA,57191635,NA,NA,NA,NA,68071,NA,NA,NA,NA,1106260,NA,NA,NA,NA,49500,NA,NA,NA,NA,0,NA,NA,NA,NA,14276320,NA,NA,NA,NA,140044,NA,NA,NA,NA,1778000,NA,NA,NA,NA,1423450,NA,NA,NA,NA,356805,NA,NA,NA,NA,12532279,NA,NA,NA,NA,0,NA,NA,NA,NA,182000,NA,NA,NA,NA,61234905,NA,NA,NA,NA,2588400,NA,NA,NA,NA,5829150,NA,NA,NA,NA
M19 [Other Items],19.16',Calcium Tablets,2. Stocks Received,49731712,NA,NA,NA,NA,133500,NA,NA,NA,NA,0,NA,NA,NA,NA,0,NA,NA,NA,NA,9402310,NA,NA,NA,NA,20000,NA,NA,NA,NA,NA,NA,NA,NA,NA,205000,NA,NA,NA,NA,NA,NA,NA,NA,NA,0,NA,NA,NA,NA,2600,NA,NA,NA,NA,NA,NA,NA,NA,NA,1302560,NA,NA,NA,NA,0,NA,NA,NA,NA,50000,NA,NA,NA,NA,0,NA,NA,NA,NA,1000000,NA,NA,NA,NA,932700,NA,NA,NA,NA,4941170,NA,NA,NA,NA,NA,NA,NA,NA,NA,NA,NA,NA,NA,NA,NA,NA,NA,NA,NA,5708800,NA,NA,NA,NA,1745168,NA,NA,NA,NA,0,NA,NA,NA,NA,5993000,NA,NA,NA,NA,0,NA,NA,NA,NA,0,NA,NA,NA,NA,1586900,NA,NA,NA,NA,0,NA,NA,NA,NA,1290000,NA,NA,NA,NA,0,NA,NA,NA,NA,58550,NA,NA,NA,NA,8032984,NA,NA,NA,NA,0,NA,NA,NA,NA,27000,NA,NA,NA,NA,223150,NA,NA,NA,NA,3671320,NA,NA,NA,NA,3405000,NA,NA,NA,NA
M19 [Other Items],19.16',Calcium Tablets,3. Unusable Stock,1340432,NA,NA,NA,NA,0,NA,NA,NA,NA,0,NA,NA,NA,NA,600,NA,NA,NA,NA,552500,NA,NA,NA,NA,0,NA,NA,NA,NA,NA,NA,NA,NA,NA,0,NA,NA,NA,NA,NA,NA,NA,NA,NA,0,NA,NA,NA,NA,0,NA,NA,NA,NA,NA,NA,NA,NA,NA,280000,NA,NA,NA,NA,0,NA,NA,NA,NA,0,NA,NA,NA,NA,0,NA,NA,NA,NA,0,NA,NA,NA,NA,0,NA,NA,NA,NA,0,NA,NA,NA,NA,NA,NA,NA,NA,NA,NA,NA,NA,NA,NA,NA,NA,NA,NA,NA,504000,NA,NA,NA,NA,0,NA,NA,NA,NA,NA,NA,NA,NA,NA,0,NA,NA,NA,NA,0,NA,NA,NA,NA,0,NA,NA,NA,NA,0,NA,NA,NA,NA,0,NA,NA,NA,NA,0,NA,NA,NA,NA,0,NA,NA,NA,NA,0,NA,NA,NA,NA,3332,NA,NA,NA,NA,0,NA,NA,NA,NA,0,NA,NA,NA,NA,0,NA,NA,NA,NA,0,NA,NA,NA,NA,0,NA,NA,NA,NA
M19 [Other Items],19.16',Calcium Tablets,4. Stock Distributed,80264016,NA,NA,NA,NA,49663,NA,NA,NA,NA,0,NA,NA,NA,NA,16600,NA,NA,NA,NA,6369570,NA,NA,NA,NA,5164374,NA,NA,NA,NA,NA,NA,NA,NA,NA,29500,NA,NA,NA,NA,71000,NA,NA,NA,NA,0,NA,NA,NA,NA,11800,NA,NA,NA,NA,NA,NA,NA,NA,NA,1989490,NA,NA,NA,NA,59500,NA,NA,NA,NA,121481,NA,NA,NA,NA,11600,NA,NA,NA,NA,2179500,NA,NA,NA,NA,0,NA,NA,NA,NA,3038940,NA,NA,NA,NA,NA,NA,NA,NA,NA,NA,NA,NA,NA,NA,NA,NA,NA,NA,NA,6813050,NA,NA,NA,NA,2810085,NA,NA,NA,NA,12970,NA,NA,NA,NA,4057200,NA,NA,NA,NA,0,NA,NA,NA,NA,0,NA,NA,NA,NA,7406020,NA,NA,NA,NA,93273,NA,NA,NA,NA,1720000,NA,NA,NA,NA,710254,NA,NA,NA,NA,77546,NA,NA,NA,NA,2139375,NA,NA,NA,NA,0,NA,NA,NA,NA,75000,NA,NA,NA,NA,27460025,NA,NA,NA,NA,2856000,NA,NA,NA,NA,4920200,NA,NA,NA,NA
M19 [Other Items],19.16',Calcium Tablets,5. Total Stock,229223851,NA,NA,NA,NA,428136,NA,NA,NA,NA,0,NA,NA,NA,NA,58450,NA,NA,NA,NA,62608590,NA,NA,NA,NA,26132950,NA,NA,NA,NA,NA,NA,NA,NA,NA,214100,NA,NA,NA,NA,203380,NA,NA,NA,NA,0,NA,NA,NA,NA,2600,NA,NA,NA,NA,NA,NA,NA,NA,NA,2680730,NA,NA,NA,NA,130000,NA,NA,NA,NA,4056274,NA,NA,NA,NA,43352,NA,NA,NA,NA,1047000,NA,NA,NA,NA,932700,NA,NA,NA,NA,5204030,NA,NA,NA,NA,NA,NA,NA,NA,NA,NA,NA,NA,NA,NA,NA,NA,NA,NA,NA,11718499,NA,NA,NA,NA,41701033,NA,NA,NA,NA,55101,NA,NA,NA,NA,3042060,NA,NA,NA,NA,49500,NA,NA,NA,NA,0,NA,NA,NA,NA,8457200,NA,NA,NA,NA,46771,NA,NA,NA,NA,1348000,NA,NA,NA,NA,63100,NA,NA,NA,NA,356539,NA,NA,NA,NA,18402056,NA,NA,NA,NA,0,NA,NA,NA,NA,134000,NA,NA,NA,NA,32390030,NA,NA,NA,NA,3403720,NA,NA,NA,NA,4313950,NA,NA,NA,NA
M20 [Syringes],'20.1',Syringes - 0.1 ml (AD),1. Balance From Previous Month,6185586,NA,NA,NA,NA,43385,NA,NA,NA,NA,104720,NA,NA,NA,NA,7949,NA,NA,NA,NA,337998,NA,NA,NA,NA,687711,NA,NA,NA,NA,16860,NA,NA,NA,NA,91340,NA,NA,NA,NA,50,NA,NA,NA,NA,4037,NA,NA,NA,NA,152421,NA,NA,NA,NA,23700,NA,NA,NA,NA,795483,NA,NA,NA,NA,116050,NA,NA,NA,NA,66300,NA,NA,NA,NA,106783,NA,NA,NA,NA,131374,NA,NA,NA,NA,29640,NA,NA,NA,NA,26575,NA,NA,NA,NA,1600,NA,NA,NA,NA,NA,NA,NA,NA,NA,NA,NA,NA,NA,NA,568205,NA,NA,NA,NA,1156586,NA,NA,NA,NA,5063,NA,NA,NA,NA,37783,NA,NA,NA,NA,9990,NA,NA,NA,NA,25132,NA,NA,NA,NA,96183,NA,NA,NA,NA,14580,NA,NA,NA,NA,36450,NA,NA,NA,NA,174250,NA,NA,NA,NA,11255,NA,NA,NA,NA,419893,NA,NA,NA,NA,122850,NA,NA,NA,NA,6291,NA,NA,NA,NA,528229,NA,NA,NA,NA,8820,NA,NA,NA,NA,220050,NA,NA,NA,NA
M20 [Syringes],20.1',Syringes - 0.1 ml (AD),2. Stocks Received,3606326,NA,NA,NA,NA,5100,NA,NA,NA,NA,332900,NA,NA,NA,NA,3725,NA,NA,NA,NA,222390,NA,NA,NA,NA,934800,NA,NA,NA,NA,20000,NA,NA,NA,NA,36000,NA,NA,NA,NA,20000,NA,NA,NA,NA,0,NA,NA,NA,NA,69600,NA,NA,NA,NA,NA,NA,NA,NA,NA,30000,NA,NA,NA,NA,26000,NA,NA,NA,NA,18600,NA,NA,NA,NA,66500,NA,NA,NA,NA,134600,NA,NA,NA,NA,210700,NA,NA,NA,NA,18300,NA,NA,NA,NA,0,NA,NA,NA,NA,NA,NA,NA,NA,NA,NA,NA,NA,NA,NA,229000,NA,NA,NA,NA,206600,NA,NA,NA,NA,8600,NA,NA,NA,NA,29400,NA,NA,NA,NA,5600,NA,NA,NA,NA,8992,NA,NA,NA,NA,217885,NA,NA,NA,NA,0,NA,NA,NA,NA,51600,NA,NA,NA,NA,68800,NA,NA,NA,NA,1899,NA,NA,NA,NA,98635,NA,NA,NA,NA,104400,NA,NA,NA,NA,9000,NA,NA,NA,NA,157000,NA,NA,NA,NA,63700,NA,NA,NA,NA,196000,NA,NA,NA,NA
M20 [Syringes],20.1',Syringes - 0.1 ml (AD),3. Unusable Stock,237086,NA,NA,NA,NA,3062,NA,NA,NA,NA,97200,NA,NA,NA,NA,0,NA,NA,NA,NA,0,NA,NA,NA,NA,25400,NA,NA,NA,NA,0,NA,NA,NA,NA,0,NA,NA,NA,NA,NA,NA,NA,NA,NA,0,NA,NA,NA,NA,0,NA,NA,NA,NA,NA,NA,NA,NA,NA,3000,NA,NA,NA,NA,0,NA,NA,NA,NA,0,NA,NA,NA,NA,13600,NA,NA,NA,NA,0,NA,NA,NA,NA,0,NA,NA,NA,NA,0,NA,NA,NA,NA,0,NA,NA,NA,NA,NA,NA,NA,NA,NA,NA,NA,NA,NA,NA,3200,NA,NA,NA,NA,0,NA,NA,NA,NA,0,NA,NA,NA,NA,0,NA,NA,NA,NA,0,NA,NA,NA,NA,0,NA,NA,NA,NA,9200,NA,NA,NA,NA,0,NA,NA,NA,NA,2350,NA,NA,NA,NA,0,NA,NA,NA,NA,6,NA,NA,NA,NA,7218,NA,NA,NA,NA,10750,NA,NA,NA,NA,0,NA,NA,NA,NA,53700,NA,NA,NA,NA,0,NA,NA,NA,NA,8400,NA,NA,NA,NA
M20 [Syringes],20.1',Syringes - 0.1 ml (AD),4. Stock Distributed,3434553,NA,NA,NA,NA,746,NA,NA,NA,NA,167160,NA,NA,NA,NA,3856,NA,NA,NA,NA,122959,NA,NA,NA,NA,703275,NA,NA,NA,NA,4000,NA,NA,NA,NA,39200,NA,NA,NA,NA,2000,NA,NA,NA,NA,155,NA,NA,NA,NA,96985,NA,NA,NA,NA,4300,NA,NA,NA,NA,152150,NA,NA,NA,NA,112650,NA,NA,NA,NA,30532,NA,NA,NA,NA,87120,NA,NA,NA,NA,137078,NA,NA,NA,NA,137970,NA,NA,NA,NA,29365,NA,NA,NA,NA,200,NA,NA,NA,NA,NA,NA,NA,NA,NA,NA,NA,NA,NA,NA,218350,NA,NA,NA,NA,189078,NA,NA,NA,NA,6170,NA,NA,NA,NA,24330,NA,NA,NA,NA,5119,NA,NA,NA,NA,7905,NA,NA,NA,NA,182940,NA,NA,NA,NA,7980,NA,NA,NA,NA,53100,NA,NA,NA,NA,21700,NA,NA,NA,NA,545,NA,NA,NA,NA,207198,NA,NA,NA,NA,147500,NA,NA,NA,NA,8551,NA,NA,NA,NA,268260,NA,NA,NA,NA,25576,NA,NA,NA,NA,228550,NA,NA,NA,NA
M20 [Syringes],20.1',Syringes - 0.1 ml (AD),5. Total Stock,6120273,NA,NA,NA,NA,44677,NA,NA,NA,NA,173260,NA,NA,NA,NA,7818,NA,NA,NA,NA,437429,NA,NA,NA,NA,893836,NA,NA,NA,NA,32860,NA,NA,NA,NA,88140,NA,NA,NA,NA,18050,NA,NA,NA,NA,3882,NA,NA,NA,NA,125036,NA,NA,NA,NA,19400,NA,NA,NA,NA,670333,NA,NA,NA,NA,29400,NA,NA,NA,NA,54368,NA,NA,NA,NA,72563,NA,NA,NA,NA,128896,NA,NA,NA,NA,102370,NA,NA,NA,NA,15510,NA,NA,NA,NA,1400,NA,NA,NA,NA,NA,NA,NA,NA,NA,NA,NA,NA,NA,NA,575655,NA,NA,NA,NA,1174108,NA,NA,NA,NA,7493,NA,NA,NA,NA,42853,NA,NA,NA,NA,10471,NA,NA,NA,NA,26219,NA,NA,NA,NA,121928,NA,NA,NA,NA,6600,NA,NA,NA,NA,32600,NA,NA,NA,NA,221350,NA,NA,NA,NA,12603,NA,NA,NA,NA,304112,NA,NA,NA,NA,69000,NA,NA,NA,NA,6740,NA,NA,NA,NA,363269,NA,NA,NA,NA,46944,NA,NA,NA,NA,179100,NA,NA,NA,NA
M20 [Syringes],'20.2',Syringes - 0.5 ml (AD),1. Balance From Previous Month,50698409,NA,NA,NA,NA,58030,NA,NA,NA,NA,2642440,NA,NA,NA,NA,51460,NA,NA,NA,NA,3082193,NA,NA,NA,NA,10525613,NA,NA,NA,NA,59850,NA,NA,NA,NA,704700,NA,NA,NA,NA,50000,NA,NA,NA,NA,54316,NA,NA,NA,NA,202300,NA,NA,NA,NA,37200,NA,NA,NA,NA,2232021,NA,NA,NA,NA,1316895,NA,NA,NA,NA,186113,NA,NA,NA,NA,337605,NA,NA,NA,NA,839870,NA,NA,NA,NA,2980490,NA,NA,NA,NA,336639,NA,NA,NA,NA,6000,NA,NA,NA,NA,NA,NA,NA,NA,NA,NA,NA,NA,NA,NA,3438110,NA,NA,NA,NA,3013235,NA,NA,NA,NA,41995,NA,NA,NA,NA,152547,NA,NA,NA,NA,33246,NA,NA,NA,NA,106629,NA,NA,NA,NA,999363,NA,NA,NA,NA,91566,NA,NA,NA,NA,518300,NA,NA,NA,NA,915500,NA,NA,NA,NA,14543,NA,NA,NA,NA,6804102,NA,NA,NA,NA,2338700,NA,NA,NA,NA,143911,NA,NA,NA,NA,4891047,NA,NA,NA,NA,125900,NA,NA,NA,NA,1365980,NA,NA,NA,NA
M20 [Syringes],20.2',Syringes - 0.5 ml (AD),2. Stocks Received,11745035,NA,NA,NA,NA,67000,NA,NA,NA,NA,0,NA,NA,NA,NA,15245,NA,NA,NA,NA,192400,NA,NA,NA,NA,3299800,NA,NA,NA,NA,0,NA,NA,NA,NA,228700,NA,NA,NA,NA,NA,NA,NA,NA,NA,0,NA,NA,NA,NA,1285140,NA,NA,NA,NA,NA,NA,NA,NA,NA,84000,NA,NA,NA,NA,147000,NA,NA,NA,NA,37600,NA,NA,NA,NA,83200,NA,NA,NA,NA,368000,NA,NA,NA,NA,949000,NA,NA,NA,NA,147000,NA,NA,NA,NA,0,NA,NA,NA,NA,NA,NA,NA,NA,NA,NA,NA,NA,NA,NA,1021600,NA,NA,NA,NA,368400,NA,NA,NA,NA,27000,NA,NA,NA,NA,345900,NA,NA,NA,NA,12000,NA,NA,NA,NA,33600,NA,NA,NA,NA,483800,NA,NA,NA,NA,0,NA,NA,NA,NA,70000,NA,NA,NA,NA,210000,NA,NA,NA,NA,7303,NA,NA,NA,NA,774890,NA,NA,NA,NA,696000,NA,NA,NA,NA,19000,NA,NA,NA,NA,552107,NA,NA,NA,NA,125000,NA,NA,NA,NA,94350,NA,NA,NA,NA
M20 [Syringes],20.2',Syringes - 0.5 ml (AD),3. Unusable Stock,1893145,NA,NA,NA,NA,3056,NA,NA,NA,NA,853450,NA,NA,NA,NA,0,NA,NA,NA,NA,0,NA,NA,NA,NA,123483,NA,NA,NA,NA,0,NA,NA,NA,NA,0,NA,NA,NA,NA,NA,NA,NA,NA,NA,0,NA,NA,NA,NA,0,NA,NA,NA,NA,NA,NA,NA,NA,NA,54400,NA,NA,NA,NA,136350,NA,NA,NA,NA,0,NA,NA,NA,NA,19430,NA,NA,NA,NA,0,NA,NA,NA,NA,0,NA,NA,NA,NA,0,NA,NA,NA,NA,0,NA,NA,NA,NA,NA,NA,NA,NA,NA,NA,NA,NA,NA,NA,86000,NA,NA,NA,NA,0,NA,NA,NA,NA,0,NA,NA,NA,NA,0,NA,NA,NA,NA,0,NA,NA,NA,NA,0,NA,NA,NA,NA,0,NA,NA,NA,NA,0,NA,NA,NA,NA,50,NA,NA,NA,NA,0,NA,NA,NA,NA,12,NA,NA,NA,NA,11564,NA,NA,NA,NA,273700,NA,NA,NA,NA,0,NA,NA,NA,NA,247000,NA,NA,NA,NA,0,NA,NA,NA,NA,84650,NA,NA,NA,NA
M20 [Syringes],20.2',Syringes - 0.5 ml (AD),4. Stock Distributed,12731671,NA,NA,NA,NA,2151,NA,NA,NA,NA,708410,NA,NA,NA,NA,23867,NA,NA,NA,NA,302790,NA,NA,NA,NA,2079100,NA,NA,NA,NA,14700,NA,NA,NA,NA,204900,NA,NA,NA,NA,11400,NA,NA,NA,NA,697,NA,NA,NA,NA,268405,NA,NA,NA,NA,14000,NA,NA,NA,NA,477230,NA,NA,NA,NA,510450,NA,NA,NA,NA,46130,NA,NA,NA,NA,151443,NA,NA,NA,NA,445400,NA,NA,NA,NA,499423,NA,NA,NA,NA,219600,NA,NA,NA,NA,0,NA,NA,NA,NA,NA,NA,NA,NA,NA,NA,NA,NA,NA,NA,1644640,NA,NA,NA,NA,664830,NA,NA,NA,NA,24400,NA,NA,NA,NA,48750,NA,NA,NA,NA,14045,NA,NA,NA,NA,22537,NA,NA,NA,NA,642740,NA,NA,NA,NA,8400,NA,NA,NA,NA,268350,NA,NA,NA,NA,207550,NA,NA,NA,NA,12476,NA,NA,NA,NA,1166392,NA,NA,NA,NA,669800,NA,NA,NA,NA,32000,NA,NA,NA,NA,974635,NA,NA,NA,NA,58680,NA,NA,NA,NA,291350,NA,NA,NA,NA
M20 [Syringes],20.2',Syringes - 0.5 ml (AD),5. Total Stock,47818628,NA,NA,NA,NA,119823,NA,NA,NA,NA,1080580,NA,NA,NA,NA,42838,NA,NA,NA,NA,2971803,NA,NA,NA,NA,11622830,NA,NA,NA,NA,45150,NA,NA,NA,NA,728500,NA,NA,NA,NA,38600,NA,NA,NA,NA,53619,NA,NA,NA,NA,1219035,NA,NA,NA,NA,23200,NA,NA,NA,NA,1784391,NA,NA,NA,NA,817095,NA,NA,NA,NA,177583,NA,NA,NA,NA,249932,NA,NA,NA,NA,762470,NA,NA,NA,NA,3430067,NA,NA,NA,NA,264039,NA,NA,NA,NA,6000,NA,NA,NA,NA,NA,NA,NA,NA,NA,NA,NA,NA,NA,NA,2729070,NA,NA,NA,NA,2716805,NA,NA,NA,NA,44595,NA,NA,NA,NA,449697,NA,NA,NA,NA,31201,NA,NA,NA,NA,117692,NA,NA,NA,NA,840423,NA,NA,NA,NA,83166,NA,NA,NA,NA,319900,NA,NA,NA,NA,917950,NA,NA,NA,NA,9358,NA,NA,NA,NA,6401036,NA,NA,NA,NA,2091200,NA,NA,NA,NA,130911,NA,NA,NA,NA,4221519,NA,NA,NA,NA,192220,NA,NA,NA,NA,1084330,NA,NA,NA,NA
M20 [Syringes],'20.3',Syringes - 5.0 ml (Disposable),1. Balance From Previous Month,10073625,NA,NA,NA,NA,6768,NA,NA,NA,NA,145685,NA,NA,NA,NA,7060,NA,NA,NA,NA,3086079,NA,NA,NA,NA,1020344,NA,NA,NA,NA,4180,NA,NA,NA,NA,158375,NA,NA,NA,NA,1500,NA,NA,NA,NA,5645,NA,NA,NA,NA,42618,NA,NA,NA,NA,15400,NA,NA,NA,NA,179161,NA,NA,NA,NA,39320,NA,NA,NA,NA,14697,NA,NA,NA,NA,96040,NA,NA,NA,NA,88966,NA,NA,NA,NA,106073,NA,NA,NA,NA,41648,NA,NA,NA,NA,200,NA,NA,NA,NA,NA,NA,NA,NA,NA,NA,NA,NA,NA,NA,1664125,NA,NA,NA,NA,723693,NA,NA,NA,NA,7843,NA,NA,NA,NA,57191,NA,NA,NA,NA,14918,NA,NA,NA,NA,8818,NA,NA,NA,NA,246194,NA,NA,NA,NA,2645,NA,NA,NA,NA,41650,NA,NA,NA,NA,60200,NA,NA,NA,NA,6589,NA,NA,NA,NA,928327,NA,NA,NA,NA,162700,NA,NA,NA,NA,13746,NA,NA,NA,NA,693017,NA,NA,NA,NA,45420,NA,NA,NA,NA,336790,NA,NA,NA,NA
M20 [Syringes],20.3',Syringes - 5.0 ml (Disposable),2. Stocks Received,1780376,NA,NA,NA,NA,200,NA,NA,NA,NA,74600,NA,NA,NA,NA,1040,NA,NA,NA,NA,261300,NA,NA,NA,NA,348700,NA,NA,NA,NA,0,NA,NA,NA,NA,45600,NA,NA,NA,NA,NA,NA,NA,NA,NA,0,NA,NA,NA,NA,97300,NA,NA,NA,NA,NA,NA,NA,NA,NA,42600,NA,NA,NA,NA,9600,NA,NA,NA,NA,2400,NA,NA,NA,NA,20400,NA,NA,NA,NA,29200,NA,NA,NA,NA,62000,NA,NA,NA,NA,18000,NA,NA,NA,NA,0,NA,NA,NA,NA,NA,NA,NA,NA,NA,NA,NA,NA,NA,NA,340600,NA,NA,NA,NA,160400,NA,NA,NA,NA,3700,NA,NA,NA,NA,5700,NA,NA,NA,NA,250,NA,NA,NA,NA,2520,NA,NA,NA,NA,58850,NA,NA,NA,NA,0,NA,NA,NA,NA,21600,NA,NA,NA,NA,36000,NA,NA,NA,NA,910,NA,NA,NA,NA,38952,NA,NA,NA,NA,27000,NA,NA,NA,NA,5619,NA,NA,NA,NA,44535,NA,NA,NA,NA,12000,NA,NA,NA,NA,8800,NA,NA,NA,NA
M20 [Syringes],20.3',Syringes - 5.0 ml (Disposable),3. Unusable Stock,241581,NA,NA,NA,NA,107,NA,NA,NA,NA,44800,NA,NA,NA,NA,0,NA,NA,NA,NA,0,NA,NA,NA,NA,12200,NA,NA,NA,NA,0,NA,NA,NA,NA,0,NA,NA,NA,NA,NA,NA,NA,NA,NA,0,NA,NA,NA,NA,0,NA,NA,NA,NA,NA,NA,NA,NA,NA,0,NA,NA,NA,NA,7700,NA,NA,NA,NA,0,NA,NA,NA,NA,19200,NA,NA,NA,NA,0,NA,NA,NA,NA,0,NA,NA,NA,NA,0,NA,NA,NA,NA,0,NA,NA,NA,NA,NA,NA,NA,NA,NA,NA,NA,NA,NA,NA,200,NA,NA,NA,NA,0,NA,NA,NA,NA,0,NA,NA,NA,NA,0,NA,NA,NA,NA,0,NA,NA,NA,NA,0,NA,NA,NA,NA,0,NA,NA,NA,NA,0,NA,NA,NA,NA,7500,NA,NA,NA,NA,0,NA,NA,NA,NA,0,NA,NA,NA,NA,1474,NA,NA,NA,NA,1700,NA,NA,NA,NA,0,NA,NA,NA,NA,34100,NA,NA,NA,NA,0,NA,NA,NA,NA,112600,NA,NA,NA,NA
M20 [Syringes],20.3',Syringes - 5.0 ml (Disposable),4. Stock Distributed,2451878,NA,NA,NA,NA,84,NA,NA,NA,NA,109040,NA,NA,NA,NA,1444,NA,NA,NA,NA,664360,NA,NA,NA,NA,259890,NA,NA,NA,NA,900,NA,NA,NA,NA,35800,NA,NA,NA,NA,100,NA,NA,NA,NA,59,NA,NA,NA,NA,23015,NA,NA,NA,NA,900,NA,NA,NA,NA,22720,NA,NA,NA,NA,36630,NA,NA,NA,NA,3604,NA,NA,NA,NA,7762,NA,NA,NA,NA,32482,NA,NA,NA,NA,61132,NA,NA,NA,NA,17800,NA,NA,NA,NA,200,NA,NA,NA,NA,NA,NA,NA,NA,NA,NA,NA,NA,NA,NA,362587,NA,NA,NA,NA,172152,NA,NA,NA,NA,4155,NA,NA,NA,NA,10830,NA,NA,NA,NA,972,NA,NA,NA,NA,2302,NA,NA,NA,NA,85880,NA,NA,NA,NA,400,NA,NA,NA,NA,24670,NA,NA,NA,NA,10300,NA,NA,NA,NA,284,NA,NA,NA,NA,272162,NA,NA,NA,NA,53750,NA,NA,NA,NA,4116,NA,NA,NA,NA,125091,NA,NA,NA,NA,5305,NA,NA,NA,NA,39000,NA,NA,NA,NA
M20 [Syringes],20.3',Syringes - 5.0 ml (Disposable),5. Total Stock,9160542,NA,NA,NA,NA,6777,NA,NA,NA,NA,66445,NA,NA,NA,NA,6656,NA,NA,NA,NA,2683019,NA,NA,NA,NA,1096954,NA,NA,NA,NA,3280,NA,NA,NA,NA,168175,NA,NA,NA,NA,1400,NA,NA,NA,NA,5586,NA,NA,NA,NA,116903,NA,NA,NA,NA,14500,NA,NA,NA,NA,199041,NA,NA,NA,NA,4590,NA,NA,NA,NA,13493,NA,NA,NA,NA,89478,NA,NA,NA,NA,85684,NA,NA,NA,NA,106941,NA,NA,NA,NA,41848,NA,NA,NA,NA,0,NA,NA,NA,NA,NA,NA,NA,NA,NA,NA,NA,NA,NA,NA,1641938,NA,NA,NA,NA,711941,NA,NA,NA,NA,7388,NA,NA,NA,NA,52061,NA,NA,NA,NA,14196,NA,NA,NA,NA,9036,NA,NA,NA,NA,219164,NA,NA,NA,NA,2245,NA,NA,NA,NA,31080,NA,NA,NA,NA,85900,NA,NA,NA,NA,7215,NA,NA,NA,NA,693643,NA,NA,NA,NA,134250,NA,NA,NA,NA,15249,NA,NA,NA,NA,578361,NA,NA,NA,NA,52115,NA,NA,NA,NA,193990,NA,NA,NA,NA
M21 [Rashtriya Bal Swasthaya Karyakram (RBSK)],'21.1',Number of newborn screened for defects at birth (as per RBSK),TOTAL,627657,NA,NA,NA,NA,2,NA,NA,NA,NA,27359,NA,NA,NA,NA,163,NA,NA,NA,NA,22177,NA,NA,NA,NA,41113,NA,NA,NA,NA,NA,NA,NA,NA,NA,461,NA,NA,NA,NA,522,NA,NA,NA,NA,71,NA,NA,NA,NA,1113,NA,NA,NA,NA,1611,NA,NA,NA,NA,65006,NA,NA,NA,NA,14570,NA,NA,NA,NA,67935,NA,NA,NA,NA,4905,NA,NA,NA,NA,15762,NA,NA,NA,NA,10885,NA,NA,NA,NA,6905,NA,NA,NA,NA,NA,NA,NA,NA,NA,NA,NA,NA,NA,NA,NA,NA,NA,NA,NA,27372,NA,NA,NA,NA,30023,NA,NA,NA,NA,289,NA,NA,NA,NA,5328,NA,NA,NA,NA,721,NA,NA,NA,NA,105,NA,NA,NA,NA,35377,NA,NA,NA,NA,156,NA,NA,NA,NA,11396,NA,NA,NA,NA,19165,NA,NA,NA,NA,159,NA,NA,NA,NA,45502,NA,NA,NA,NA,12358,NA,NA,NA,NA,2535,NA,NA,NA,NA,102671,NA,NA,NA,NA,1915,NA,NA,NA,NA,52025,NA,NA,NA,NA
M21 [Rashtriya Bal Swasthaya Karyakram (RBSK)],'21.2',Number of children (6 month to 6 years) screened by RBSK mobile health teams at Anganwadi center,TOTAL,8571247,NA,NA,NA,NA,539,NA,NA,NA,NA,50864,NA,NA,NA,NA,5949,NA,NA,NA,NA,202063,NA,NA,NA,NA,280859,NA,NA,NA,NA,NA,NA,NA,NA,NA,435757,NA,NA,NA,NA,789,NA,NA,NA,NA,1859,NA,NA,NA,NA,NA,NA,NA,NA,NA,17046,NA,NA,NA,NA,1154935,NA,NA,NA,NA,248045,NA,NA,NA,NA,79344,NA,NA,NA,NA,56886,NA,NA,NA,NA,70944,NA,NA,NA,NA,662872,NA,NA,NA,NA,113624,NA,NA,NA,NA,NA,NA,NA,NA,NA,NA,NA,NA,NA,NA,NA,NA,NA,NA,NA,415769,NA,NA,NA,NA,1702687,NA,NA,NA,NA,5104,NA,NA,NA,NA,19000,NA,NA,NA,NA,4252,NA,NA,NA,NA,8068,NA,NA,NA,NA,366833,NA,NA,NA,NA,2501,NA,NA,NA,NA,100390,NA,NA,NA,NA,236797,NA,NA,NA,NA,0,NA,NA,NA,NA,760975,NA,NA,NA,NA,356762,NA,NA,NA,NA,72829,NA,NA,NA,NA,550605,NA,NA,NA,NA,63849,NA,NA,NA,NA,522451,NA,NA,NA,NA
M21 [Rashtriya Bal Swasthaya Karyakram (RBSK)],'21.3',Number of children (6 years to 18 years) screened by RBSK mobile health teams at Govt and Govt aided schools,TOTAL,4519238,NA,NA,NA,NA,261,NA,NA,NA,NA,58900,NA,NA,NA,NA,944,NA,NA,NA,NA,325305,NA,NA,NA,NA,297209,NA,NA,NA,NA,NA,NA,NA,NA,NA,21270,NA,NA,NA,NA,765,NA,NA,NA,NA,9,NA,NA,NA,NA,NA,NA,NA,NA,NA,687,NA,NA,NA,NA,139562,NA,NA,NA,NA,10927,NA,NA,NA,NA,148189,NA,NA,NA,NA,124818,NA,NA,NA,NA,180865,NA,NA,NA,NA,31683,NA,NA,NA,NA,13858,NA,NA,NA,NA,NA,NA,NA,NA,NA,NA,NA,NA,NA,NA,NA,NA,NA,NA,NA,146576,NA,NA,NA,NA,718816,NA,NA,NA,NA,5088,NA,NA,NA,NA,57187,NA,NA,NA,NA,8098,NA,NA,NA,NA,9835,NA,NA,NA,NA,294589,NA,NA,NA,NA,1045,NA,NA,NA,NA,144967,NA,NA,NA,NA,3406,NA,NA,NA,NA,522,NA,NA,NA,NA,125834,NA,NA,NA,NA,14901,NA,NA,NA,NA,740,NA,NA,NA,NA,650278,NA,NA,NA,NA,44390,NA,NA,NA,NA,937714,NA,NA,NA,NA
M21 [Rashtriya Bal Swasthaya Karyakram (RBSK)],'21.4.1.a',Number of Male children identified with Disease,TOTAL,393756,NA,NA,NA,NA,95,NA,NA,NA,NA,1231,NA,NA,NA,NA,516,NA,NA,NA,NA,3209,NA,NA,NA,NA,8034,NA,NA,NA,NA,NA,NA,NA,NA,NA,24792,NA,NA,NA,NA,108,NA,NA,NA,NA,13,NA,NA,NA,NA,NA,NA,NA,NA,NA,146,NA,NA,NA,NA,91688,NA,NA,NA,NA,39361,NA,NA,NA,NA,1681,NA,NA,NA,NA,6868,NA,NA,NA,NA,8893,NA,NA,NA,NA,6220,NA,NA,NA,NA,5471,NA,NA,NA,NA,NA,NA,NA,NA,NA,NA,NA,NA,NA,NA,NA,NA,NA,NA,NA,14650,NA,NA,NA,NA,18299,NA,NA,NA,NA,746,NA,NA,NA,NA,1831,NA,NA,NA,NA,514,NA,NA,NA,NA,630,NA,NA,NA,NA,18076,NA,NA,NA,NA,0,NA,NA,NA,NA,4377,NA,NA,NA,NA,3254,NA,NA,NA,NA,37,NA,NA,NA,NA,18691,NA,NA,NA,NA,4239,NA,NA,NA,NA,2436,NA,NA,NA,NA,16994,NA,NA,NA,NA,3348,NA,NA,NA,NA,87308,NA,NA,NA,NA
M21 [Rashtriya Bal Swasthaya Karyakram (RBSK)],'21.4.1.b',Number of Female children identified with Disease,TOTAL,402729,NA,NA,NA,NA,74,NA,NA,NA,NA,920,NA,NA,NA,NA,519,NA,NA,NA,NA,3360,NA,NA,NA,NA,8678,NA,NA,NA,NA,NA,NA,NA,NA,NA,24476,NA,NA,NA,NA,100,NA,NA,NA,NA,16,NA,NA,NA,NA,NA,NA,NA,NA,NA,156,NA,NA,NA,NA,91237,NA,NA,NA,NA,44547,NA,NA,NA,NA,1795,NA,NA,NA,NA,6413,NA,NA,NA,NA,8491,NA,NA,NA,NA,6501,NA,NA,NA,NA,5531,NA,NA,NA,NA,NA,NA,NA,NA,NA,NA,NA,NA,NA,NA,NA,NA,NA,NA,NA,15835,NA,NA,NA,NA,16897,NA,NA,NA,NA,713,NA,NA,NA,NA,1716,NA,NA,NA,NA,447,NA,NA,NA,NA,607,NA,NA,NA,NA,19358,NA,NA,NA,NA,0,NA,NA,NA,NA,4543,NA,NA,NA,NA,3285,NA,NA,NA,NA,35,NA,NA,NA,NA,17957,NA,NA,NA,NA,4222,NA,NA,NA,NA,2268,NA,NA,NA,NA,16971,NA,NA,NA,NA,3414,NA,NA,NA,NA,91647,NA,NA,NA,NA
M21 [Rashtriya Bal Swasthaya Karyakram (RBSK)],'21.4.2.a',Number of Male children identified with Deficiency,TOTAL,168390,NA,NA,NA,NA,13,NA,NA,NA,NA,457,NA,NA,NA,NA,133,NA,NA,NA,NA,289,NA,NA,NA,NA,1621,NA,NA,NA,NA,NA,NA,NA,NA,NA,2088,NA,NA,NA,NA,11,NA,NA,NA,NA,10,NA,NA,NA,NA,NA,NA,NA,NA,NA,8,NA,NA,NA,NA,108604,NA,NA,NA,NA,14615,NA,NA,NA,NA,217,NA,NA,NA,NA,1409,NA,NA,NA,NA,1444,NA,NA,NA,NA,1614,NA,NA,NA,NA,295,NA,NA,NA,NA,NA,NA,NA,NA,NA,NA,NA,NA,NA,NA,NA,NA,NA,NA,NA,5927,NA,NA,NA,NA,9161,NA,NA,NA,NA,17,NA,NA,NA,NA,136,NA,NA,NA,NA,5,NA,NA,NA,NA,438,NA,NA,NA,NA,2470,NA,NA,NA,NA,0,NA,NA,NA,NA,698,NA,NA,NA,NA,1052,NA,NA,NA,NA,0,NA,NA,NA,NA,2288,NA,NA,NA,NA,688,NA,NA,NA,NA,275,NA,NA,NA,NA,7031,NA,NA,NA,NA,218,NA,NA,NA,NA,5158,NA,NA,NA,NA
M21 [Rashtriya Bal Swasthaya Karyakram (RBSK)],'21.4.2.b',Number of Female children identified with Deficiency,TOTAL,178206,NA,NA,NA,NA,8,NA,NA,NA,NA,351,NA,NA,NA,NA,104,NA,NA,NA,NA,427,NA,NA,NA,NA,1897,NA,NA,NA,NA,NA,NA,NA,NA,NA,2126,NA,NA,NA,NA,12,NA,NA,NA,NA,10,NA,NA,NA,NA,NA,NA,NA,NA,NA,8,NA,NA,NA,NA,112855,NA,NA,NA,NA,15039,NA,NA,NA,NA,257,NA,NA,NA,NA,1932,NA,NA,NA,NA,1678,NA,NA,NA,NA,1908,NA,NA,NA,NA,334,NA,NA,NA,NA,NA,NA,NA,NA,NA,NA,NA,NA,NA,NA,NA,NA,NA,NA,NA,7059,NA,NA,NA,NA,9481,NA,NA,NA,NA,22,NA,NA,NA,NA,149,NA,NA,NA,NA,4,NA,NA,NA,NA,489,NA,NA,NA,NA,3017,NA,NA,NA,NA,0,NA,NA,NA,NA,974,NA,NA,NA,NA,1187,NA,NA,NA,NA,0,NA,NA,NA,NA,2482,NA,NA,NA,NA,839,NA,NA,NA,NA,215,NA,NA,NA,NA,7394,NA,NA,NA,NA,210,NA,NA,NA,NA,5738,NA,NA,NA,NA
M21 [Rashtriya Bal Swasthaya Karyakram (RBSK)],'21.4.3.a',Number of Male children identified with Developmental delay,TOTAL,58887,NA,NA,NA,NA,7,NA,NA,NA,NA,1473,NA,NA,NA,NA,32,NA,NA,NA,NA,938,NA,NA,NA,NA,1767,NA,NA,NA,NA,NA,NA,NA,NA,NA,292,NA,NA,NA,NA,71,NA,NA,NA,NA,6,NA,NA,NA,NA,NA,NA,NA,NA,NA,62,NA,NA,NA,NA,2828,NA,NA,NA,NA,3233,NA,NA,NA,NA,699,NA,NA,NA,NA,2245,NA,NA,NA,NA,2074,NA,NA,NA,NA,824,NA,NA,NA,NA,767,NA,NA,NA,NA,NA,NA,NA,NA,NA,NA,NA,NA,NA,NA,NA,NA,NA,NA,NA,5266,NA,NA,NA,NA,6098,NA,NA,NA,NA,491,NA,NA,NA,NA,490,NA,NA,NA,NA,87,NA,NA,NA,NA,55,NA,NA,NA,NA,4411,NA,NA,NA,NA,0,NA,NA,NA,NA,1736,NA,NA,NA,NA,881,NA,NA,NA,NA,1,NA,NA,NA,NA,1562,NA,NA,NA,NA,648,NA,NA,NA,NA,171,NA,NA,NA,NA,5436,NA,NA,NA,NA,1193,NA,NA,NA,NA,13043,NA,NA,NA,NA
M21 [Rashtriya Bal Swasthaya Karyakram (RBSK)],'21.4.3.b',Number of Female children identified with Developmental delay,TOTAL,60333,NA,NA,NA,NA,9,NA,NA,NA,NA,1043,NA,NA,NA,NA,40,NA,NA,NA,NA,947,NA,NA,NA,NA,1786,NA,NA,NA,NA,NA,NA,NA,NA,NA,54,NA,NA,NA,NA,60,NA,NA,NA,NA,8,NA,NA,NA,NA,NA,NA,NA,NA,NA,29,NA,NA,NA,NA,2517,NA,NA,NA,NA,2765,NA,NA,NA,NA,725,NA,NA,NA,NA,2605,NA,NA,NA,NA,2092,NA,NA,NA,NA,646,NA,NA,NA,NA,654,NA,NA,NA,NA,NA,NA,NA,NA,NA,NA,NA,NA,NA,NA,NA,NA,NA,NA,NA,5708,NA,NA,NA,NA,5333,NA,NA,NA,NA,490,NA,NA,NA,NA,654,NA,NA,NA,NA,94,NA,NA,NA,NA,294,NA,NA,NA,NA,5188,NA,NA,NA,NA,0,NA,NA,NA,NA,2125,NA,NA,NA,NA,901,NA,NA,NA,NA,1,NA,NA,NA,NA,1194,NA,NA,NA,NA,486,NA,NA,NA,NA,128,NA,NA,NA,NA,6089,NA,NA,NA,NA,1434,NA,NA,NA,NA,14234,NA,NA,NA,NA
M21 [Rashtriya Bal Swasthaya Karyakram (RBSK)],'21.5.1',Number of Children Managed by Intervention - Medical,TOTAL,608257,NA,NA,NA,NA,16,NA,NA,NA,NA,3807,NA,NA,NA,NA,239,NA,NA,NA,NA,5673,NA,NA,NA,NA,9113,NA,NA,NA,NA,NA,NA,NA,NA,NA,25619,NA,NA,NA,NA,14,NA,NA,NA,NA,3,NA,NA,NA,NA,NA,NA,NA,NA,NA,209,NA,NA,NA,NA,210764,NA,NA,NA,NA,59578,NA,NA,NA,NA,128,NA,NA,NA,NA,3324,NA,NA,NA,NA,4145,NA,NA,NA,NA,8656,NA,NA,NA,NA,14462,NA,NA,NA,NA,NA,NA,NA,NA,NA,NA,NA,NA,NA,NA,NA,NA,NA,NA,NA,46223,NA,NA,NA,NA,28943,NA,NA,NA,NA,1700,NA,NA,NA,NA,2758,NA,NA,NA,NA,403,NA,NA,NA,NA,325,NA,NA,NA,NA,24098,NA,NA,NA,NA,0,NA,NA,NA,NA,4533,NA,NA,NA,NA,5077,NA,NA,NA,NA,2,NA,NA,NA,NA,20747,NA,NA,NA,NA,4093,NA,NA,NA,NA,2115,NA,NA,NA,NA,22561,NA,NA,NA,NA,344,NA,NA,NA,NA,98585,NA,NA,NA,NA
M21 [Rashtriya Bal Swasthaya Karyakram (RBSK)],'21.5.2',Number of Children Managed by Intervention - Surgical,TOTAL,9775,NA,NA,NA,NA,3,NA,NA,NA,NA,210,NA,NA,NA,NA,1,NA,NA,NA,NA,54,NA,NA,NA,NA,23,NA,NA,NA,NA,NA,NA,NA,NA,NA,41,NA,NA,NA,NA,2,NA,NA,NA,NA,0,NA,NA,NA,NA,NA,NA,NA,NA,NA,5,NA,NA,NA,NA,913,NA,NA,NA,NA,107,NA,NA,NA,NA,100,NA,NA,NA,NA,241,NA,NA,NA,NA,1543,NA,NA,NA,NA,189,NA,NA,NA,NA,327,NA,NA,NA,NA,NA,NA,NA,NA,NA,NA,NA,NA,NA,NA,NA,NA,NA,NA,NA,1626,NA,NA,NA,NA,487,NA,NA,NA,NA,144,NA,NA,NA,NA,98,NA,NA,NA,NA,120,NA,NA,NA,NA,0,NA,NA,NA,NA,554,NA,NA,NA,NA,0,NA,NA,NA,NA,91,NA,NA,NA,NA,420,NA,NA,NA,NA,12,NA,NA,NA,NA,530,NA,NA,NA,NA,202,NA,NA,NA,NA,36,NA,NA,NA,NA,262,NA,NA,NA,NA,11,NA,NA,NA,NA,1423,NA,NA,NA,NA
M21 [Rashtriya Bal Swasthaya Karyakram (RBSK)],'21.5.3',Early intervention at DEIC ( District Early Intervention Centre),TOTAL,46076,NA,NA,NA,NA,8,NA,NA,NA,NA,2591,NA,NA,NA,NA,614,NA,NA,NA,NA,137,NA,NA,NA,NA,381,NA,NA,NA,NA,NA,NA,NA,NA,NA,463,NA,NA,NA,NA,25,NA,NA,NA,NA,0,NA,NA,NA,NA,NA,NA,NA,NA,NA,10,NA,NA,NA,NA,1627,NA,NA,NA,NA,2614,NA,NA,NA,NA,46,NA,NA,NA,NA,2814,NA,NA,NA,NA,20,NA,NA,NA,NA,755,NA,NA,NA,NA,1745,NA,NA,NA,NA,NA,NA,NA,NA,NA,NA,NA,NA,NA,NA,NA,NA,NA,NA,NA,5724,NA,NA,NA,NA,2000,NA,NA,NA,NA,324,NA,NA,NA,NA,226,NA,NA,NA,NA,1,NA,NA,NA,NA,0,NA,NA,NA,NA,10246,NA,NA,NA,NA,0,NA,NA,NA,NA,458,NA,NA,NA,NA,225,NA,NA,NA,NA,0,NA,NA,NA,NA,5272,NA,NA,NA,NA,1202,NA,NA,NA,NA,169,NA,NA,NA,NA,277,NA,NA,NA,NA,118,NA,NA,NA,NA,5984,NA,NA,NA,NA
M22 [Adolscent Health],'22.1.1.a',Girls (6th -12th class) provided 4 IFA tablets in schools,TOTAL,19580719,NA,NA,NA,NA,16104,NA,NA,NA,NA,1075083,NA,NA,NA,NA,3814,NA,NA,NA,NA,715008,NA,NA,NA,NA,2154451,NA,NA,NA,NA,NA,NA,NA,NA,NA,675062,NA,NA,NA,NA,12529,NA,NA,NA,NA,2820,NA,NA,NA,NA,5641,NA,NA,NA,NA,58236,NA,NA,NA,NA,1465778,NA,NA,NA,NA,496672,NA,NA,NA,NA,164631,NA,NA,NA,NA,1092,NA,NA,NA,NA,575484,NA,NA,NA,NA,299553,NA,NA,NA,NA,84,NA,NA,NA,NA,NA,NA,NA,NA,NA,NA,NA,NA,NA,NA,NA,NA,NA,NA,NA,1641636,NA,NA,NA,NA,2830251,NA,NA,NA,NA,4546,NA,NA,NA,NA,28484,NA,NA,NA,NA,16209,NA,NA,NA,NA,530,NA,NA,NA,NA,565748,NA,NA,NA,NA,36376,NA,NA,NA,NA,118797,NA,NA,NA,NA,116686,NA,NA,NA,NA,14326,NA,NA,NA,NA,2047310,NA,NA,NA,NA,473064,NA,NA,NA,NA,17682,NA,NA,NA,NA,1942396,NA,NA,NA,NA,141318,NA,NA,NA,NA,1863318,NA,NA,NA,NA
M22 [Adolscent Health],'22.1.1.b',Boys (6th -12th class) provided 4 IFA tablets in schools,TOTAL,19017936,NA,NA,NA,NA,30861,NA,NA,NA,NA,1063197,NA,NA,NA,NA,3730,NA,NA,NA,NA,679945,NA,NA,NA,NA,2128171,NA,NA,NA,NA,NA,NA,NA,NA,NA,623684,NA,NA,NA,NA,13615,NA,NA,NA,NA,2729,NA,NA,NA,NA,7418,NA,NA,NA,NA,34961,NA,NA,NA,NA,1391484,NA,NA,NA,NA,484070,NA,NA,NA,NA,169980,NA,NA,NA,NA,1017,NA,NA,NA,NA,480165,NA,NA,NA,NA,308789,NA,NA,NA,NA,12071,NA,NA,NA,NA,NA,NA,NA,NA,NA,NA,NA,NA,NA,NA,NA,NA,NA,NA,NA,1618542,NA,NA,NA,NA,3054190,NA,NA,NA,NA,4191,NA,NA,NA,NA,26581,NA,NA,NA,NA,14790,NA,NA,NA,NA,477,NA,NA,NA,NA,592160,NA,NA,NA,NA,27443,NA,NA,NA,NA,128138,NA,NA,NA,NA,102843,NA,NA,NA,NA,13803,NA,NA,NA,NA,1907942,NA,NA,NA,NA,424454,NA,NA,NA,NA,17017,NA,NA,NA,NA,1753222,NA,NA,NA,NA,134520,NA,NA,NA,NA,1761736,NA,NA,NA,NA
M22 [Adolscent Health],'22.1.2.a',Girls (6th -12th class) provided albendazole in schools,TOTAL,1994474,NA,NA,NA,NA,731,NA,NA,NA,NA,0,NA,NA,NA,NA,3432,NA,NA,NA,NA,20890,NA,NA,NA,NA,308408,NA,NA,NA,NA,NA,NA,NA,NA,NA,28391,NA,NA,NA,NA,0,NA,NA,NA,NA,0,NA,NA,NA,NA,2263,NA,NA,NA,NA,9594,NA,NA,NA,NA,99715,NA,NA,NA,NA,2512,NA,NA,NA,NA,0,NA,NA,NA,NA,3157,NA,NA,NA,NA,126747,NA,NA,NA,NA,18130,NA,NA,NA,NA,215515,NA,NA,NA,NA,NA,NA,NA,NA,NA,NA,NA,NA,NA,NA,NA,NA,NA,NA,NA,110072,NA,NA,NA,NA,490358,NA,NA,NA,NA,0,NA,NA,NA,NA,36271,NA,NA,NA,NA,0,NA,NA,NA,NA,0,NA,NA,NA,NA,31325,NA,NA,NA,NA,0,NA,NA,NA,NA,0,NA,NA,NA,NA,2870,NA,NA,NA,NA,0,NA,NA,NA,NA,173118,NA,NA,NA,NA,92733,NA,NA,NA,NA,0,NA,NA,NA,NA,218202,NA,NA,NA,NA,40,NA,NA,NA,NA,0,NA,NA,NA,NA
M22 [Adolscent Health],'22.1.2.b',Boys (6th -12th class) provided albendazole in schools,TOTAL,1586041,NA,NA,NA,NA,484,NA,NA,NA,NA,0,NA,NA,NA,NA,3255,NA,NA,NA,NA,22796,NA,NA,NA,NA,305584,NA,NA,NA,NA,NA,NA,NA,NA,NA,23747,NA,NA,NA,NA,0,NA,NA,NA,NA,0,NA,NA,NA,NA,2815,NA,NA,NA,NA,9860,NA,NA,NA,NA,101564,NA,NA,NA,NA,2250,NA,NA,NA,NA,0,NA,NA,NA,NA,3196,NA,NA,NA,NA,114091,NA,NA,NA,NA,19051,NA,NA,NA,NA,215338,NA,NA,NA,NA,NA,NA,NA,NA,NA,NA,NA,NA,NA,NA,NA,NA,NA,NA,NA,107634,NA,NA,NA,NA,149016,NA,NA,NA,NA,0,NA,NA,NA,NA,36156,NA,NA,NA,NA,0,NA,NA,NA,NA,0,NA,NA,NA,NA,34765,NA,NA,NA,NA,0,NA,NA,NA,NA,0,NA,NA,NA,NA,1046,NA,NA,NA,NA,0,NA,NA,NA,NA,162227,NA,NA,NA,NA,81139,NA,NA,NA,NA,0,NA,NA,NA,NA,189998,NA,NA,NA,NA,29,NA,NA,NA,NA,0,NA,NA,NA,NA
M22 [Adolscent Health],'22.1.3',Number of out of school adolscent girls (10-19 years) provided 4 IFA tablets at Anganwadi Centres,TOTAL,4994379,NA,NA,NA,NA,729,NA,NA,NA,NA,171095,NA,NA,NA,NA,322,NA,NA,NA,NA,154707,NA,NA,NA,NA,837046,NA,NA,NA,NA,NA,NA,NA,NA,NA,100824,NA,NA,NA,NA,0,NA,NA,NA,NA,0,NA,NA,NA,NA,608,NA,NA,NA,NA,147,NA,NA,NA,NA,470016,NA,NA,NA,NA,26211,NA,NA,NA,NA,2216,NA,NA,NA,NA,2110,NA,NA,NA,NA,420028,NA,NA,NA,NA,36179,NA,NA,NA,NA,1689,NA,NA,NA,NA,NA,NA,NA,NA,NA,NA,NA,NA,NA,NA,NA,NA,NA,NA,NA,306265,NA,NA,NA,NA,208457,NA,NA,NA,NA,1205,NA,NA,NA,NA,4122,NA,NA,NA,NA,0,NA,NA,NA,NA,451,NA,NA,NA,NA,250053,NA,NA,NA,NA,1202,NA,NA,NA,NA,12190,NA,NA,NA,NA,237936,NA,NA,NA,NA,0,NA,NA,NA,NA,548570,NA,NA,NA,NA,136163,NA,NA,NA,NA,629,NA,NA,NA,NA,920715,NA,NA,NA,NA,60579,NA,NA,NA,NA,81915,NA,NA,NA,NA
M22 [Adolscent Health],'22.1.4',Number of out of school adolscent girls (10-19 years) provided albendazole at Anganwadi Centres,TOTAL,549715,NA,NA,NA,NA,110,NA,NA,NA,NA,0,NA,NA,NA,NA,22,NA,NA,NA,NA,1922,NA,NA,NA,NA,165660,NA,NA,NA,NA,NA,NA,NA,NA,NA,2088,NA,NA,NA,NA,0,NA,NA,NA,NA,0,NA,NA,NA,NA,NA,NA,NA,NA,NA,147,NA,NA,NA,NA,52512,NA,NA,NA,NA,0,NA,NA,NA,NA,0,NA,NA,NA,NA,1537,NA,NA,NA,NA,100163,NA,NA,NA,NA,7394,NA,NA,NA,NA,0,NA,NA,NA,NA,NA,NA,NA,NA,NA,NA,NA,NA,NA,NA,NA,NA,NA,NA,NA,30496,NA,NA,NA,NA,75460,NA,NA,NA,NA,0,NA,NA,NA,NA,2778,NA,NA,NA,NA,0,NA,NA,NA,NA,0,NA,NA,NA,NA,9364,NA,NA,NA,NA,0,NA,NA,NA,NA,0,NA,NA,NA,NA,4446,NA,NA,NA,NA,0,NA,NA,NA,NA,5676,NA,NA,NA,NA,23138,NA,NA,NA,NA,0,NA,NA,NA,NA,66802,NA,NA,NA,NA,0,NA,NA,NA,NA,0,NA,NA,NA,NA
M22 [Adolscent Health],'22.2.1',Number of adolescent girls provided sanitary napkin packs,TOTAL,3585253,NA,NA,NA,NA,0,NA,NA,NA,NA,0,NA,NA,NA,NA,4,NA,NA,NA,NA,27635,NA,NA,NA,NA,1161,NA,NA,NA,NA,NA,NA,NA,NA,NA,0,NA,NA,NA,NA,16813,NA,NA,NA,NA,2414,NA,NA,NA,NA,44068,NA,NA,NA,NA,0,NA,NA,NA,NA,0,NA,NA,NA,NA,0,NA,NA,NA,NA,62575,NA,NA,NA,NA,308,NA,NA,NA,NA,0,NA,NA,NA,NA,256482,NA,NA,NA,NA,24054,NA,NA,NA,NA,NA,NA,NA,NA,NA,NA,NA,NA,NA,NA,NA,NA,NA,NA,NA,2154,NA,NA,NA,NA,296463,NA,NA,NA,NA,0,NA,NA,NA,NA,0,NA,NA,NA,NA,1400,NA,NA,NA,NA,0,NA,NA,NA,NA,745135,NA,NA,NA,NA,0,NA,NA,NA,NA,249366,NA,NA,NA,NA,1702,NA,NA,NA,NA,0,NA,NA,NA,NA,1404779,NA,NA,NA,NA,0,NA,NA,NA,NA,3120,NA,NA,NA,NA,246897,NA,NA,NA,NA,38802,NA,NA,NA,NA,159921,NA,NA,NA,NA
M22 [Adolscent Health],'22.2.2',Number of sanitary napkin packs sold to adolescent girls,TOTAL,1829164,NA,NA,NA,NA,0,NA,NA,NA,NA,0,NA,NA,NA,NA,5,NA,NA,NA,NA,29787,NA,NA,NA,NA,110,NA,NA,NA,NA,NA,NA,NA,NA,NA,0,NA,NA,NA,NA,0,NA,NA,NA,NA,0,NA,NA,NA,NA,45929,NA,NA,NA,NA,0,NA,NA,NA,NA,0,NA,NA,NA,NA,0,NA,NA,NA,NA,46531,NA,NA,NA,NA,1223,NA,NA,NA,NA,0,NA,NA,NA,NA,120660,NA,NA,NA,NA,0,NA,NA,NA,NA,NA,NA,NA,NA,NA,NA,NA,NA,NA,NA,NA,NA,NA,NA,NA,996,NA,NA,NA,NA,225234,NA,NA,NA,NA,0,NA,NA,NA,NA,0,NA,NA,NA,NA,0,NA,NA,NA,NA,0,NA,NA,NA,NA,900688,NA,NA,NA,NA,0,NA,NA,NA,NA,129136,NA,NA,NA,NA,0,NA,NA,NA,NA,0,NA,NA,NA,NA,0,NA,NA,NA,NA,0,NA,NA,NA,NA,3190,NA,NA,NA,NA,49773,NA,NA,NA,NA,47286,NA,NA,NA,NA,228616,NA,NA,NA,NA
M22 [Adolscent Health],'22.2.3',Number of sanitary napkin packs distributed free to ASHA,TOTAL,299145,NA,NA,NA,NA,0,NA,NA,NA,NA,0,NA,NA,NA,NA,30,NA,NA,NA,NA,25708,NA,NA,NA,NA,2102,NA,NA,NA,NA,NA,NA,NA,NA,NA,3550,NA,NA,NA,NA,0,NA,NA,NA,NA,0,NA,NA,NA,NA,3328,NA,NA,NA,NA,0,NA,NA,NA,NA,0,NA,NA,NA,NA,0,NA,NA,NA,NA,408,NA,NA,NA,NA,1178,NA,NA,NA,NA,0,NA,NA,NA,NA,9981,NA,NA,NA,NA,0,NA,NA,NA,NA,NA,NA,NA,NA,NA,NA,NA,NA,NA,NA,NA,NA,NA,NA,NA,1546,NA,NA,NA,NA,24487,NA,NA,NA,NA,0,NA,NA,NA,NA,0,NA,NA,NA,NA,175,NA,NA,NA,NA,0,NA,NA,NA,NA,158555,NA,NA,NA,NA,0,NA,NA,NA,NA,3609,NA,NA,NA,NA,3929,NA,NA,NA,NA,0,NA,NA,NA,NA,41129,NA,NA,NA,NA,0,NA,NA,NA,NA,7,NA,NA,NA,NA,7929,NA,NA,NA,NA,2622,NA,NA,NA,NA,8872,NA,NA,NA,NA
M22 [Adolscent Health],'22.2.4',Number of adolescent girls attended monthly meeting,TOTAL,1329026,NA,NA,NA,NA,141,NA,NA,NA,NA,69482,NA,NA,NA,NA,61,NA,NA,NA,NA,1941,NA,NA,NA,NA,210,NA,NA,NA,NA,NA,NA,NA,NA,NA,3550,NA,NA,NA,NA,0,NA,NA,NA,NA,0,NA,NA,NA,NA,27983,NA,NA,NA,NA,0,NA,NA,NA,NA,25975,NA,NA,NA,NA,0,NA,NA,NA,NA,15606,NA,NA,NA,NA,578,NA,NA,NA,NA,0,NA,NA,NA,NA,43600,NA,NA,NA,NA,1237,NA,NA,NA,NA,NA,NA,NA,NA,NA,NA,NA,NA,NA,NA,NA,NA,NA,NA,NA,20323,NA,NA,NA,NA,73992,NA,NA,NA,NA,0,NA,NA,NA,NA,8,NA,NA,NA,NA,0,NA,NA,NA,NA,0,NA,NA,NA,NA,400932,NA,NA,NA,NA,0,NA,NA,NA,NA,68311,NA,NA,NA,NA,2120,NA,NA,NA,NA,0,NA,NA,NA,NA,473084,NA,NA,NA,NA,1271,NA,NA,NA,NA,345,NA,NA,NA,NA,64710,NA,NA,NA,NA,17413,NA,NA,NA,NA,16153,NA,NA,NA,NA
M23 [Coverage under WIFS JUNIOR (Weekly Iron Folic Acid Supplementation Programme for children 6 - 1,'23.1',Number of children covered under WIFS JUNIOR (6 - 10 years ) provided 4-5 IFA tablets in schools,TOTAL,23716208,NA,NA,NA,NA,19073,NA,NA,NA,NA,1315832,NA,NA,NA,NA,6030,NA,NA,NA,NA,1558905,NA,NA,NA,NA,335124,NA,NA,NA,NA,NA,NA,NA,NA,NA,0,NA,NA,NA,NA,25315,NA,NA,NA,NA,0,NA,NA,NA,NA,23,NA,NA,NA,NA,0,NA,NA,NA,NA,1057467,NA,NA,NA,NA,0,NA,NA,NA,NA,77891,NA,NA,NA,NA,843,NA,NA,NA,NA,379693,NA,NA,NA,NA,237941,NA,NA,NA,NA,0,NA,NA,NA,NA,NA,NA,NA,NA,NA,NA,NA,NA,NA,NA,NA,NA,NA,NA,NA,2663016,NA,NA,NA,NA,3714412,NA,NA,NA,NA,7094,NA,NA,NA,NA,10,NA,NA,NA,NA,2267,NA,NA,NA,NA,0,NA,NA,NA,NA,1100815,NA,NA,NA,NA,17444,NA,NA,NA,NA,206595,NA,NA,NA,NA,194763,NA,NA,NA,NA,0,NA,NA,NA,NA,2845422,NA,NA,NA,NA,201688,NA,NA,NA,NA,0,NA,NA,NA,NA,5370762,NA,NA,NA,NA,59907,NA,NA,NA,NA,2317876,NA,NA,NA,NA
M23 [Coverage under WIFS JUNIOR (Weekly Iron Folic Acid Supplementation Programme for children 6 - 1,'23.2',Number of children (6 - 10 years) provided albendazole in schools,TOTAL,1560354,NA,NA,NA,NA,3353,NA,NA,NA,NA,0,NA,NA,NA,NA,6032,NA,NA,NA,NA,47646,NA,NA,NA,NA,340750,NA,NA,NA,NA,NA,NA,NA,NA,NA,0,NA,NA,NA,NA,0,NA,NA,NA,NA,0,NA,NA,NA,NA,NA,NA,NA,NA,NA,0,NA,NA,NA,NA,36217,NA,NA,NA,NA,0,NA,NA,NA,NA,0,NA,NA,NA,NA,516,NA,NA,NA,NA,43423,NA,NA,NA,NA,17044,NA,NA,NA,NA,0,NA,NA,NA,NA,NA,NA,NA,NA,NA,NA,NA,NA,NA,NA,NA,NA,NA,NA,NA,248868,NA,NA,NA,NA,296960,NA,NA,NA,NA,0,NA,NA,NA,NA,34370,NA,NA,NA,NA,0,NA,NA,NA,NA,0,NA,NA,NA,NA,102554,NA,NA,NA,NA,23181,NA,NA,NA,NA,33455,NA,NA,NA,NA,623,NA,NA,NA,NA,0,NA,NA,NA,NA,1584,NA,NA,NA,NA,3662,NA,NA,NA,NA,0,NA,NA,NA,NA,319619,NA,NA,NA,NA,497,NA,NA,NA,NA,0,NA,NA,NA,NA
M23 [Coverage under WIFS JUNIOR (Weekly Iron Folic Acid Supplementation Programme for children 6 - 1,'23.3',Number of out of school children (6-10 years) given 4-5 IFA tablets at Anganwadi Centres,TOTAL,2028783,NA,NA,NA,NA,93,NA,NA,NA,NA,24643,NA,NA,NA,NA,46,NA,NA,NA,NA,72850,NA,NA,NA,NA,124780,NA,NA,NA,NA,NA,NA,NA,NA,NA,9860,NA,NA,NA,NA,0,NA,NA,NA,NA,0,NA,NA,NA,NA,49,NA,NA,NA,NA,0,NA,NA,NA,NA,45779,NA,NA,NA,NA,0,NA,NA,NA,NA,13856,NA,NA,NA,NA,126,NA,NA,NA,NA,195205,NA,NA,NA,NA,32071,NA,NA,NA,NA,0,NA,NA,NA,NA,NA,NA,NA,NA,NA,NA,NA,NA,NA,NA,NA,NA,NA,NA,NA,584045,NA,NA,NA,NA,388815,NA,NA,NA,NA,0,NA,NA,NA,NA,490,NA,NA,NA,NA,0,NA,NA,NA,NA,0,NA,NA,NA,NA,57600,NA,NA,NA,NA,13,NA,NA,NA,NA,4614,NA,NA,NA,NA,20345,NA,NA,NA,NA,0,NA,NA,NA,NA,169423,NA,NA,NA,NA,106618,NA,NA,NA,NA,1250,NA,NA,NA,NA,176212,NA,NA,NA,NA,0,NA,NA,NA,NA,0,NA,NA,NA,NA
M23 [Coverage under WIFS JUNIOR (Weekly Iron Folic Acid Supplementation Programme for children 6 - 1,'23.4',Number of out of school children (6-10 years) provided albendazole at Anganwadi Centres,TOTAL,183631,NA,NA,NA,NA,0,NA,NA,NA,NA,0,NA,NA,NA,NA,55,NA,NA,NA,NA,1004,NA,NA,NA,NA,77445,NA,NA,NA,NA,NA,NA,NA,NA,NA,0,NA,NA,NA,NA,0,NA,NA,NA,NA,0,NA,NA,NA,NA,NA,NA,NA,NA,NA,0,NA,NA,NA,NA,1007,NA,NA,NA,NA,0,NA,NA,NA,NA,0,NA,NA,NA,NA,374,NA,NA,NA,NA,44346,NA,NA,NA,NA,2871,NA,NA,NA,NA,0,NA,NA,NA,NA,NA,NA,NA,NA,NA,NA,NA,NA,NA,NA,NA,NA,NA,NA,NA,23708,NA,NA,NA,NA,13822,NA,NA,NA,NA,0,NA,NA,NA,NA,2188,NA,NA,NA,NA,0,NA,NA,NA,NA,0,NA,NA,NA,NA,3439,NA,NA,NA,NA,13,NA,NA,NA,NA,0,NA,NA,NA,NA,955,NA,NA,NA,NA,0,NA,NA,NA,NA,408,NA,NA,NA,NA,1615,NA,NA,NA,NA,0,NA,NA,NA,NA,10381,NA,NA,NA,NA,0,NA,NA,NA,NA,0,NA,NA,NA,NA
M24 [Maternal Death Reviews (MDR) Done],'24.1',Total Maternal Deaths Reviewed (MDR) by CMO,TOTAL,585,NA,NA,NA,NA,0,NA,NA,NA,NA,17,NA,NA,NA,NA,0,NA,NA,NA,NA,28,NA,NA,NA,NA,8,NA,NA,NA,NA,NA,NA,NA,NA,NA,17,NA,NA,NA,NA,0,NA,NA,NA,NA,0,NA,NA,NA,NA,73,NA,NA,NA,NA,0,NA,NA,NA,NA,32,NA,NA,NA,NA,6,NA,NA,NA,NA,0,NA,NA,NA,NA,4,NA,NA,NA,NA,22,NA,NA,NA,NA,12,NA,NA,NA,NA,NA,NA,NA,NA,NA,NA,NA,NA,NA,NA,NA,NA,NA,NA,NA,NA,NA,NA,NA,NA,19,NA,NA,NA,NA,47,NA,NA,NA,NA,0,NA,NA,NA,NA,14,NA,NA,NA,NA,0,NA,NA,NA,NA,4,NA,NA,NA,NA,49,NA,NA,NA,NA,2,NA,NA,NA,NA,19,NA,NA,NA,NA,10,NA,NA,NA,NA,0,NA,NA,NA,NA,47,NA,NA,NA,NA,15,NA,NA,NA,NA,0,NA,NA,NA,NA,100,NA,NA,NA,NA,0,NA,NA,NA,NA,40,NA,NA,NA,NA
M24 [Maternal Death Reviews (MDR) Done],'24.2',Total Maternal Deaths Reviewed (MDR) by DM,TOTAL,222,NA,NA,NA,NA,0,NA,NA,NA,NA,12,NA,NA,NA,NA,0,NA,NA,NA,NA,0,NA,NA,NA,NA,4,NA,NA,NA,NA,NA,NA,NA,NA,NA,4,NA,NA,NA,NA,0,NA,NA,NA,NA,0,NA,NA,NA,NA,0,NA,NA,NA,NA,0,NA,NA,NA,NA,24,NA,NA,NA,NA,0,NA,NA,NA,NA,0,NA,NA,NA,NA,1,NA,NA,NA,NA,14,NA,NA,NA,NA,10,NA,NA,NA,NA,NA,NA,NA,NA,NA,NA,NA,NA,NA,NA,NA,NA,NA,NA,NA,NA,NA,NA,NA,NA,5,NA,NA,NA,NA,8,NA,NA,NA,NA,0,NA,NA,NA,NA,0,NA,NA,NA,NA,0,NA,NA,NA,NA,0,NA,NA,NA,NA,17,NA,NA,NA,NA,0,NA,NA,NA,NA,5,NA,NA,NA,NA,8,NA,NA,NA,NA,0,NA,NA,NA,NA,50,NA,NA,NA,NA,4,NA,NA,NA,NA,0,NA,NA,NA,NA,51,NA,NA,NA,NA,0,NA,NA,NA,NA,5,NA,NA,NA,NA
M24 [Maternal Death Reviews (MDR) Done],'24.3',Number of maternal deaths reported through Community based Maternal Death Review (CBMDR),TOTAL,484,NA,NA,NA,NA,0,NA,NA,NA,NA,15,NA,NA,NA,NA,0,NA,NA,NA,NA,26,NA,NA,NA,NA,12,NA,NA,NA,NA,NA,NA,NA,NA,NA,24,NA,NA,NA,NA,0,NA,NA,NA,NA,0,NA,NA,NA,NA,20,NA,NA,NA,NA,0,NA,NA,NA,NA,32,NA,NA,NA,NA,10,NA,NA,NA,NA,0,NA,NA,NA,NA,3,NA,NA,NA,NA,29,NA,NA,NA,NA,9,NA,NA,NA,NA,NA,NA,NA,NA,NA,NA,NA,NA,NA,NA,NA,NA,NA,NA,NA,NA,NA,NA,NA,NA,9,NA,NA,NA,NA,18,NA,NA,NA,NA,0,NA,NA,NA,NA,4,NA,NA,NA,NA,0,NA,NA,NA,NA,0,NA,NA,NA,NA,59,NA,NA,NA,NA,0,NA,NA,NA,NA,17,NA,NA,NA,NA,12,NA,NA,NA,NA,0,NA,NA,NA,NA,37,NA,NA,NA,NA,13,NA,NA,NA,NA,0,NA,NA,NA,NA,112,NA,NA,NA,NA,1,NA,NA,NA,NA,22,NA,NA,NA,NA
M25 [Janani Shishu Suraksha Karyakram (JSSK)],'25.1.1',Number of Pregnant Women provided - Free Medicines under JSSK,TOTAL,976785,NA,NA,NA,NA,197,NA,NA,NA,NA,25463,NA,NA,NA,NA,1282,NA,NA,NA,NA,29815,NA,NA,NA,NA,31587,NA,NA,NA,NA,1413,NA,NA,NA,NA,30650,NA,NA,NA,NA,635,NA,NA,NA,NA,263,NA,NA,NA,NA,20350,NA,NA,NA,NA,1712,NA,NA,NA,NA,70003,NA,NA,NA,NA,24859,NA,NA,NA,NA,4333,NA,NA,NA,NA,9228,NA,NA,NA,NA,37770,NA,NA,NA,NA,20610,NA,NA,NA,NA,11781,NA,NA,NA,NA,NA,NA,NA,NA,NA,NA,NA,NA,NA,NA,NA,NA,NA,NA,NA,82518,NA,NA,NA,NA,167914,NA,NA,NA,NA,1028,NA,NA,NA,NA,6229,NA,NA,NA,NA,647,NA,NA,NA,NA,683,NA,NA,NA,NA,40254,NA,NA,NA,NA,1001,NA,NA,NA,NA,11641,NA,NA,NA,NA,85871,NA,NA,NA,NA,98,NA,NA,NA,NA,42233,NA,NA,NA,NA,9605,NA,NA,NA,NA,2602,NA,NA,NA,NA,156833,NA,NA,NA,NA,8674,NA,NA,NA,NA,37003,NA,NA,NA,NA
M25 [Janani Shishu Suraksha Karyakram (JSSK)],'25.1.2',Number of Pregnant Women provided - Free Diet under JSSK,TOTAL,602001,NA,NA,NA,NA,77,NA,NA,NA,NA,23351,NA,NA,NA,NA,935,NA,NA,NA,NA,15893,NA,NA,NA,NA,26736,NA,NA,NA,NA,1413,NA,NA,NA,NA,21216,NA,NA,NA,NA,638,NA,NA,NA,NA,258,NA,NA,NA,NA,16646,NA,NA,NA,NA,910,NA,NA,NA,NA,32864,NA,NA,NA,NA,19584,NA,NA,NA,NA,1670,NA,NA,NA,NA,8163,NA,NA,NA,NA,33230,NA,NA,NA,NA,11250,NA,NA,NA,NA,4206,NA,NA,NA,NA,NA,NA,NA,NA,NA,NA,NA,NA,NA,NA,NA,NA,NA,NA,NA,63541,NA,NA,NA,NA,65663,NA,NA,NA,NA,1705,NA,NA,NA,NA,2860,NA,NA,NA,NA,413,NA,NA,NA,NA,683,NA,NA,NA,NA,39739,NA,NA,NA,NA,1001,NA,NA,NA,NA,11062,NA,NA,NA,NA,34805,NA,NA,NA,NA,61,NA,NA,NA,NA,42143,NA,NA,NA,NA,12198,NA,NA,NA,NA,2582,NA,NA,NA,NA,64268,NA,NA,NA,NA,5560,NA,NA,NA,NA,34677,NA,NA,NA,NA
M25 [Janani Shishu Suraksha Karyakram (JSSK)],'25.1.3',Number of Pregnant Women provided - Free Diagnostics under JSSK,TOTAL,1034287,NA,NA,NA,NA,191,NA,NA,NA,NA,23636,NA,NA,NA,NA,1411,NA,NA,NA,NA,48180,NA,NA,NA,NA,26413,NA,NA,NA,NA,NA,NA,NA,NA,NA,27441,NA,NA,NA,NA,702,NA,NA,NA,NA,263,NA,NA,NA,NA,20166,NA,NA,NA,NA,1712,NA,NA,NA,NA,67604,NA,NA,NA,NA,25537,NA,NA,NA,NA,12181,NA,NA,NA,NA,49568,NA,NA,NA,NA,36107,NA,NA,NA,NA,23525,NA,NA,NA,NA,14379,NA,NA,NA,NA,NA,NA,NA,NA,NA,NA,NA,NA,NA,NA,NA,NA,NA,NA,NA,76871,NA,NA,NA,NA,167052,NA,NA,NA,NA,4552,NA,NA,NA,NA,8226,NA,NA,NA,NA,429,NA,NA,NA,NA,619,NA,NA,NA,NA,38073,NA,NA,NA,NA,1001,NA,NA,NA,NA,42452,NA,NA,NA,NA,56811,NA,NA,NA,NA,61,NA,NA,NA,NA,42233,NA,NA,NA,NA,9852,NA,NA,NA,NA,2587,NA,NA,NA,NA,153046,NA,NA,NA,NA,14660,NA,NA,NA,NA,36746,NA,NA,NA,NA
M25 [Janani Shishu Suraksha Karyakram (JSSK)],'25.1.4',Number of Pregnant Women provided - Free Home to facility transport under JSSK,TOTAL,368828,NA,NA,NA,NA,41,NA,NA,NA,NA,16359,NA,NA,NA,NA,514,NA,NA,NA,NA,3488,NA,NA,NA,NA,13445,NA,NA,NA,NA,53,NA,NA,NA,NA,14752,NA,NA,NA,NA,610,NA,NA,NA,NA,195,NA,NA,NA,NA,11,NA,NA,NA,NA,187,NA,NA,NA,NA,22555,NA,NA,NA,NA,8997,NA,NA,NA,NA,331,NA,NA,NA,NA,913,NA,NA,NA,NA,16591,NA,NA,NA,NA,932,NA,NA,NA,NA,569,NA,NA,NA,NA,NA,NA,NA,NA,NA,NA,NA,NA,NA,NA,NA,NA,NA,NA,NA,41807,NA,NA,NA,NA,38366,NA,NA,NA,NA,821,NA,NA,NA,NA,1309,NA,NA,NA,NA,323,NA,NA,NA,NA,786,NA,NA,NA,NA,25903,NA,NA,NA,NA,0,NA,NA,NA,NA,4907,NA,NA,NA,NA,23927,NA,NA,NA,NA,37,NA,NA,NA,NA,17383,NA,NA,NA,NA,7859,NA,NA,NA,NA,1482,NA,NA,NA,NA,81667,NA,NA,NA,NA,1494,NA,NA,NA,NA,20214,NA,NA,NA,NA
M25 [Janani Shishu Suraksha Karyakram (JSSK)],'25.1.5',Number of Pregnant Women provided - Interfacility transfers when needed under JSSK,TOTAL,80190,NA,NA,NA,NA,61,NA,NA,NA,NA,514,NA,NA,NA,NA,100,NA,NA,NA,NA,1019,NA,NA,NA,NA,1431,NA,NA,NA,NA,255,NA,NA,NA,NA,1814,NA,NA,NA,NA,175,NA,NA,NA,NA,8,NA,NA,NA,NA,777,NA,NA,NA,NA,258,NA,NA,NA,NA,1819,NA,NA,NA,NA,3075,NA,NA,NA,NA,199,NA,NA,NA,NA,1763,NA,NA,NA,NA,1166,NA,NA,NA,NA,3582,NA,NA,NA,NA,380,NA,NA,NA,NA,NA,NA,NA,NA,NA,NA,NA,NA,NA,NA,NA,NA,NA,NA,NA,8755,NA,NA,NA,NA,15420,NA,NA,NA,NA,146,NA,NA,NA,NA,475,NA,NA,NA,NA,21,NA,NA,NA,NA,76,NA,NA,NA,NA,6271,NA,NA,NA,NA,0,NA,NA,NA,NA,1109,NA,NA,NA,NA,3032,NA,NA,NA,NA,61,NA,NA,NA,NA,7212,NA,NA,NA,NA,1632,NA,NA,NA,NA,794,NA,NA,NA,NA,6938,NA,NA,NA,NA,227,NA,NA,NA,NA,9625,NA,NA,NA,NA
M25 [Janani Shishu Suraksha Karyakram (JSSK)],'25.1.6',Number of Pregnant Women provided - Free Drop Back home under JSSK,TOTAL,364088,NA,NA,NA,NA,50,NA,NA,NA,NA,23053,NA,NA,NA,NA,415,NA,NA,NA,NA,13143,NA,NA,NA,NA,18302,NA,NA,NA,NA,6,NA,NA,NA,NA,15789,NA,NA,NA,NA,444,NA,NA,NA,NA,195,NA,NA,NA,NA,280,NA,NA,NA,NA,79,NA,NA,NA,NA,28461,NA,NA,NA,NA,6963,NA,NA,NA,NA,751,NA,NA,NA,NA,2048,NA,NA,NA,NA,11634,NA,NA,NA,NA,1877,NA,NA,NA,NA,1882,NA,NA,NA,NA,NA,NA,NA,NA,NA,NA,NA,NA,NA,NA,NA,NA,NA,NA,NA,33229,NA,NA,NA,NA,42713,NA,NA,NA,NA,793,NA,NA,NA,NA,1482,NA,NA,NA,NA,300,NA,NA,NA,NA,860,NA,NA,NA,NA,11821,NA,NA,NA,NA,225,NA,NA,NA,NA,4958,NA,NA,NA,NA,26119,NA,NA,NA,NA,32,NA,NA,NA,NA,20473,NA,NA,NA,NA,4899,NA,NA,NA,NA,1607,NA,NA,NA,NA,68307,NA,NA,NA,NA,1117,NA,NA,NA,NA,19781,NA,NA,NA,NA
M25 [Janani Shishu Suraksha Karyakram (JSSK)],'25.2.1',Number of sick infants provided - Free Medicines under JSSK,TOTAL,174174,NA,NA,NA,NA,35,NA,NA,NA,NA,1990,NA,NA,NA,NA,60,NA,NA,NA,NA,8290,NA,NA,NA,NA,1991,NA,NA,NA,NA,221,NA,NA,NA,NA,5746,NA,NA,NA,NA,439,NA,NA,NA,NA,0,NA,NA,NA,NA,2719,NA,NA,NA,NA,1712,NA,NA,NA,NA,18193,NA,NA,NA,NA,3316,NA,NA,NA,NA,5804,NA,NA,NA,NA,2886,NA,NA,NA,NA,8549,NA,NA,NA,NA,5755,NA,NA,NA,NA,1070,NA,NA,NA,NA,NA,NA,NA,NA,NA,NA,NA,NA,NA,NA,NA,NA,NA,NA,NA,16093,NA,NA,NA,NA,14625,NA,NA,NA,NA,183,NA,NA,NA,NA,835,NA,NA,NA,NA,62,NA,NA,NA,NA,66,NA,NA,NA,NA,9157,NA,NA,NA,NA,0,NA,NA,NA,NA,7283,NA,NA,NA,NA,26522,NA,NA,NA,NA,43,NA,NA,NA,NA,2655,NA,NA,NA,NA,344,NA,NA,NA,NA,390,NA,NA,NA,NA,18881,NA,NA,NA,NA,832,NA,NA,NA,NA,7427,NA,NA,NA,NA
M25 [Janani Shishu Suraksha Karyakram (JSSK)],'25.2.2',Number of sick infants provided - Free Diagnostics under JSSK,TOTAL,148346,NA,NA,NA,NA,35,NA,NA,NA,NA,2105,NA,NA,NA,NA,46,NA,NA,NA,NA,4265,NA,NA,NA,NA,2000,NA,NA,NA,NA,232,NA,NA,NA,NA,4289,NA,NA,NA,NA,30,NA,NA,NA,NA,0,NA,NA,NA,NA,1836,NA,NA,NA,NA,1712,NA,NA,NA,NA,9773,NA,NA,NA,NA,3092,NA,NA,NA,NA,1317,NA,NA,NA,NA,25551,NA,NA,NA,NA,6695,NA,NA,NA,NA,14328,NA,NA,NA,NA,1114,NA,NA,NA,NA,NA,NA,NA,NA,NA,NA,NA,NA,NA,NA,NA,NA,NA,NA,NA,12161,NA,NA,NA,NA,11941,NA,NA,NA,NA,112,NA,NA,NA,NA,434,NA,NA,NA,NA,7,NA,NA,NA,NA,57,NA,NA,NA,NA,6007,NA,NA,NA,NA,0,NA,NA,NA,NA,3516,NA,NA,NA,NA,11023,NA,NA,NA,NA,26,NA,NA,NA,NA,2640,NA,NA,NA,NA,239,NA,NA,NA,NA,317,NA,NA,NA,NA,12964,NA,NA,NA,NA,547,NA,NA,NA,NA,7935,NA,NA,NA,NA
M25 [Janani Shishu Suraksha Karyakram (JSSK)],'25.2.3',Number of sick infants provided - Free Home to facility transport under JSSK,TOTAL,38997,NA,NA,NA,NA,25,NA,NA,NA,NA,334,NA,NA,NA,NA,41,NA,NA,NA,NA,91,NA,NA,NA,NA,184,NA,NA,NA,NA,0,NA,NA,NA,NA,2300,NA,NA,NA,NA,39,NA,NA,NA,NA,0,NA,NA,NA,NA,3,NA,NA,NA,NA,3,NA,NA,NA,NA,5075,NA,NA,NA,NA,1264,NA,NA,NA,NA,67,NA,NA,NA,NA,11,NA,NA,NA,NA,1635,NA,NA,NA,NA,146,NA,NA,NA,NA,370,NA,NA,NA,NA,NA,NA,NA,NA,NA,NA,NA,NA,NA,NA,NA,NA,NA,NA,NA,5857,NA,NA,NA,NA,4773,NA,NA,NA,NA,61,NA,NA,NA,NA,93,NA,NA,NA,NA,31,NA,NA,NA,NA,102,NA,NA,NA,NA,2241,NA,NA,NA,NA,0,NA,NA,NA,NA,80,NA,NA,NA,NA,1545,NA,NA,NA,NA,4,NA,NA,NA,NA,1374,NA,NA,NA,NA,196,NA,NA,NA,NA,192,NA,NA,NA,NA,7893,NA,NA,NA,NA,86,NA,NA,NA,NA,2881,NA,NA,NA,NA
M25 [Janani Shishu Suraksha Karyakram (JSSK)],'25.2.4',Number of sick infants provided - Interfacility transfers when needed under JSSK,TOTAL,16713,NA,NA,NA,NA,26,NA,NA,NA,NA,174,NA,NA,NA,NA,12,NA,NA,NA,NA,273,NA,NA,NA,NA,185,NA,NA,NA,NA,68,NA,NA,NA,NA,326,NA,NA,NA,NA,3,NA,NA,NA,NA,0,NA,NA,NA,NA,82,NA,NA,NA,NA,81,NA,NA,NA,NA,497,NA,NA,NA,NA,722,NA,NA,NA,NA,33,NA,NA,NA,NA,431,NA,NA,NA,NA,338,NA,NA,NA,NA,579,NA,NA,NA,NA,35,NA,NA,NA,NA,NA,NA,NA,NA,NA,NA,NA,NA,NA,NA,NA,NA,NA,NA,NA,3075,NA,NA,NA,NA,2258,NA,NA,NA,NA,6,NA,NA,NA,NA,106,NA,NA,NA,NA,10,NA,NA,NA,NA,0,NA,NA,NA,NA,2070,NA,NA,NA,NA,0,NA,NA,NA,NA,241,NA,NA,NA,NA,1004,NA,NA,NA,NA,2,NA,NA,NA,NA,1263,NA,NA,NA,NA,56,NA,NA,NA,NA,206,NA,NA,NA,NA,1508,NA,NA,NA,NA,35,NA,NA,NA,NA,1008,NA,NA,NA,NA
M25 [Janani Shishu Suraksha Karyakram (JSSK)],'25.2.5',Number of sick infants provided - Free Drop Back home under JSSK,TOTAL,50291,NA,NA,NA,NA,25,NA,NA,NA,NA,365,NA,NA,NA,NA,44,NA,NA,NA,NA,2700,NA,NA,NA,NA,461,NA,NA,NA,NA,1,NA,NA,NA,NA,2332,NA,NA,NA,NA,38,NA,NA,NA,NA,0,NA,NA,NA,NA,65,NA,NA,NA,NA,83,NA,NA,NA,NA,8258,NA,NA,NA,NA,1846,NA,NA,NA,NA,126,NA,NA,NA,NA,407,NA,NA,NA,NA,886,NA,NA,NA,NA,192,NA,NA,NA,NA,371,NA,NA,NA,NA,NA,NA,NA,NA,NA,NA,NA,NA,NA,NA,NA,NA,NA,NA,NA,4360,NA,NA,NA,NA,6634,NA,NA,NA,NA,86,NA,NA,NA,NA,183,NA,NA,NA,NA,25,NA,NA,NA,NA,121,NA,NA,NA,NA,1056,NA,NA,NA,NA,0,NA,NA,NA,NA,208,NA,NA,NA,NA,2438,NA,NA,NA,NA,4,NA,NA,NA,NA,1028,NA,NA,NA,NA,197,NA,NA,NA,NA,205,NA,NA,NA,NA,11016,NA,NA,NA,NA,102,NA,NA,NA,NA,4428,NA,NA,NA,NA
